[
    1, 
    {
        "category": "Activities", 
        "items": [
            {
                "name": "Die", 
                "ontology": {
                    "desc": [
                        {
                            "feature": "DataType", 
                            "featureType": "rigidBody-shapeType", 
                            "name": "box"
                        }, 
                        {
                            "feature": "*RigidBodyMaterial", 
                            "featureType": "rigidBody-material", 
                            "value": [
                                {
                                    "builtIn": "plastic", 
                                    "overrides": {}
                                }
                            ]
                        }
                    ], 
                    "root": "RigidBody"
                }, 
                "styles": [
                    {
                        "UUID": "v1:09e88f89-28e6-493a-aa79-f36569de19f6", 
                        "name": "Realistic", 
                        "resource": "Die_09e88f89-28e6-493a-aa79-f36569de19f6_dice_realistic"
                    }, 
                    {
                        "UUID": "v1:09e88f89-28e6-493a-aa79-f36569de19f6", 
                        "name": "Stylized", 
                        "resource": "Die_09e88f89-28e6-493a-aa79-f36569de19f6_dice_stylized"
                    }, 
                    {
                        "UUID": "v1:09e88f89-28e6-493a-aa79-f36569de19f6", 
                        "name": "Iconic", 
                        "resource": "Die_09e88f89-28e6-493a-aa79-f36569de19f6_dice_iconic"
                    }
                ]
            }
        ], 
        "name": "Die", 
        "presets": [
            {
                "argumentChanges": {
                    "item": {
                        "typeName": "String", 
                        "value": "Die"
                    }, 
                    "style": {
                        "typeName": "String", 
                        "value": "Stylized"
                    }
                }, 
                "category": "Activities", 
                "description": "Six sided die", 
                "name": "Die", 
                "subcategory": "Games", 
                "thumbnail": "com_apple_rc_af_Die_700281df-bcf2-487c-bf56-aad9a524cdc3_Die"
            }
        ], 
        "resources": "com.apple.rc.af.Die.700281df-bcf2-487c-bf56-aad9a524cdc3"
    }
]