[
  1,
  {
    "blacklistedFactories" : [
      {
        "version" : "1.0",
        "identifier" : "com.apple.rc.af.PingPongBall.0dd06f06-6bb5-42f6-8caf-845fafa7a679"
      },
      {
        "version" : "1.0",
        "identifier" : "com.apple.rc.af.PingPongBall.eb008e2a-3156-4a91-bf59-29e43832a5d1"
      },
      {
        "version" : "1.0",
        "identifier" : "com.apple.rc.af.PingPongPaddle.0f32e8d6-351f-40ae-8a7e-afbd03c87103"
      },
      {
        "version" : "1.0",
        "identifier" : "com.apple.rc.af.PingPongPaddle.cfba1d5d-0e7a-42b3-aafd-82bd7a63a390"
      },
      {
        "version" : "1.0",
        "identifier" : "com.apple.rc.af.VHSCassette.5532d94c-8665-4bdb-aaf9-3da51404050b"
      }
    ],
    "manifest" : "eb2f0038-3d04-11ea-ae66-f01898eeeabe",
    "audioBlackList" : {
      "packs" : {
        "com.apple.rc.audio.transportation" : [
          {
            "ext" : "caf",
            "identifier" : "com.apple.rc.audio.transportation.large-ship-horn-02"
          }
        ]
      }
    },
    "versionStamp" : 1579733170,
    "blacklistedResources" : [
      "com.apple.rc.af.PingPongBall.0dd06f06-6bb5-42f6-8caf-845fafa7a679",
      "com.apple.rc.af.PingPongBall.eb008e2a-3156-4a91-bf59-29e43832a5d1",
      "com.apple.rc.af.PingPongPaddle.0f32e8d6-351f-40ae-8a7e-afbd03c87103",
      "com.apple.rc.af.PingPongPaddle.cfba1d5d-0e7a-42b3-aafd-82bd7a63a390",
      "com.apple.rc.af.VHSCassette.5532d94c-8665-4bdb-aaf9-3da51404050b"
    ]
  }
]