[
    1, 
    {
        "category": "Activities", 
        "items": [
            {
                "name": "Eight Ball", 
                "ontology": {
                    "desc": [
                        {
                            "feature": "DataType", 
                            "featureType": "rigidBody-shapeType", 
                            "name": "sphere"
                        }, 
                        {
                            "feature": "*RigidBodyMaterial", 
                            "featureType": "rigidBody-material", 
                            "value": [
                                {
                                    "builtIn": "plastic", 
                                    "overrides": {}
                                }
                            ]
                        }
                    ], 
                    "root": "RigidBody"
                }, 
                "styles": [
                    {
                        "UUID": "v1:6e74ee28-7fc7-495a-ab47-27680ee600e0", 
                        "name": "Realistic", 
                        "resource": "EightBall_6e74ee28-7fc7-495a-ab47-27680ee600e0_ball_pool_eight_realistic"
                    }, 
                    {
                        "UUID": "v1:6e74ee28-7fc7-495a-ab47-27680ee600e0", 
                        "name": "Stylized", 
                        "resource": "EightBall_6e74ee28-7fc7-495a-ab47-27680ee600e0_ball_pool_eight_stylized"
                    }, 
                    {
                        "UUID": "v1:6e74ee28-7fc7-495a-ab47-27680ee600e0", 
                        "name": "Iconic", 
                        "resource": "EightBall_6e74ee28-7fc7-495a-ab47-27680ee600e0_ball_pool_eight_iconic"
                    }
                ]
            }
        ], 
        "name": "EightBall", 
        "presets": [
            {
                "argumentChanges": {
                    "item": {
                        "typeName": "String", 
                        "value": "Eight Ball"
                    }, 
                    "style": {
                        "typeName": "String", 
                        "value": "Stylized"
                    }
                }, 
                "category": "Activities", 
                "description": "Billiards eight ball", 
                "name": "Eight Ball", 
                "subcategory": "Billiards", 
                "thumbnail": "com_apple_rc_af_EightBall_515512a2-77f4-47c8-9503-2c3d022a2d4e_Eight_Ball"
            }
        ], 
        "resourceSize": 2777603, 
        "resources": "com.apple.rc.af.EightBall.515512a2-77f4-47c8-9503-2c3d022a2d4e"
    }
]