[
    1, 
    {
        "category": "Food", 
        "items": [
            {
                "name": "Orange", 
                "ontology": {
                    "desc": [
                        {
                            "feature": "DataType", 
                            "featureType": "rigidBody-shapeType", 
                            "name": "sphere"
                        }, 
                        {
                            "feature": "*RigidBodyMaterial", 
                            "featureType": "rigidBody-material", 
                            "value": [
                                {
                                    "builtIn": "wood", 
                                    "overrides": {}
                                }
                            ]
                        }
                    ], 
                    "root": "RigidBody"
                }, 
                "styles": [
                    {
                        "UUID": "v1:10022afc-2379-4f7b-bb73-a45ce6da45a3", 
                        "name": "Realistic", 
                        "resource": "Orange_10022afc-2379-4f7b-bb73-a45ce6da45a3_orange_caracara_1_realistic"
                    }, 
                    {
                        "UUID": "v1:10022afc-2379-4f7b-bb73-a45ce6da45a3", 
                        "name": "Stylized", 
                        "resource": "Orange_10022afc-2379-4f7b-bb73-a45ce6da45a3_orange_caracara_1_stylized"
                    }, 
                    {
                        "UUID": "v1:10022afc-2379-4f7b-bb73-a45ce6da45a3", 
                        "name": "Iconic", 
                        "resource": "Orange_10022afc-2379-4f7b-bb73-a45ce6da45a3_orange_caracara_1_iconic"
                    }
                ]
            }
        ], 
        "name": "Orange", 
        "presets": [
            {
                "argumentChanges": {
                    "item": {
                        "typeName": "String", 
                        "value": "Orange"
                    }, 
                    "style": {
                        "typeName": "String", 
                        "value": "Stylized"
                    }
                }, 
                "category": "Food", 
                "description": "Orange", 
                "name": "Orange", 
                "subcategory": "Fruit", 
                "thumbnail": "com_apple_rc_af_Orange_21639a65-41f5-4020-809f-0d2485849a15_Orange"
            }
        ], 
        "resourceSize": 6539990, 
        "resources": "com.apple.rc.af.Orange.21639a65-41f5-4020-809f-0d2485849a15"
    }
]