[
    1, 
    {
        "category": "Food", 
        "items": [
            {
                "name": "Bagel", 
                "ontology": {
                    "desc": [
                        {
                            "feature": "*RigidBodyMaterial", 
                            "featureType": "rigidBody-material", 
                            "value": [
                                {
                                    "builtIn": "wood", 
                                    "overrides": {}
                                }
                            ]
                        }
                    ], 
                    "root": "RigidBody"
                }, 
                "styles": [
                    {
                        "UUID": "v1:fe7f917f-bd0a-458f-ae70-f1866290bcc6", 
                        "name": "Realistic", 
                        "resource": "Bagel_fe7f917f-bd0a-458f-ae70-f1866290bcc6_bagel_cheese_realistic"
                    }, 
                    {
                        "UUID": "v1:fe7f917f-bd0a-458f-ae70-f1866290bcc6", 
                        "name": "Stylized", 
                        "resource": "Bagel_fe7f917f-bd0a-458f-ae70-f1866290bcc6_bagel_cheese_stylized"
                    }, 
                    {
                        "UUID": "v1:fe7f917f-bd0a-458f-ae70-f1866290bcc6", 
                        "name": "Iconic", 
                        "resource": "Bagel_fe7f917f-bd0a-458f-ae70-f1866290bcc6_bagel_cheese_iconic"
                    }
                ]
            }
        ], 
        "name": "Bagel", 
        "presets": [
            {
                "argumentChanges": {
                    "item": {
                        "typeName": "String", 
                        "value": "Bagel"
                    }, 
                    "style": {
                        "typeName": "String", 
                        "value": "Stylized"
                    }
                }, 
                "category": "Food", 
                "description": "Everything bagel", 
                "name": "Bagel", 
                "subcategory": "Baked Goods", 
                "thumbnail": "com_apple_rc_af_Bagel_4c2ef421-fd5a-430c-b2ac-780efc2d23e5_Bagel"
            }
        ], 
        "resourceSize": 25844384, 
        "resources": "com.apple.rc.af.Bagel.4c2ef421-fd5a-430c-b2ac-780efc2d23e5"
    }
]