[
    1, 
    {
        "category": "Work", 
        "items": [
            {
                "name": "Notepad", 
                "ontology": {
                    "desc": [
                        {
                            "feature": "*RigidBodyMaterial", 
                            "featureType": "rigidBody-material", 
                            "value": [
                                {
                                    "builtIn": "wood", 
                                    "overrides": {}
                                }
                            ]
                        }
                    ], 
                    "root": "RigidBody"
                }, 
                "styles": [
                    {
                        "UUID": "v1:26e41d4e-b073-4cae-9ffe-bf55115291cb", 
                        "name": "Realistic", 
                        "resource": "Notepad_26e41d4e-b073-4cae-9ffe-bf55115291cb_notepad_square_realistic"
                    }, 
                    {
                        "UUID": "v1:26e41d4e-b073-4cae-9ffe-bf55115291cb", 
                        "name": "Stylized", 
                        "resource": "Notepad_26e41d4e-b073-4cae-9ffe-bf55115291cb_notepad_square_stylized"
                    }, 
                    {
                        "UUID": "v1:26e41d4e-b073-4cae-9ffe-bf55115291cb", 
                        "name": "Iconic", 
                        "resource": "Notepad_26e41d4e-b073-4cae-9ffe-bf55115291cb_notepad_square_iconic"
                    }
                ]
            }
        ], 
        "name": "Notepad", 
        "presets": [
            {
                "argumentChanges": {
                    "item": {
                        "typeName": "String", 
                        "value": "Notepad"
                    }, 
                    "style": {
                        "typeName": "String", 
                        "value": "Stylized"
                    }
                }, 
                "category": "Work", 
                "description": "Spiral bound notepad", 
                "name": "Notepad", 
                "subcategory": "Supplies", 
                "thumbnail": "com_apple_rc_af_Notepad_dcc9a6f5-091b-4ce8-8d13-2533477b4eec_Notepad"
            }
        ], 
        "resourceSize": 12421404, 
        "resources": "com.apple.rc.af.Notepad.dcc9a6f5-091b-4ce8-8d13-2533477b4eec"
    }
]