[
    1, 
    {
        "category": "Activities", 
        "items": [
            {
                "name": "Chess Bishop White", 
                "ontology": {
                    "desc": [
                        {
                            "feature": "*RigidBodyMaterial", 
                            "featureType": "rigidBody-material", 
                            "value": [
                                {
                                    "builtIn": "plastic", 
                                    "overrides": {}
                                }
                            ]
                        }
                    ], 
                    "root": "RigidBody"
                }, 
                "styles": [
                    {
                        "UUID": "v1:10053d76-6c17-4abc-87f0-75df230218cd", 
                        "name": "Realistic", 
                        "resource": "ChessBishopWhite_10053d76-6c17-4abc-87f0-75df230218cd_chess_bishop_white_realistic"
                    }, 
                    {
                        "UUID": "v1:10053d76-6c17-4abc-87f0-75df230218cd", 
                        "name": "Stylized", 
                        "resource": "ChessBishopWhite_10053d76-6c17-4abc-87f0-75df230218cd_chess_bishop_white_stylized"
                    }, 
                    {
                        "UUID": "v1:10053d76-6c17-4abc-87f0-75df230218cd", 
                        "name": "Iconic", 
                        "resource": "ChessBishopWhite_10053d76-6c17-4abc-87f0-75df230218cd_chess_bishop_white_iconic"
                    }
                ]
            }
        ], 
        "name": "ChessBishopWhite", 
        "presets": [
            {
                "argumentChanges": {
                    "item": {
                        "typeName": "String", 
                        "value": "Chess Bishop White"
                    }, 
                    "style": {
                        "typeName": "String", 
                        "value": "Stylized"
                    }
                }, 
                "category": "Activities", 
                "description": "White bishop chess piece", 
                "name": "Chess Bishop White", 
                "subcategory": "Chess", 
                "thumbnail": "com_apple_rc_af_ChessBishopWhite_fc39efd4-ae79-486c-a632-d4f223d254aa_Chess_Bishop_White"
            }
        ], 
        "resourceSize": 16892183, 
        "resources": "com.apple.rc.af.ChessBishopWhite.fc39efd4-ae79-486c-a632-d4f223d254aa"
    }
]