[
    1, 
    {
        "category": "Food", 
        "items": [
            {
                "name": "Plastic Party Cup", 
                "ontology": {
                    "desc": [
                        {
                            "feature": "*RigidBodyMaterial", 
                            "featureType": "rigidBody-material", 
                            "value": [
                                {
                                    "builtIn": "plastic", 
                                    "overrides": {}
                                }
                            ]
                        }
                    ], 
                    "root": "RigidBody"
                }, 
                "styles": [
                    {
                        "UUID": "v1:d34eef2c-c276-42d3-bbef-e54b55ea83f1", 
                        "name": "Realistic", 
                        "resource": "PlasticPartyCup_d34eef2c-c276-42d3-bbef-e54b55ea83f1_plastic_party_cup_realistic"
                    }, 
                    {
                        "UUID": "v1:d34eef2c-c276-42d3-bbef-e54b55ea83f1", 
                        "name": "Stylized", 
                        "resource": "PlasticPartyCup_d34eef2c-c276-42d3-bbef-e54b55ea83f1_plastic_party_cup_stylized"
                    }, 
                    {
                        "UUID": "v1:d34eef2c-c276-42d3-bbef-e54b55ea83f1", 
                        "name": "Iconic", 
                        "resource": "PlasticPartyCup_d34eef2c-c276-42d3-bbef-e54b55ea83f1_plastic_party_cup_iconic"
                    }
                ]
            }
        ], 
        "name": "PlasticPartyCup", 
        "presets": [
            {
                "argumentChanges": {
                    "item": {
                        "typeName": "String", 
                        "value": "Plastic Party Cup"
                    }, 
                    "style": {
                        "typeName": "String", 
                        "value": "Stylized"
                    }
                }, 
                "category": "Food", 
                "description": "Plastic party cup", 
                "name": "Plastic Party Cup", 
                "subcategory": "Drinks", 
                "thumbnail": "com_apple_rc_af_PlasticPartyCup_5569ae51-9d58-45f7-93d0-62efe84caf4c_Plastic_Party_Cup"
            }
        ], 
        "resourceSize": 11354153, 
        "resources": "com.apple.rc.af.PlasticPartyCup.5569ae51-9d58-45f7-93d0-62efe84caf4c"
    }
]