[
    1, 
    {
        "category": "Symbols", 
        "items": [
            {
                "name": "ATM Icon", 
                "ontology": {
                    "desc": [
                        {
                            "feature": "DataType", 
                            "featureType": "rigidBody-shapeType", 
                            "name": "box"
                        }, 
                        {
                            "feature": "*RigidBodyMaterial", 
                            "featureType": "rigidBody-material", 
                            "value": [
                                {
                                    "builtIn": "lead", 
                                    "overrides": {}
                                }
                            ]
                        }
                    ], 
                    "root": "RigidBody"
                }, 
                "styles": [
                    {
                        "UUID": "v1:750bc9ab-f916-4dda-9580-30c62020b1c9", 
                        "name": "Stylized", 
                        "resource": "ATMIcon_750bc9ab-f916-4dda-9580-30c62020b1c9_icon_atm_stylized"
                    }, 
                    {
                        "UUID": "v1:750bc9ab-f916-4dda-9580-30c62020b1c9", 
                        "name": "Iconic", 
                        "resource": "ATMIcon_750bc9ab-f916-4dda-9580-30c62020b1c9_icon_atm_iconic"
                    }
                ]
            }
        ], 
        "name": "ATMIcon", 
        "presets": [
            {
                "argumentChanges": {
                    "item": {
                        "typeName": "String", 
                        "value": "ATM Icon"
                    }, 
                    "style": {
                        "typeName": "String", 
                        "value": "Stylized"
                    }
                }, 
                "category": "Symbols", 
                "description": "ATM Icon", 
                "name": "ATM Icon", 
                "subcategory": "Finance", 
                "thumbnail": "com_apple_rc_af_ATMIcon_f30598ec-e6e8-4b93-87ce-8fb5be9758ba_ATM_Icon"
            }
        ], 
        "resourceSize": 46933888, 
        "resources": "com.apple.rc.af.ATMIcon.f30598ec-e6e8-4b93-87ce-8fb5be9758ba"
    }
]