[
    1, 
    {
        "category": "Activities", 
        "items": [
            {
                "name": "Basketball Hoop", 
                "ontology": {
                    "desc": [
                        {
                            "feature": "*RigidBodyMaterial", 
                            "featureType": "rigidBody-material", 
                            "value": [
                                {
                                    "builtIn": "plastic", 
                                    "overrides": {}
                                }
                            ]
                        }
                    ], 
                    "root": "RigidBody"
                }, 
                "styles": [
                    {
                        "UUID": "v1:f2e9a630-30f2-481c-aeb5-4cb9448727d9", 
                        "name": "Realistic", 
                        "resource": "BasketballHoop_f2e9a630-30f2-481c-aeb5-4cb9448727d9_hoop_basketball_realistic"
                    }, 
                    {
                        "UUID": "v1:f2e9a630-30f2-481c-aeb5-4cb9448727d9", 
                        "name": "Stylized", 
                        "resource": "BasketballHoop_f2e9a630-30f2-481c-aeb5-4cb9448727d9_hoop_basketball_stylized"
                    }, 
                    {
                        "UUID": "v1:f2e9a630-30f2-481c-aeb5-4cb9448727d9", 
                        "name": "Iconic", 
                        "resource": "BasketballHoop_f2e9a630-30f2-481c-aeb5-4cb9448727d9_hoop_basketball_iconic"
                    }
                ]
            }
        ], 
        "name": "BasketballHoop", 
        "presets": [
            {
                "argumentChanges": {
                    "item": {
                        "typeName": "String", 
                        "value": "Basketball Hoop"
                    }, 
                    "style": {
                        "typeName": "String", 
                        "value": "Stylized"
                    }
                }, 
                "category": "Activities", 
                "description": "Basketball hoop", 
                "name": "Basketball Hoop", 
                "subcategory": "Sports", 
                "thumbnail": "com_apple_rc_af_BasketballHoop_44c3b4e4-fa51-4f01-9d08-906e51cf0f81_Basketball_Hoop"
            }
        ], 
        "resourceSize": 7934944, 
        "resources": "com.apple.rc.af.BasketballHoop.44c3b4e4-fa51-4f01-9d08-906e51cf0f81"
    }
]