[
    1, 
    {
        "category": "Symbols", 
        "items": [
            {
                "name": "Silver Coin", 
                "ontology": {
                    "desc": [
                        {
                            "feature": "*RigidBodyMaterial", 
                            "featureType": "rigidBody-material", 
                            "value": [
                                {
                                    "builtIn": "lead", 
                                    "overrides": {}
                                }
                            ]
                        }
                    ], 
                    "root": "RigidBody"
                }, 
                "styles": [
                    {
                        "UUID": "v1:42cb7fad-0e1a-4d49-b022-461014cf85e8", 
                        "name": "Realistic", 
                        "resource": "SilverCoin_42cb7fad-0e1a-4d49-b022-461014cf85e8_silver_coin_realistic"
                    }, 
                    {
                        "UUID": "v1:42cb7fad-0e1a-4d49-b022-461014cf85e8", 
                        "name": "Stylized", 
                        "resource": "SilverCoin_42cb7fad-0e1a-4d49-b022-461014cf85e8_silver_coin_stylized"
                    }, 
                    {
                        "UUID": "v1:42cb7fad-0e1a-4d49-b022-461014cf85e8", 
                        "name": "Iconic", 
                        "resource": "SilverCoin_42cb7fad-0e1a-4d49-b022-461014cf85e8_silver_coin_iconic"
                    }
                ]
            }
        ], 
        "name": "SilverCoin", 
        "presets": [
            {
                "argumentChanges": {
                    "item": {
                        "typeName": "String", 
                        "value": "Silver Coin"
                    }, 
                    "style": {
                        "typeName": "String", 
                        "value": "Stylized"
                    }
                }, 
                "category": "Symbols", 
                "description": "Silver coin", 
                "name": "Silver Coin", 
                "subcategory": "Finance", 
                "thumbnail": "com_apple_rc_af_SilverCoin_b33598e1-e3b9-4cce-a4d0-c60ff9e15593_Silver_Coin"
            }
        ], 
        "resourceSize": 8664279, 
        "resources": "com.apple.rc.af.SilverCoin.b33598e1-e3b9-4cce-a4d0-c60ff9e15593"
    }
]