[
    1, 
    {
        "category": "Arts", 
        "items": [
            {
                "name": "Half Note", 
                "ontology": {
                    "desc": [
                        {
                            "feature": "*RigidBodyMaterial", 
                            "featureType": "rigidBody-material", 
                            "value": [
                                {
                                    "builtIn": "plastic", 
                                    "overrides": {}
                                }
                            ]
                        }
                    ], 
                    "root": "RigidBody"
                }, 
                "styles": [
                    {
                        "UUID": "v1:8f433b35-9781-495d-b6b7-12d09f95dc97", 
                        "name": "Stylized", 
                        "resource": "HalfNote_8f433b35-9781-495d-b6b7-12d09f95dc97_musical_note_half_stylized"
                    }, 
                    {
                        "UUID": "v1:8f433b35-9781-495d-b6b7-12d09f95dc97", 
                        "name": "Iconic", 
                        "resource": "HalfNote_8f433b35-9781-495d-b6b7-12d09f95dc97_musical_note_half_iconic"
                    }
                ]
            }
        ], 
        "name": "HalfNote", 
        "presets": [
            {
                "argumentChanges": {
                    "item": {
                        "typeName": "String", 
                        "value": "Half Note"
                    }, 
                    "style": {
                        "typeName": "String", 
                        "value": "Stylized"
                    }
                }, 
                "category": "Arts", 
                "description": "Half music note", 
                "name": "Half Note", 
                "subcategory": "Music", 
                "thumbnail": "com_apple_rc_af_HalfNote_a1ab8117-e323-4c9e-a10d-bc0326062929_Half_Note"
            }
        ], 
        "resourceSize": 830466, 
        "resources": "com.apple.rc.af.HalfNote.a1ab8117-e323-4c9e-a10d-bc0326062929"
    }
]