[
    1, 
    {
        "category": "Places", 
        "items": [
            {
                "name": "Restaurant Icon", 
                "ontology": {
                    "desc": [], 
                    "root": "RigidBody"
                }, 
                "styles": [
                    {
                        "UUID": "v1:481c16fb-4f28-4a3b-8e51-4396fb7f502f", 
                        "name": "Stylized", 
                        "resource": "RestaurantIcon_481c16fb-4f28-4a3b-8e51-4396fb7f502f_icon_restaurant_stylized"
                    }, 
                    {
                        "UUID": "v1:481c16fb-4f28-4a3b-8e51-4396fb7f502f", 
                        "name": "Iconic", 
                        "resource": "RestaurantIcon_481c16fb-4f28-4a3b-8e51-4396fb7f502f_icon_restaurant_iconic"
                    }
                ]
            }
        ], 
        "name": "RestaurantIcon", 
        "presets": [
            {
                "argumentChanges": {
                    "item": {
                        "typeName": "String", 
                        "value": "Restaurant Icon"
                    }, 
                    "style": {
                        "typeName": "String", 
                        "value": "Stylized"
                    }
                }, 
                "category": "Places", 
                "description": "Restaurant icon", 
                "name": "Restaurant Icon", 
                "subcategory": "Locations", 
                "thumbnail": "com_apple_rc_af_RestaurantIcon_f52bd65c-e237-423a-ae49-49f1867e1017_Restaurant_Icon"
            }
        ], 
        "resourceSize": 7722347, 
        "resources": "com.apple.rc.af.RestaurantIcon.f52bd65c-e237-423a-ae49-49f1867e1017"
    }
]