[
    1, 
    {
        "category": "Activities", 
        "items": [
            {
                "name": "Ribbon Marble", 
                "ontology": {
                    "desc": [
                        {
                            "feature": "DataType", 
                            "featureType": "rigidBody-shapeType", 
                            "name": "sphere"
                        }, 
                        {
                            "feature": "*RigidBodyMaterial", 
                            "featureType": "rigidBody-material", 
                            "value": [
                                {
                                    "builtIn": "plastic", 
                                    "overrides": {}
                                }
                            ]
                        }
                    ], 
                    "root": "RigidBody"
                }, 
                "styles": [
                    {
                        "UUID": "v1:19aadf6c-8db6-41d3-878e-deff6918ebb7", 
                        "name": "Realistic", 
                        "resource": "RibbonMarble_19aadf6c-8db6-41d3-878e-deff6918ebb7_marble_ribbon_01_realistic"
                    }, 
                    {
                        "UUID": "v1:19aadf6c-8db6-41d3-878e-deff6918ebb7", 
                        "name": "Stylized", 
                        "resource": "RibbonMarble_19aadf6c-8db6-41d3-878e-deff6918ebb7_marble_ribbon_01_stylized"
                    }, 
                    {
                        "UUID": "v1:19aadf6c-8db6-41d3-878e-deff6918ebb7", 
                        "name": "Iconic", 
                        "resource": "RibbonMarble_19aadf6c-8db6-41d3-878e-deff6918ebb7_marble_ribbon_01_iconic"
                    }
                ]
            }
        ], 
        "name": "RibbonMarble", 
        "presets": [
            {
                "argumentChanges": {
                    "item": {
                        "typeName": "String", 
                        "value": "Ribbon Marble"
                    }, 
                    "style": {
                        "typeName": "String", 
                        "value": "Realistic"
                    }
                }, 
                "category": "Activities", 
                "description": "Marble", 
                "name": "Ribbon Marble", 
                "subcategory": "Games", 
                "thumbnail": "com_apple_rc_af_RibbonMarble_1374e5ae-546d-47bc-9221-b5cc321914a0_Ribbon_Marble"
            }
        ], 
        "resourceSize": 6855867, 
        "resources": "com.apple.rc.af.RibbonMarble.1374e5ae-546d-47bc-9221-b5cc321914a0"
    }
]