[
    1, 
    {
        "category": "Food", 
        "items": [
            {
                "name": "Biscotti", 
                "ontology": {
                    "desc": [
                        {
                            "feature": "*RigidBodyMaterial", 
                            "featureType": "rigidBody-material", 
                            "value": [
                                {
                                    "builtIn": "wood", 
                                    "overrides": {}
                                }
                            ]
                        }
                    ], 
                    "root": "RigidBody"
                }, 
                "styles": [
                    {
                        "UUID": "v1:24400318-aa90-4397-91ed-0fd865dfd2e6", 
                        "name": "Realistic", 
                        "resource": "Biscotti_24400318-aa90-4397-91ed-0fd865dfd2e6_cookie_biscotti_chocolatecovered_1_realistic"
                    }, 
                    {
                        "UUID": "v1:24400318-aa90-4397-91ed-0fd865dfd2e6", 
                        "name": "Stylized", 
                        "resource": "Biscotti_24400318-aa90-4397-91ed-0fd865dfd2e6_cookie_biscotti_chocolatecovered_1_stylized"
                    }, 
                    {
                        "UUID": "v1:24400318-aa90-4397-91ed-0fd865dfd2e6", 
                        "name": "Iconic", 
                        "resource": "Biscotti_24400318-aa90-4397-91ed-0fd865dfd2e6_cookie_biscotti_chocolatecovered_1_iconic"
                    }
                ]
            }
        ], 
        "name": "Biscotti", 
        "presets": [
            {
                "argumentChanges": {
                    "item": {
                        "typeName": "String", 
                        "value": "Biscotti"
                    }, 
                    "style": {
                        "typeName": "String", 
                        "value": "Realistic"
                    }
                }, 
                "category": "Food", 
                "description": "Chocolate covered biscotti", 
                "name": "Biscotti", 
                "subcategory": "Scanned", 
                "thumbnail": "com_apple_rc_af_Biscotti_7b95c38d-0d4e-4c68-b99b-af47ee9d4b89_Biscotti"
            }
        ], 
        "resourceSize": 15573980, 
        "resources": "com.apple.rc.af.Biscotti.7b95c38d-0d4e-4c68-b99b-af47ee9d4b89"
    }
]