[
    1, 
    {
        "category": "Furnishings", 
        "items": [
            {
                "name": "Bench", 
                "ontology": {
                    "desc": [
                        {
                            "feature": "*RigidBodyMaterial", 
                            "featureType": "rigidBody-material", 
                            "value": [
                                {
                                    "builtIn": "wood", 
                                    "overrides": {}
                                }
                            ]
                        }
                    ], 
                    "root": "RigidBody"
                }, 
                "styles": [
                    {
                        "UUID": "v1:342e2b9d-5af4-4b34-bc9e-f51c9eeb7c77", 
                        "name": "Realistic", 
                        "resource": "Bench_342e2b9d-5af4-4b34-bc9e-f51c9eeb7c77_bench_realistic"
                    }, 
                    {
                        "UUID": "v1:342e2b9d-5af4-4b34-bc9e-f51c9eeb7c77", 
                        "name": "Stylized", 
                        "resource": "Bench_342e2b9d-5af4-4b34-bc9e-f51c9eeb7c77_bench_stylized"
                    }, 
                    {
                        "UUID": "v1:342e2b9d-5af4-4b34-bc9e-f51c9eeb7c77", 
                        "name": "Iconic", 
                        "resource": "Bench_342e2b9d-5af4-4b34-bc9e-f51c9eeb7c77_bench_iconic"
                    }
                ]
            }
        ], 
        "name": "Bench", 
        "presets": [
            {
                "argumentChanges": {
                    "item": {
                        "typeName": "String", 
                        "value": "Bench"
                    }, 
                    "style": {
                        "typeName": "String", 
                        "value": "Stylized"
                    }
                }, 
                "category": "Furnishings", 
                "description": "Tufted leather bench", 
                "name": "Bench", 
                "subcategory": "Furniture", 
                "thumbnail": "com_apple_rc_af_Bench_19f5d223-4720-4cba-a5ed-a396e09b3839_Bench"
            }
        ], 
        "resourceSize": 16289905, 
        "resources": "com.apple.rc.af.Bench.19f5d223-4720-4cba-a5ed-a396e09b3839"
    }
]