[
    1, 
    {
        "category": "Food", 
        "items": [
            {
                "name": "Iced Doughnut with Sprinkles", 
                "ontology": {
                    "desc": [
                        {
                            "feature": "*RigidBodyMaterial", 
                            "featureType": "rigidBody-material", 
                            "value": [
                                {
                                    "builtIn": "wood", 
                                    "overrides": {}
                                }
                            ]
                        }
                    ], 
                    "root": "RigidBody"
                }, 
                "styles": [
                    {
                        "UUID": "v1:d4e05652-9249-4f2a-aaa8-fe8857ac745b", 
                        "name": "Realistic", 
                        "resource": "IcedDoughnutSprinkles_d4e05652-9249-4f2a-aaa8-fe8857ac745b_donut_iced_sprinkles_1_realistic"
                    }
                ]
            }
        ], 
        "name": "IcedDoughnutSprinkles", 
        "presets": [
            {
                "argumentChanges": {
                    "item": {
                        "typeName": "String", 
                        "value": "Iced Doughnut with Sprinkles"
                    }, 
                    "style": {
                        "typeName": "String", 
                        "value": "Realistic"
                    }
                }, 
                "category": "Food", 
                "description": "Iced doughnut with sprinkles", 
                "name": "Iced Doughnut with Sprinkles", 
                "subcategory": "Scanned", 
                "thumbnail": "com_apple_rc_af_IcedDoughnutSprinkles_af5830de-fdb9-476c-a7b0-81e99103f431_Iced_Doughnut_with_Sprinkles"
            }
        ], 
        "resourceSize": 9226333, 
        "resources": "com.apple.rc.af.IcedDoughnutSprinkles.af5830de-fdb9-476c-a7b0-81e99103f431"
    }
]