[
    1, 
    {
        "category": "Arts", 
        "items": [
            {
                "name": "G clef", 
                "ontology": {
                    "desc": [
                        {
                            "feature": "*RigidBodyMaterial", 
                            "featureType": "rigidBody-material", 
                            "value": [
                                {
                                    "builtIn": "plastic", 
                                    "overrides": {}
                                }
                            ]
                        }
                    ], 
                    "root": "RigidBody"
                }, 
                "styles": [
                    {
                        "UUID": "v1:9036f58b-4e9f-4c8f-b97d-1c873885b395", 
                        "name": "Stylized", 
                        "resource": "GClef_9036f58b-4e9f-4c8f-b97d-1c873885b395_musical_note_g_clef_stylized"
                    }, 
                    {
                        "UUID": "v1:9036f58b-4e9f-4c8f-b97d-1c873885b395", 
                        "name": "Iconic", 
                        "resource": "GClef_9036f58b-4e9f-4c8f-b97d-1c873885b395_musical_note_g_clef_iconic"
                    }
                ]
            }
        ], 
        "name": "GClef", 
        "presets": [
            {
                "argumentChanges": {
                    "item": {
                        "typeName": "String", 
                        "value": "G clef"
                    }, 
                    "style": {
                        "typeName": "String", 
                        "value": "Stylized"
                    }
                }, 
                "category": "Arts", 
                "description": "G clef music symbol", 
                "name": "G clef", 
                "subcategory": "Music", 
                "thumbnail": "com_apple_rc_af_GClef_9853b96e-094a-4dfa-b729-fa72d22de838_G_clef"
            }
        ], 
        "resourceSize": 2599046, 
        "resources": "com.apple.rc.af.GClef.9853b96e-094a-4dfa-b729-fa72d22de838"
    }
]