[
    1, 
    {
        "category": "Activities", 
        "items": [
            {
                "name": "Twist Marble", 
                "ontology": {
                    "desc": [
                        {
                            "feature": "DataType", 
                            "featureType": "rigidBody-shapeType", 
                            "name": "sphere"
                        }, 
                        {
                            "feature": "*RigidBodyMaterial", 
                            "featureType": "rigidBody-material", 
                            "value": [
                                {
                                    "builtIn": "plastic", 
                                    "overrides": {}
                                }
                            ]
                        }
                    ], 
                    "root": "RigidBody"
                }, 
                "styles": [
                    {
                        "UUID": "v1:32e561af-d85f-4c5e-9be6-5fc2c5a90991", 
                        "name": "Realistic", 
                        "resource": "TwistMarble_32e561af-d85f-4c5e-9be6-5fc2c5a90991_marble_twist_01_realistic"
                    }, 
                    {
                        "UUID": "v1:32e561af-d85f-4c5e-9be6-5fc2c5a90991", 
                        "name": "Stylized", 
                        "resource": "TwistMarble_32e561af-d85f-4c5e-9be6-5fc2c5a90991_marble_twist_01_stylized"
                    }, 
                    {
                        "UUID": "v1:32e561af-d85f-4c5e-9be6-5fc2c5a90991", 
                        "name": "Iconic", 
                        "resource": "TwistMarble_32e561af-d85f-4c5e-9be6-5fc2c5a90991_marble_twist_01_iconic"
                    }
                ]
            }
        ], 
        "name": "TwistMarble", 
        "presets": [
            {
                "argumentChanges": {
                    "item": {
                        "typeName": "String", 
                        "value": "Twist Marble"
                    }, 
                    "style": {
                        "typeName": "String", 
                        "value": "Realistic"
                    }
                }, 
                "category": "Activities", 
                "description": "Marble", 
                "name": "Twist Marble", 
                "subcategory": "Games", 
                "thumbnail": "com_apple_rc_af_TwistMarble_c194b6b8-467b-401a-87b3-7ce23cd9a3aa_Twist_Marble"
            }
        ], 
        "resourceSize": 14067137, 
        "resources": "com.apple.rc.af.TwistMarble.c194b6b8-467b-401a-87b3-7ce23cd9a3aa"
    }
]