[
    1, 
    {
        "category": "Activities", 
        "items": [
            {
                "name": "Twelve Ball", 
                "ontology": {
                    "desc": [
                        {
                            "feature": "DataType", 
                            "featureType": "rigidBody-shapeType", 
                            "name": "sphere"
                        }, 
                        {
                            "feature": "*RigidBodyMaterial", 
                            "featureType": "rigidBody-material", 
                            "value": [
                                {
                                    "builtIn": "plastic", 
                                    "overrides": {}
                                }
                            ]
                        }
                    ], 
                    "root": "RigidBody"
                }, 
                "styles": [
                    {
                        "UUID": "v1:a6e74fed-a453-42fd-9294-ba568c2d1c36", 
                        "name": "Realistic", 
                        "resource": "TwelveBall_a6e74fed-a453-42fd-9294-ba568c2d1c36_ball_pool_twelve_realistic"
                    }, 
                    {
                        "UUID": "v1:a6e74fed-a453-42fd-9294-ba568c2d1c36", 
                        "name": "Stylized", 
                        "resource": "TwelveBall_a6e74fed-a453-42fd-9294-ba568c2d1c36_ball_pool_twelve_stylized"
                    }, 
                    {
                        "UUID": "v1:a6e74fed-a453-42fd-9294-ba568c2d1c36", 
                        "name": "Iconic", 
                        "resource": "TwelveBall_a6e74fed-a453-42fd-9294-ba568c2d1c36_ball_pool_twelve_iconic"
                    }
                ]
            }
        ], 
        "name": "TwelveBall", 
        "presets": [
            {
                "argumentChanges": {
                    "item": {
                        "typeName": "String", 
                        "value": "Twelve Ball"
                    }, 
                    "style": {
                        "typeName": "String", 
                        "value": "Stylized"
                    }
                }, 
                "category": "Activities", 
                "description": "Billiards twelve ball", 
                "name": "Twelve Ball", 
                "subcategory": "Billiards", 
                "thumbnail": "com_apple_rc_af_TwelveBall_ce5cddab-d320-4993-ac9f-0232eaccb681_Twelve_Ball"
            }
        ], 
        "resourceSize": 5030120, 
        "resources": "com.apple.rc.af.TwelveBall.ce5cddab-d320-4993-ac9f-0232eaccb681"
    }
]