[
    1, 
    {
        "category": "Work", 
        "items": [
            {
                "name": "Scissors", 
                "ontology": {
                    "desc": [
                        {
                            "feature": "*RigidBodyMaterial", 
                            "featureType": "rigidBody-material", 
                            "value": [
                                {
                                    "builtIn": "plastic", 
                                    "overrides": {}
                                }
                            ]
                        }
                    ], 
                    "root": "RigidBody"
                }, 
                "styles": [
                    {
                        "UUID": "v1:64b1e316-6602-49ba-b228-af55c1a32d24", 
                        "name": "Realistic", 
                        "resource": "Scissors_64b1e316-6602-49ba-b228-af55c1a32d24_scissors_realistic"
                    }, 
                    {
                        "UUID": "v1:64b1e316-6602-49ba-b228-af55c1a32d24", 
                        "name": "Stylized", 
                        "resource": "Scissors_64b1e316-6602-49ba-b228-af55c1a32d24_scissors_stylized"
                    }, 
                    {
                        "UUID": "v1:64b1e316-6602-49ba-b228-af55c1a32d24", 
                        "name": "Iconic", 
                        "resource": "Scissors_64b1e316-6602-49ba-b228-af55c1a32d24_scissors_iconic"
                    }
                ]
            }
        ], 
        "name": "Scissors", 
        "presets": [
            {
                "argumentChanges": {
                    "item": {
                        "typeName": "String", 
                        "value": "Scissors"
                    }, 
                    "style": {
                        "typeName": "String", 
                        "value": "Stylized"
                    }
                }, 
                "category": "Work", 
                "description": "Scissors", 
                "name": "Scissors", 
                "subcategory": "Supplies", 
                "thumbnail": "com_apple_rc_af_Scissors_c7169c98-8cb5-4d93-83d8-230791afac2e_Scissors"
            }
        ], 
        "resourceSize": 13433077, 
        "resources": "com.apple.rc.af.Scissors.c7169c98-8cb5-4d93-83d8-230791afac2e"
    }
]