[
    1, 
    {
        "category": "Work", 
        "items": [
            {
                "name": "Stapler", 
                "ontology": {
                    "desc": [
                        {
                            "feature": "*RigidBodyMaterial", 
                            "featureType": "rigidBody-material", 
                            "value": [
                                {
                                    "builtIn": "plastic", 
                                    "overrides": {}
                                }
                            ]
                        }
                    ], 
                    "root": "RigidBody"
                }, 
                "styles": [
                    {
                        "UUID": "v1:b36a91c5-84fe-4877-8557-1062bbe79216", 
                        "name": "Realistic", 
                        "resource": "Stapler_b36a91c5-84fe-4877-8557-1062bbe79216_stapler_realistic"
                    }, 
                    {
                        "UUID": "v1:b36a91c5-84fe-4877-8557-1062bbe79216", 
                        "name": "Stylized", 
                        "resource": "Stapler_b36a91c5-84fe-4877-8557-1062bbe79216_stapler_stylized"
                    }, 
                    {
                        "UUID": "v1:b36a91c5-84fe-4877-8557-1062bbe79216", 
                        "name": "Iconic", 
                        "resource": "Stapler_b36a91c5-84fe-4877-8557-1062bbe79216_stapler_iconic"
                    }
                ]
            }
        ], 
        "name": "Stapler", 
        "presets": [
            {
                "argumentChanges": {
                    "item": {
                        "typeName": "String", 
                        "value": "Stapler"
                    }, 
                    "style": {
                        "typeName": "String", 
                        "value": "Stylized"
                    }
                }, 
                "category": "Work", 
                "description": "Stapler", 
                "name": "Stapler", 
                "subcategory": "Supplies", 
                "thumbnail": "com_apple_rc_af_Stapler_1ff595a9-0519-46f4-a93b-3ccf2b13377b_Stapler"
            }
        ], 
        "resourceSize": 12557723, 
        "resources": "com.apple.rc.af.Stapler.1ff595a9-0519-46f4-a93b-3ccf2b13377b"
    }
]