[
    1, 
    {
        "category": "Activities", 
        "items": [
            {
                "name": "Chess Bishop", 
                "ontology": {
                    "desc": [
                        {
                            "feature": "*RigidBodyMaterial", 
                            "featureType": "rigidBody-material", 
                            "value": [
                                {
                                    "builtIn": "plastic", 
                                    "overrides": {}
                                }
                            ]
                        }
                    ], 
                    "root": "RigidBody"
                }, 
                "styles": [
                    {
                        "UUID": "v1:bbedde61-b5b0-439c-b026-471e02a73e85", 
                        "name": "Realistic", 
                        "resource": "ChessBishop_bbedde61-b5b0-439c-b026-471e02a73e85_chess_bishop_realistic"
                    }, 
                    {
                        "UUID": "v1:bbedde61-b5b0-439c-b026-471e02a73e85", 
                        "name": "Stylized", 
                        "resource": "ChessBishop_bbedde61-b5b0-439c-b026-471e02a73e85_chess_bishop_stylized"
                    }, 
                    {
                        "UUID": "v1:bbedde61-b5b0-439c-b026-471e02a73e85", 
                        "name": "Iconic", 
                        "resource": "ChessBishop_bbedde61-b5b0-439c-b026-471e02a73e85_chess_bishop_iconic"
                    }
                ]
            }
        ], 
        "name": "ChessBishop", 
        "presets": [
            {
                "argumentChanges": {
                    "item": {
                        "typeName": "String", 
                        "value": "Chess Bishop"
                    }, 
                    "style": {
                        "typeName": "String", 
                        "value": "Stylized"
                    }
                }, 
                "category": "Activities", 
                "description": "Black bishop chess piece", 
                "name": "Chess Bishop", 
                "subcategory": "Chess", 
                "thumbnail": "com_apple_rc_af_ChessBishop_3a3a4598-c0fd-401a-9f2b-7fba930a4ce8_Chess_Bishop"
            }
        ], 
        "resourceSize": 16045240, 
        "resources": "com.apple.rc.af.ChessBishop.3a3a4598-c0fd-401a-9f2b-7fba930a4ce8"
    }
]