[
    1, 
    {
        "category": "Food", 
        "items": [
            {
                "name": "Soda Can", 
                "ontology": {
                    "desc": [
                        {
                            "feature": "*RigidBodyMaterial", 
                            "featureType": "rigidBody-material", 
                            "value": [
                                {
                                    "builtIn": "plastic", 
                                    "overrides": {}
                                }
                            ]
                        }
                    ], 
                    "root": "RigidBody"
                }, 
                "styles": [
                    {
                        "UUID": "v1:6e124724-1bce-4a90-87b9-017d5bbb3714", 
                        "name": "Realistic", 
                        "resource": "SodaCan_6e124724-1bce-4a90-87b9-017d5bbb3714_can_of_soda_realistic"
                    }, 
                    {
                        "UUID": "v1:6e124724-1bce-4a90-87b9-017d5bbb3714", 
                        "name": "Stylized", 
                        "resource": "SodaCan_6e124724-1bce-4a90-87b9-017d5bbb3714_can_of_soda_stylized"
                    }, 
                    {
                        "UUID": "v1:6e124724-1bce-4a90-87b9-017d5bbb3714", 
                        "name": "Iconic", 
                        "resource": "SodaCan_6e124724-1bce-4a90-87b9-017d5bbb3714_can_of_soda_iconic"
                    }
                ]
            }
        ], 
        "name": "SodaCan", 
        "presets": [
            {
                "argumentChanges": {
                    "item": {
                        "typeName": "String", 
                        "value": "Soda Can"
                    }, 
                    "style": {
                        "typeName": "String", 
                        "value": "Stylized"
                    }
                }, 
                "category": "Food", 
                "description": "Soda can", 
                "name": "Soda Can", 
                "subcategory": "Drinks", 
                "thumbnail": "com_apple_rc_af_SodaCan_0c36b418-26ce-4dd7-9544-cb23a8560f3b_Soda_Can"
            }
        ], 
        "resourceSize": 9653912, 
        "resources": "com.apple.rc.af.SodaCan.0c36b418-26ce-4dd7-9544-cb23a8560f3b"
    }
]