[
    1, 
    {
        "category": "Activities", 
        "items": [
            {
                "name": "Chess Rook White", 
                "ontology": {
                    "desc": [
                        {
                            "feature": "*RigidBodyMaterial", 
                            "featureType": "rigidBody-material", 
                            "value": [
                                {
                                    "builtIn": "plastic", 
                                    "overrides": {}
                                }
                            ]
                        }
                    ], 
                    "root": "RigidBody"
                }, 
                "styles": [
                    {
                        "UUID": "v1:d90a1a0d-2526-44a2-be56-13102542197a", 
                        "name": "Realistic", 
                        "resource": "ChessRookWhite_d90a1a0d-2526-44a2-be56-13102542197a_chess_rook_white_realistic"
                    }, 
                    {
                        "UUID": "v1:d90a1a0d-2526-44a2-be56-13102542197a", 
                        "name": "Stylized", 
                        "resource": "ChessRookWhite_d90a1a0d-2526-44a2-be56-13102542197a_chess_rook_white_stylized"
                    }, 
                    {
                        "UUID": "v1:d90a1a0d-2526-44a2-be56-13102542197a", 
                        "name": "Iconic", 
                        "resource": "ChessRookWhite_d90a1a0d-2526-44a2-be56-13102542197a_chess_rook_white_iconic"
                    }
                ]
            }
        ], 
        "name": "ChessRookWhite", 
        "presets": [
            {
                "argumentChanges": {
                    "item": {
                        "typeName": "String", 
                        "value": "Chess Rook White"
                    }, 
                    "style": {
                        "typeName": "String", 
                        "value": "Stylized"
                    }
                }, 
                "category": "Activities", 
                "description": "White rook chess piece", 
                "name": "Chess Rook White", 
                "subcategory": "Chess", 
                "thumbnail": "com_apple_rc_af_ChessRookWhite_1d6828e7-7552-4266-a875-f253fa48114b_Chess_Rook_White"
            }
        ], 
        "resourceSize": 14763986, 
        "resources": "com.apple.rc.af.ChessRookWhite.1d6828e7-7552-4266-a875-f253fa48114b"
    }
]