[
    1, 
    {
        "category": "Food", 
        "items": [
            {
                "name": "Bread Boule", 
                "ontology": {
                    "desc": [
                        {
                            "feature": "DataType", 
                            "featureType": "rigidBody-shapeType", 
                            "name": "capsule"
                        }, 
                        {
                            "feature": "*RigidBodyMaterial", 
                            "featureType": "rigidBody-material", 
                            "value": [
                                {
                                    "builtIn": "wood", 
                                    "overrides": {}
                                }
                            ]
                        }
                    ], 
                    "root": "RigidBody"
                }, 
                "styles": [
                    {
                        "UUID": "v1:1125d628-a3dc-40eb-a114-1d1962fe06ec", 
                        "name": "Realistic", 
                        "resource": "BreadBoule_1125d628-a3dc-40eb-a114-1d1962fe06ec_bread_boule_sourdough_1_realistic"
                    }
                ]
            }
        ], 
        "name": "BreadBoule", 
        "presets": [
            {
                "argumentChanges": {
                    "item": {
                        "typeName": "String", 
                        "value": "Bread Boule"
                    }, 
                    "style": {
                        "typeName": "String", 
                        "value": "Realistic"
                    }
                }, 
                "category": "Food", 
                "description": "Sourdough boule", 
                "name": "Bread Boule", 
                "subcategory": "Scanned", 
                "thumbnail": "com_apple_rc_af_BreadBoule_021b7b36-8681-41d0-a183-053d67c5f48f_Bread_Boule"
            }
        ], 
        "resourceSize": 11499179, 
        "resources": "com.apple.rc.af.BreadBoule.021b7b36-8681-41d0-a183-053d67c5f48f"
    }
]