[
    1, 
    {
        "category": "Places", 
        "items": [
            {
                "name": "Police Station Icon", 
                "ontology": {
                    "desc": [], 
                    "root": "RigidBody"
                }, 
                "styles": [
                    {
                        "UUID": "v1:613ba7d3-07ce-4efe-8e68-4b05cba496fc", 
                        "name": "Stylized", 
                        "resource": "PoliceStationIcon_613ba7d3-07ce-4efe-8e68-4b05cba496fc_icon_police_station_stylized"
                    }, 
                    {
                        "UUID": "v1:613ba7d3-07ce-4efe-8e68-4b05cba496fc", 
                        "name": "Iconic", 
                        "resource": "PoliceStationIcon_613ba7d3-07ce-4efe-8e68-4b05cba496fc_icon_police_station_iconic"
                    }
                ]
            }
        ], 
        "name": "PoliceStationIcon", 
        "presets": [
            {
                "argumentChanges": {
                    "item": {
                        "typeName": "String", 
                        "value": "Police Station Icon"
                    }, 
                    "style": {
                        "typeName": "String", 
                        "value": "Stylized"
                    }
                }, 
                "category": "Places", 
                "description": "Police station icon", 
                "name": "Police Station Icon", 
                "subcategory": "Locations", 
                "thumbnail": "com_apple_rc_af_PoliceStationIcon_3b8ab4e8-f9cc-41c7-9949-33ef704a756b_Police_Station_Icon"
            }
        ], 
        "resourceSize": 5509978, 
        "resources": "com.apple.rc.af.PoliceStationIcon.3b8ab4e8-f9cc-41c7-9949-33ef704a756b"
    }
]