[
    1, 
    {
        "category": "Symbols", 
        "items": [
            {
                "name": "Key", 
                "ontology": {
                    "desc": [
                        {
                            "feature": "*RigidBodyMaterial", 
                            "featureType": "rigidBody-material", 
                            "value": [
                                {
                                    "builtIn": "lead", 
                                    "overrides": {}
                                }
                            ]
                        }
                    ], 
                    "root": "RigidBody"
                }, 
                "styles": [
                    {
                        "UUID": "v1:c442c4b9-fed0-4c93-9697-3cf2eacfb394", 
                        "name": "Realistic", 
                        "resource": "Key_c442c4b9-fed0-4c93-9697-3cf2eacfb394_key_realistic"
                    }, 
                    {
                        "UUID": "v1:c442c4b9-fed0-4c93-9697-3cf2eacfb394", 
                        "name": "Stylized", 
                        "resource": "Key_c442c4b9-fed0-4c93-9697-3cf2eacfb394_key_stylized"
                    }, 
                    {
                        "UUID": "v1:c442c4b9-fed0-4c93-9697-3cf2eacfb394", 
                        "name": "Iconic", 
                        "resource": "Key_c442c4b9-fed0-4c93-9697-3cf2eacfb394_key_iconic"
                    }
                ]
            }
        ], 
        "name": "Key", 
        "presets": [
            {
                "argumentChanges": {
                    "item": {
                        "typeName": "String", 
                        "value": "Key"
                    }, 
                    "style": {
                        "typeName": "String", 
                        "value": "Stylized"
                    }
                }, 
                "category": "Symbols", 
                "description": "Key", 
                "name": "Key", 
                "subcategory": "Security", 
                "thumbnail": "com_apple_rc_af_Key_2a19e51f-0a2f-49b3-aaae-4bbfc5572669_Key"
            }
        ], 
        "resourceSize": 25277739, 
        "resources": "com.apple.rc.af.Key.2a19e51f-0a2f-49b3-aaae-4bbfc5572669"
    }
]