[
    1, 
    {
        "category": "Activities", 
        "items": [
            {
                "name": "Metalwave Marble", 
                "ontology": {
                    "desc": [
                        {
                            "feature": "DataType", 
                            "featureType": "rigidBody-shapeType", 
                            "name": "sphere"
                        }, 
                        {
                            "feature": "*RigidBodyMaterial", 
                            "featureType": "rigidBody-material", 
                            "value": [
                                {
                                    "builtIn": "plastic", 
                                    "overrides": {}
                                }
                            ]
                        }
                    ], 
                    "root": "RigidBody"
                }, 
                "styles": [
                    {
                        "UUID": "v1:447f88f9-df9c-4305-8796-c9b07719cc3d", 
                        "name": "Realistic", 
                        "resource": "MetalwaveMarble_447f88f9-df9c-4305-8796-c9b07719cc3d_marble_metalwave_01_realistic"
                    }, 
                    {
                        "UUID": "v1:447f88f9-df9c-4305-8796-c9b07719cc3d", 
                        "name": "Stylized", 
                        "resource": "MetalwaveMarble_447f88f9-df9c-4305-8796-c9b07719cc3d_marble_metalwave_01_stylized"
                    }, 
                    {
                        "UUID": "v1:447f88f9-df9c-4305-8796-c9b07719cc3d", 
                        "name": "Iconic", 
                        "resource": "MetalwaveMarble_447f88f9-df9c-4305-8796-c9b07719cc3d_marble_metalwave_01_iconic"
                    }
                ]
            }
        ], 
        "name": "MetalwaveMarble", 
        "presets": [
            {
                "argumentChanges": {
                    "item": {
                        "typeName": "String", 
                        "value": "Metalwave Marble"
                    }, 
                    "style": {
                        "typeName": "String", 
                        "value": "Realistic"
                    }
                }, 
                "category": "Activities", 
                "description": "Marble", 
                "name": "Metalwave Marble", 
                "subcategory": "Games", 
                "thumbnail": "com_apple_rc_af_MetalwaveMarble_998b56ae-141e-4170-a0b1-a4948ffb47b7_Metalwave_Marble"
            }
        ], 
        "resourceSize": 5634339, 
        "resources": "com.apple.rc.af.MetalwaveMarble.998b56ae-141e-4170-a0b1-a4948ffb47b7"
    }
]