[
    1, 
    {
        "category": "Food", 
        "items": [
            {
                "name": "Lemon", 
                "ontology": {
                    "desc": [
                        {
                            "feature": "DataType", 
                            "featureType": "rigidBody-shapeType", 
                            "name": "capsule"
                        }, 
                        {
                            "feature": "*RigidBodyMaterial", 
                            "featureType": "rigidBody-material", 
                            "value": [
                                {
                                    "builtIn": "wood", 
                                    "overrides": {}
                                }
                            ]
                        }
                    ], 
                    "root": "RigidBody"
                }, 
                "styles": [
                    {
                        "UUID": "v1:5b2b1f5f-a9ea-4929-bf2d-d9ef8ceef4b5", 
                        "name": "Realistic", 
                        "resource": "Lemon_5b2b1f5f-a9ea-4929-bf2d-d9ef8ceef4b5_lemon_1_realistic"
                    }, 
                    {
                        "UUID": "v1:5b2b1f5f-a9ea-4929-bf2d-d9ef8ceef4b5", 
                        "name": "Stylized", 
                        "resource": "Lemon_5b2b1f5f-a9ea-4929-bf2d-d9ef8ceef4b5_lemon_1_stylized"
                    }, 
                    {
                        "UUID": "v1:5b2b1f5f-a9ea-4929-bf2d-d9ef8ceef4b5", 
                        "name": "Iconic", 
                        "resource": "Lemon_5b2b1f5f-a9ea-4929-bf2d-d9ef8ceef4b5_lemon_1_iconic"
                    }
                ]
            }
        ], 
        "name": "Lemon", 
        "presets": [
            {
                "argumentChanges": {
                    "item": {
                        "typeName": "String", 
                        "value": "Lemon"
                    }, 
                    "style": {
                        "typeName": "String", 
                        "value": "Stylized"
                    }
                }, 
                "category": "Food", 
                "description": "Lemon", 
                "name": "Lemon", 
                "subcategory": "Fruit", 
                "thumbnail": "com_apple_rc_af_Lemon_ec02aa69-dfb8-4556-8851-7a5f29cc4bd5_Lemon"
            }
        ], 
        "resourceSize": 8297950, 
        "resources": "com.apple.rc.af.Lemon.ec02aa69-dfb8-4556-8851-7a5f29cc4bd5"
    }
]