[
    1, 
    {
        "category": "Food", 
        "items": [
            {
                "name": "Paper Coffee Cup", 
                "ontology": {
                    "desc": [
                        {
                            "feature": "*RigidBodyMaterial", 
                            "featureType": "rigidBody-material", 
                            "value": [
                                {
                                    "builtIn": "wood", 
                                    "overrides": {}
                                }
                            ]
                        }
                    ], 
                    "root": "RigidBody"
                }, 
                "styles": [
                    {
                        "UUID": "v1:15399a44-1e6b-4265-8e84-15cca2de957f", 
                        "name": "Realistic", 
                        "resource": "PaperCoffeeCup_15399a44-1e6b-4265-8e84-15cca2de957f_coffee_cup_paper_realistic"
                    }, 
                    {
                        "UUID": "v1:15399a44-1e6b-4265-8e84-15cca2de957f", 
                        "name": "Stylized", 
                        "resource": "PaperCoffeeCup_15399a44-1e6b-4265-8e84-15cca2de957f_coffee_cup_paper_stylized"
                    }, 
                    {
                        "UUID": "v1:15399a44-1e6b-4265-8e84-15cca2de957f", 
                        "name": "Iconic", 
                        "resource": "PaperCoffeeCup_15399a44-1e6b-4265-8e84-15cca2de957f_coffee_cup_paper_iconic"
                    }
                ]
            }
        ], 
        "name": "PaperCoffeeCup", 
        "presets": [
            {
                "argumentChanges": {
                    "item": {
                        "typeName": "String", 
                        "value": "Paper Coffee Cup"
                    }, 
                    "style": {
                        "typeName": "String", 
                        "value": "Stylized"
                    }
                }, 
                "category": "Food", 
                "description": "Paper coffee cup", 
                "name": "Paper Coffee Cup", 
                "subcategory": "Drinks", 
                "thumbnail": "com_apple_rc_af_PaperCoffeeCup_246414c9-d5fe-4beb-bb7d-bec399bf2c8b_Paper_Coffee_Cup"
            }
        ], 
        "resourceSize": 18200237, 
        "resources": "com.apple.rc.af.PaperCoffeeCup.246414c9-d5fe-4beb-bb7d-bec399bf2c8b"
    }
]