[
    1, 
    {
        "category": "Work", 
        "items": [
            {
                "name": "Folder", 
                "ontology": {
                    "desc": [
                        {
                            "feature": "*RigidBodyMaterial", 
                            "featureType": "rigidBody-material", 
                            "value": [
                                {
                                    "builtIn": "wood", 
                                    "overrides": {}
                                }
                            ]
                        }
                    ], 
                    "root": "RigidBody"
                }, 
                "styles": [
                    {
                        "UUID": "v1:e1f78b92-ce6d-4e01-889c-0fe973491bdf", 
                        "name": "Realistic", 
                        "resource": "Folder_e1f78b92-ce6d-4e01-889c-0fe973491bdf_documents_folder_realistic"
                    }, 
                    {
                        "UUID": "v1:e1f78b92-ce6d-4e01-889c-0fe973491bdf", 
                        "name": "Stylized", 
                        "resource": "Folder_e1f78b92-ce6d-4e01-889c-0fe973491bdf_documents_folder_stylized"
                    }, 
                    {
                        "UUID": "v1:e1f78b92-ce6d-4e01-889c-0fe973491bdf", 
                        "name": "Iconic", 
                        "resource": "Folder_e1f78b92-ce6d-4e01-889c-0fe973491bdf_documents_folder_iconic"
                    }
                ]
            }
        ], 
        "name": "Folder", 
        "presets": [
            {
                "argumentChanges": {
                    "item": {
                        "typeName": "String", 
                        "value": "Folder"
                    }, 
                    "style": {
                        "typeName": "String", 
                        "value": "Stylized"
                    }
                }, 
                "category": "Work", 
                "description": "Tabbed file folder", 
                "name": "Folder", 
                "subcategory": "Supplies", 
                "thumbnail": "com_apple_rc_af_Folder_9ab5a89c-f1bf-4edd-9379-051510aef385_Folder"
            }
        ], 
        "resourceSize": 17531312, 
        "resources": "com.apple.rc.af.Folder.9ab5a89c-f1bf-4edd-9379-051510aef385"
    }
]