[
    1, 
    {
        "category": "Food", 
        "items": [
            {
                "name": "Parsnip", 
                "ontology": {
                    "desc": [
                        {
                            "feature": "DataType", 
                            "featureType": "rigidBody-shapeType", 
                            "name": "capsule"
                        }, 
                        {
                            "feature": "*RigidBodyMaterial", 
                            "featureType": "rigidBody-material", 
                            "value": [
                                {
                                    "builtIn": "wood", 
                                    "overrides": {}
                                }
                            ]
                        }
                    ], 
                    "root": "RigidBody"
                }, 
                "styles": [
                    {
                        "UUID": "v1:4f828ad4-a95c-4f24-bb75-79eb1233d628", 
                        "name": "Realistic", 
                        "resource": "Parsnip_4f828ad4-a95c-4f24-bb75-79eb1233d628_parsnip_1_realistic"
                    }
                ]
            }
        ], 
        "name": "Parsnip", 
        "presets": [
            {
                "argumentChanges": {
                    "item": {
                        "typeName": "String", 
                        "value": "Parsnip"
                    }, 
                    "style": {
                        "typeName": "String", 
                        "value": "Realistic"
                    }
                }, 
                "category": "Food", 
                "description": "Parsnip root", 
                "name": "Parsnip", 
                "subcategory": "Scanned", 
                "thumbnail": "com_apple_rc_af_Parsnip_2e6715e0-de6c-4512-a749-5ffe5f6ed248_Parsnip"
            }
        ], 
        "resourceSize": 7684686, 
        "resources": "com.apple.rc.af.Parsnip.2e6715e0-de6c-4512-a749-5ffe5f6ed248"
    }
]