[
    1, 
    {
        "category": "Activities", 
        "items": [
            {
                "name": "Party Hat", 
                "ontology": {
                    "desc": [
                        {
                            "feature": "*RigidBodyMaterial", 
                            "featureType": "rigidBody-material", 
                            "value": [
                                {
                                    "builtIn": "plastic", 
                                    "overrides": {}
                                }
                            ]
                        }
                    ], 
                    "root": "RigidBody"
                }, 
                "styles": [
                    {
                        "UUID": "v1:2413ed21-3a1a-4c8b-8182-57a3b7a8957a", 
                        "name": "Realistic", 
                        "resource": "PartyHat_2413ed21-3a1a-4c8b-8182-57a3b7a8957a_hat_party_realistic"
                    }, 
                    {
                        "UUID": "v1:2413ed21-3a1a-4c8b-8182-57a3b7a8957a", 
                        "name": "Stylized", 
                        "resource": "PartyHat_2413ed21-3a1a-4c8b-8182-57a3b7a8957a_hat_party_stylized"
                    }, 
                    {
                        "UUID": "v1:2413ed21-3a1a-4c8b-8182-57a3b7a8957a", 
                        "name": "Iconic", 
                        "resource": "PartyHat_2413ed21-3a1a-4c8b-8182-57a3b7a8957a_hat_party_iconic"
                    }
                ]
            }
        ], 
        "name": "PartyHat", 
        "presets": [
            {
                "argumentChanges": {
                    "item": {
                        "typeName": "String", 
                        "value": "Party Hat"
                    }, 
                    "style": {
                        "typeName": "String", 
                        "value": "Stylized"
                    }
                }, 
                "category": "Activities", 
                "description": "Cylindrical party hat", 
                "name": "Party Hat", 
                "subcategory": "Events", 
                "thumbnail": "com_apple_rc_af_PartyHat_13f34758-62c5-4715-a898-616b25be2c53_Party_Hat"
            }
        ], 
        "resourceSize": 67987923, 
        "resources": "com.apple.rc.af.PartyHat.13f34758-62c5-4715-a898-616b25be2c53"
    }
]