[
    1, 
    {
        "category": "Nature", 
        "items": [
            {
                "name": "Pebble 3", 
                "ontology": {
                    "desc": [
                        {
                            "feature": "*RigidBodyMaterial", 
                            "featureType": "rigidBody-material", 
                            "value": [
                                {
                                    "builtIn": "concrete", 
                                    "overrides": {}
                                }
                            ]
                        }
                    ], 
                    "root": "RigidBody"
                }, 
                "styles": [
                    {
                        "UUID": "v1:e9f132f7-5db9-4b74-852e-939d35b25b91", 
                        "name": "Realistic", 
                        "resource": "Pebble3_e9f132f7-5db9-4b74-852e-939d35b25b91_rock_pebble_smooth_3_realistic"
                    }
                ]
            }
        ], 
        "name": "Pebble3", 
        "presets": [
            {
                "argumentChanges": {
                    "item": {
                        "typeName": "String", 
                        "value": "Pebble 3"
                    }, 
                    "style": {
                        "typeName": "String", 
                        "value": "Realistic"
                    }
                }, 
                "category": "Nature", 
                "description": "Smooth rounded rock", 
                "name": "Pebble 3", 
                "subcategory": "Scanned", 
                "thumbnail": "com_apple_rc_af_Pebble3_cd589c19-b507-4f93-92d5-2cadcf4a08e6_Pebble_3"
            }
        ], 
        "resourceSize": 10150266, 
        "resources": "com.apple.rc.af.Pebble3.cd589c19-b507-4f93-92d5-2cadcf4a08e6"
    }
]