[
    1, 
    {
        "category": "Symbols", 
        "items": [
            {
                "name": "Bell", 
                "ontology": {
                    "desc": [
                        {
                            "feature": "*RigidBodyMaterial", 
                            "featureType": "rigidBody-material", 
                            "value": [
                                {
                                    "builtIn": "wood", 
                                    "overrides": {}
                                }
                            ]
                        }
                    ], 
                    "root": "RigidBody"
                }, 
                "styles": [
                    {
                        "UUID": "v1:41e7cb1a-e2d0-41c3-8f09-afba85c9be82", 
                        "name": "Realistic", 
                        "resource": "Bell_41e7cb1a-e2d0-41c3-8f09-afba85c9be82_bell_realistic"
                    }, 
                    {
                        "UUID": "v1:41e7cb1a-e2d0-41c3-8f09-afba85c9be82", 
                        "name": "Stylized", 
                        "resource": "Bell_41e7cb1a-e2d0-41c3-8f09-afba85c9be82_bell_stylized"
                    }, 
                    {
                        "UUID": "v1:41e7cb1a-e2d0-41c3-8f09-afba85c9be82", 
                        "name": "Iconic", 
                        "resource": "Bell_41e7cb1a-e2d0-41c3-8f09-afba85c9be82_bell_iconic"
                    }
                ]
            }
        ], 
        "name": "Bell", 
        "presets": [
            {
                "argumentChanges": {
                    "item": {
                        "typeName": "String", 
                        "value": "Bell"
                    }, 
                    "style": {
                        "typeName": "String", 
                        "value": "Stylized"
                    }
                }, 
                "category": "Symbols", 
                "description": "Handbell", 
                "name": "Bell", 
                "subcategory": "Communication", 
                "thumbnail": "com_apple_rc_af_Bell_a462afe1-e2ba-4db6-800b-3819163d0d93_Bell"
            }
        ], 
        "resourceSize": 16182782, 
        "resources": "com.apple.rc.af.Bell.a462afe1-e2ba-4db6-800b-3819163d0d93"
    }
]