[
    1, 
    {
        "category": "Activities", 
        "items": [
            {
                "name": "Soccer Goal", 
                "ontology": {
                    "desc": [
                        {
                            "feature": "*RigidBodyMaterial", 
                            "featureType": "rigidBody-material", 
                            "value": [
                                {
                                    "builtIn": "lead", 
                                    "overrides": {}
                                }
                            ]
                        }
                    ], 
                    "root": "RigidBody"
                }, 
                "styles": [
                    {
                        "UUID": "v1:080f61b7-5587-4b16-bf5a-40c738e62ea6", 
                        "name": "Realistic", 
                        "resource": "SoccerGoal_080f61b7-5587-4b16-bf5a-40c738e62ea6_goal_soccer_realistic"
                    }, 
                    {
                        "UUID": "v1:080f61b7-5587-4b16-bf5a-40c738e62ea6", 
                        "name": "Stylized", 
                        "resource": "SoccerGoal_080f61b7-5587-4b16-bf5a-40c738e62ea6_goal_soccer_stylized"
                    }, 
                    {
                        "UUID": "v1:080f61b7-5587-4b16-bf5a-40c738e62ea6", 
                        "name": "Iconic", 
                        "resource": "SoccerGoal_080f61b7-5587-4b16-bf5a-40c738e62ea6_goal_soccer_iconic"
                    }
                ]
            }
        ], 
        "name": "SoccerGoal", 
        "presets": [
            {
                "argumentChanges": {
                    "item": {
                        "typeName": "String", 
                        "value": "Soccer Goal"
                    }, 
                    "style": {
                        "typeName": "String", 
                        "value": "Stylized"
                    }
                }, 
                "category": "Activities", 
                "description": "Soccer goal", 
                "name": "Soccer Goal", 
                "subcategory": "Sports", 
                "thumbnail": "com_apple_rc_af_SoccerGoal_9d0a99bb-ff64-4540-94de-183dc0494091_Soccer_Goal"
            }
        ], 
        "resourceSize": 26818630, 
        "resources": "com.apple.rc.af.SoccerGoal.9d0a99bb-ff64-4540-94de-183dc0494091"
    }
]