[
    1, 
    {
        "category": "Food", 
        "items": [
            {
                "name": "Turnip", 
                "ontology": {
                    "desc": [
                        {
                            "feature": "DataType", 
                            "featureType": "rigidBody-shapeType", 
                            "name": "sphere"
                        }, 
                        {
                            "feature": "*RigidBodyMaterial", 
                            "featureType": "rigidBody-material", 
                            "value": [
                                {
                                    "builtIn": "wood", 
                                    "overrides": {}
                                }
                            ]
                        }
                    ], 
                    "root": "RigidBody"
                }, 
                "styles": [
                    {
                        "UUID": "v1:962c42c8-fb30-41ba-a9f5-824517c7fa38", 
                        "name": "Realistic", 
                        "resource": "Turnip_962c42c8-fb30-41ba-a9f5-824517c7fa38_turnip_1_realistic"
                    }
                ]
            }
        ], 
        "name": "Turnip", 
        "presets": [
            {
                "argumentChanges": {
                    "item": {
                        "typeName": "String", 
                        "value": "Turnip"
                    }, 
                    "style": {
                        "typeName": "String", 
                        "value": "Realistic"
                    }
                }, 
                "category": "Food", 
                "description": "Turnip root", 
                "name": "Turnip", 
                "subcategory": "Scanned", 
                "thumbnail": "com_apple_rc_af_Turnip_46d18eda-ac9a-4b8d-8deb-e9f9ffc9f510_Turnip"
            }
        ], 
        "resourceSize": 9855863, 
        "resources": "com.apple.rc.af.Turnip.46d18eda-ac9a-4b8d-8deb-e9f9ffc9f510"
    }
]