[
    1, 
    {
        "category": "Activities", 
        "items": [
            {
                "name": "Ribbon Marble 2", 
                "ontology": {
                    "desc": [
                        {
                            "feature": "DataType", 
                            "featureType": "rigidBody-shapeType", 
                            "name": "sphere"
                        }, 
                        {
                            "feature": "*RigidBodyMaterial", 
                            "featureType": "rigidBody-material", 
                            "value": [
                                {
                                    "builtIn": "plastic", 
                                    "overrides": {}
                                }
                            ]
                        }
                    ], 
                    "root": "RigidBody"
                }, 
                "styles": [
                    {
                        "UUID": "v1:370eadd0-a274-45db-b306-45096ad2a381", 
                        "name": "Realistic", 
                        "resource": "RibbonMarble2_370eadd0-a274-45db-b306-45096ad2a381_marble_ribbon_02_realistic"
                    }, 
                    {
                        "UUID": "v1:370eadd0-a274-45db-b306-45096ad2a381", 
                        "name": "Stylized", 
                        "resource": "RibbonMarble2_370eadd0-a274-45db-b306-45096ad2a381_marble_ribbon_02_stylized"
                    }, 
                    {
                        "UUID": "v1:370eadd0-a274-45db-b306-45096ad2a381", 
                        "name": "Iconic", 
                        "resource": "RibbonMarble2_370eadd0-a274-45db-b306-45096ad2a381_marble_ribbon_02_iconic"
                    }
                ]
            }
        ], 
        "name": "RibbonMarble2", 
        "presets": [
            {
                "argumentChanges": {
                    "item": {
                        "typeName": "String", 
                        "value": "Ribbon Marble 2"
                    }, 
                    "style": {
                        "typeName": "String", 
                        "value": "Realistic"
                    }
                }, 
                "category": "Activities", 
                "description": "Marble", 
                "name": "Ribbon Marble 2", 
                "subcategory": "Games", 
                "thumbnail": "com_apple_rc_af_RibbonMarble2_349bce3d-c470-4d91-9894-fcc96f17fbdd_Ribbon_Marble_2"
            }
        ], 
        "resourceSize": 6746222, 
        "resources": "com.apple.rc.af.RibbonMarble2.349bce3d-c470-4d91-9894-fcc96f17fbdd"
    }
]