[
    1, 
    {
        "category": "Arts", 
        "items": [
            {
                "name": "Drum Kit", 
                "ontology": {
                    "desc": [
                        {
                            "feature": "*RigidBodyMaterial", 
                            "featureType": "rigidBody-material", 
                            "value": [
                                {
                                    "builtIn": "wood", 
                                    "overrides": {}
                                }
                            ]
                        }
                    ], 
                    "root": "RigidBody"
                }, 
                "styles": [
                    {
                        "UUID": "v1:e18d2957-3c7c-4a77-a679-733348dc1a3c", 
                        "name": "Realistic", 
                        "resource": "DrumKit_e18d2957-3c7c-4a77-a679-733348dc1a3c_musical_instrument_drum_realistic"
                    }, 
                    {
                        "UUID": "v1:e18d2957-3c7c-4a77-a679-733348dc1a3c", 
                        "name": "Stylized", 
                        "resource": "DrumKit_e18d2957-3c7c-4a77-a679-733348dc1a3c_musical_instrument_drum_stylized"
                    }, 
                    {
                        "UUID": "v1:e18d2957-3c7c-4a77-a679-733348dc1a3c", 
                        "name": "Iconic", 
                        "resource": "DrumKit_e18d2957-3c7c-4a77-a679-733348dc1a3c_musical_instrument_drum_iconic"
                    }
                ]
            }
        ], 
        "name": "DrumKit", 
        "presets": [
            {
                "argumentChanges": {
                    "item": {
                        "typeName": "String", 
                        "value": "Drum Kit"
                    }, 
                    "style": {
                        "typeName": "String", 
                        "value": "Stylized"
                    }
                }, 
                "category": "Arts", 
                "description": "Snare drum", 
                "name": "Drum Kit", 
                "subcategory": "Music", 
                "thumbnail": "com_apple_rc_af_DrumKit_34073786-6811-4fe2-ad62-923f6d7c7012_Drum_Kit"
            }
        ], 
        "resourceSize": 71176548, 
        "resources": "com.apple.rc.af.DrumKit.34073786-6811-4fe2-ad62-923f6d7c7012"
    }
]