[
    1, 
    {
        "category": "Food", 
        "items": [
            {
                "name": "Frying Pan Ceramic", 
                "ontology": {
                    "desc": [
                        {
                            "feature": "*RigidBodyMaterial", 
                            "featureType": "rigidBody-material", 
                            "value": [
                                {
                                    "builtIn": "lead", 
                                    "overrides": {}
                                }
                            ]
                        }
                    ], 
                    "root": "RigidBody"
                }, 
                "styles": [
                    {
                        "UUID": "v1:58b85566-9499-491d-8dfd-b8c86e981831", 
                        "name": "Realistic", 
                        "resource": "FryingPanCeramic_58b85566-9499-491d-8dfd-b8c86e981831_pan_frying_ceramic_realistic"
                    }, 
                    {
                        "UUID": "v1:58b85566-9499-491d-8dfd-b8c86e981831", 
                        "name": "Stylized", 
                        "resource": "FryingPanCeramic_58b85566-9499-491d-8dfd-b8c86e981831_pan_frying_ceramic_stylized"
                    }, 
                    {
                        "UUID": "v1:58b85566-9499-491d-8dfd-b8c86e981831", 
                        "name": "Iconic", 
                        "resource": "FryingPanCeramic_58b85566-9499-491d-8dfd-b8c86e981831_pan_frying_ceramic_iconic"
                    }
                ]
            }
        ], 
        "name": "FryingPanCeramic", 
        "presets": [
            {
                "argumentChanges": {
                    "item": {
                        "typeName": "String", 
                        "value": "Frying Pan Ceramic"
                    }, 
                    "style": {
                        "typeName": "String", 
                        "value": "Stylized"
                    }
                }, 
                "category": "Food", 
                "description": "Ceramic frying pan", 
                "name": "Frying Pan Ceramic", 
                "subcategory": "Cookware", 
                "thumbnail": "com_apple_rc_af_FryingPanCeramic_17b364ab-b904-4c83-90fc-716071ecb1a4_Frying_Pan_Ceramic"
            }
        ], 
        "resourceSize": 12942813, 
        "resources": "com.apple.rc.af.FryingPanCeramic.17b364ab-b904-4c83-90fc-716071ecb1a4"
    }
]