[
    1, 
    {
        "category": "Activities", 
        "items": [
            {
                "name": "Chess King White", 
                "ontology": {
                    "desc": [
                        {
                            "feature": "*RigidBodyMaterial", 
                            "featureType": "rigidBody-material", 
                            "value": [
                                {
                                    "builtIn": "plastic", 
                                    "overrides": {}
                                }
                            ]
                        }
                    ], 
                    "root": "RigidBody"
                }, 
                "styles": [
                    {
                        "UUID": "v1:00ded34e-8c32-4ac5-968c-81cacd5cfcc3", 
                        "name": "Realistic", 
                        "resource": "ChessKingWhite_00ded34e-8c32-4ac5-968c-81cacd5cfcc3_chess_king_white_realistic"
                    }, 
                    {
                        "UUID": "v1:00ded34e-8c32-4ac5-968c-81cacd5cfcc3", 
                        "name": "Stylized", 
                        "resource": "ChessKingWhite_00ded34e-8c32-4ac5-968c-81cacd5cfcc3_chess_king_white_stylized"
                    }, 
                    {
                        "UUID": "v1:00ded34e-8c32-4ac5-968c-81cacd5cfcc3", 
                        "name": "Iconic", 
                        "resource": "ChessKingWhite_00ded34e-8c32-4ac5-968c-81cacd5cfcc3_chess_king_white_iconic"
                    }
                ]
            }
        ], 
        "name": "ChessKingWhite", 
        "presets": [
            {
                "argumentChanges": {
                    "item": {
                        "typeName": "String", 
                        "value": "Chess King White"
                    }, 
                    "style": {
                        "typeName": "String", 
                        "value": "Stylized"
                    }
                }, 
                "category": "Activities", 
                "description": "White king chess piece", 
                "name": "Chess King White", 
                "subcategory": "Chess", 
                "thumbnail": "com_apple_rc_af_ChessKingWhite_b18a71e8-3265-46a5-a512-e84b61ab4030_Chess_King_White"
            }
        ], 
        "resourceSize": 15946059, 
        "resources": "com.apple.rc.af.ChessKingWhite.b18a71e8-3265-46a5-a512-e84b61ab4030"
    }
]