[
    1, 
    {
        "category": "Furnishings", 
        "items": [
            {
                "name": "Circular Table", 
                "ontology": {
                    "desc": [
                        {
                            "feature": "*RigidBodyMaterial", 
                            "featureType": "rigidBody-material", 
                            "value": [
                                {
                                    "builtIn": "wood", 
                                    "overrides": {}
                                }
                            ]
                        }
                    ], 
                    "root": "RigidBody"
                }, 
                "styles": [
                    {
                        "UUID": "v1:abd3334e-c66d-4cfb-8c53-5ca21a4fcfeb", 
                        "name": "Realistic", 
                        "resource": "CircularTable_abd3334e-c66d-4cfb-8c53-5ca21a4fcfeb_table_set_circular_realistic"
                    }, 
                    {
                        "UUID": "v1:abd3334e-c66d-4cfb-8c53-5ca21a4fcfeb", 
                        "name": "Stylized", 
                        "resource": "CircularTable_abd3334e-c66d-4cfb-8c53-5ca21a4fcfeb_table_set_circular_stylized"
                    }, 
                    {
                        "UUID": "v1:abd3334e-c66d-4cfb-8c53-5ca21a4fcfeb", 
                        "name": "Iconic", 
                        "resource": "CircularTable_abd3334e-c66d-4cfb-8c53-5ca21a4fcfeb_table_set_circular_iconic"
                    }
                ]
            }
        ], 
        "name": "CircularTable", 
        "presets": [
            {
                "argumentChanges": {
                    "item": {
                        "typeName": "String", 
                        "value": "Circular Table"
                    }, 
                    "style": {
                        "typeName": "String", 
                        "value": "Stylized"
                    }
                }, 
                "category": "Furnishings", 
                "description": "Circular dining table", 
                "name": "Circular Table", 
                "subcategory": "Furniture", 
                "thumbnail": "com_apple_rc_af_CircularTable_4928e1b9-c66e-4a35-ab28-1b373ec1bf0e_Circular_Table"
            }
        ], 
        "resourceSize": 14175201, 
        "resources": "com.apple.rc.af.CircularTable.4928e1b9-c66e-4a35-ab28-1b373ec1bf0e"
    }
]