[
    1, 
    {
        "category": "Food", 
        "items": [
            {
                "name": "Custard Eclair", 
                "ontology": {
                    "desc": [
                        {
                            "feature": "*RigidBodyMaterial", 
                            "featureType": "rigidBody-material", 
                            "value": [
                                {
                                    "builtIn": "wood", 
                                    "overrides": {}
                                }
                            ]
                        }
                    ], 
                    "root": "RigidBody"
                }, 
                "styles": [
                    {
                        "UUID": "v1:a35ccb5c-ecad-4d97-bf60-7725996839e3", 
                        "name": "Realistic", 
                        "resource": "CustardEclair_a35ccb5c-ecad-4d97-bf60-7725996839e3_eclair_custard_1_realistic"
                    }
                ]
            }
        ], 
        "name": "CustardEclair", 
        "presets": [
            {
                "argumentChanges": {
                    "item": {
                        "typeName": "String", 
                        "value": "Custard Eclair"
                    }, 
                    "style": {
                        "typeName": "String", 
                        "value": "Realistic"
                    }
                }, 
                "category": "Food", 
                "description": "Chocolate covered custard eclair", 
                "name": "Custard Eclair", 
                "subcategory": "Scanned", 
                "thumbnail": "com_apple_rc_af_CustardEclair_37b11123-9ce4-40ee-adf6-06bacc86783b_Custard_Eclair"
            }
        ], 
        "resourceSize": 7217777, 
        "resources": "com.apple.rc.af.CustardEclair.37b11123-9ce4-40ee-adf6-06bacc86783b"
    }
]