[
    1, 
    {
        "category": "Furnishings", 
        "items": [
            {
                "name": "Diner Booth", 
                "ontology": {
                    "desc": [
                        {
                            "feature": "*RigidBodyMaterial", 
                            "featureType": "rigidBody-material", 
                            "value": [
                                {
                                    "builtIn": "wood", 
                                    "overrides": {}
                                }
                            ]
                        }
                    ], 
                    "root": "RigidBody"
                }, 
                "styles": [
                    {
                        "UUID": "v1:c14722e6-dbba-432c-9955-b40f72d083a7", 
                        "name": "Realistic", 
                        "resource": "DinerBooth_c14722e6-dbba-432c-9955-b40f72d083a7_booth_diner_realistic"
                    }, 
                    {
                        "UUID": "v1:c14722e6-dbba-432c-9955-b40f72d083a7", 
                        "name": "Stylized", 
                        "resource": "DinerBooth_c14722e6-dbba-432c-9955-b40f72d083a7_booth_diner_stylized"
                    }, 
                    {
                        "UUID": "v1:c14722e6-dbba-432c-9955-b40f72d083a7", 
                        "name": "Iconic", 
                        "resource": "DinerBooth_c14722e6-dbba-432c-9955-b40f72d083a7_booth_diner_iconic"
                    }
                ]
            }
        ], 
        "name": "DinerBooth", 
        "presets": [
            {
                "argumentChanges": {
                    "item": {
                        "typeName": "String", 
                        "value": "Diner Booth"
                    }, 
                    "style": {
                        "typeName": "String", 
                        "value": "Stylized"
                    }
                }, 
                "category": "Furnishings", 
                "description": "Two tone long diner bench", 
                "name": "Diner Booth", 
                "subcategory": "Furniture", 
                "thumbnail": "com_apple_rc_af_DinerBooth_27ef6199-db98-456f-bcb9-c751e30e8338_Diner_Booth"
            }
        ], 
        "resourceSize": 11474741, 
        "resources": "com.apple.rc.af.DinerBooth.27ef6199-db98-456f-bcb9-c751e30e8338"
    }
]