[
    1, 
    {
        "category": "Activities", 
        "items": [
            {
                "name": "Eleven Ball", 
                "ontology": {
                    "desc": [
                        {
                            "feature": "DataType", 
                            "featureType": "rigidBody-shapeType", 
                            "name": "sphere"
                        }, 
                        {
                            "feature": "*RigidBodyMaterial", 
                            "featureType": "rigidBody-material", 
                            "value": [
                                {
                                    "builtIn": "plastic", 
                                    "overrides": {}
                                }
                            ]
                        }
                    ], 
                    "root": "RigidBody"
                }, 
                "styles": [
                    {
                        "UUID": "v1:f8b93427-ea7f-4029-a3d0-f6f31710dc9c", 
                        "name": "Realistic", 
                        "resource": "ElevenBall_f8b93427-ea7f-4029-a3d0-f6f31710dc9c_ball_pool_eleven_realistic"
                    }, 
                    {
                        "UUID": "v1:f8b93427-ea7f-4029-a3d0-f6f31710dc9c", 
                        "name": "Stylized", 
                        "resource": "ElevenBall_f8b93427-ea7f-4029-a3d0-f6f31710dc9c_ball_pool_eleven_stylized"
                    }, 
                    {
                        "UUID": "v1:f8b93427-ea7f-4029-a3d0-f6f31710dc9c", 
                        "name": "Iconic", 
                        "resource": "ElevenBall_f8b93427-ea7f-4029-a3d0-f6f31710dc9c_ball_pool_eleven_iconic"
                    }
                ]
            }
        ], 
        "name": "ElevenBall", 
        "presets": [
            {
                "argumentChanges": {
                    "item": {
                        "typeName": "String", 
                        "value": "Eleven Ball"
                    }, 
                    "style": {
                        "typeName": "String", 
                        "value": "Stylized"
                    }
                }, 
                "category": "Activities", 
                "description": "Billiards eleven ball", 
                "name": "Eleven Ball", 
                "subcategory": "Billiards", 
                "thumbnail": "com_apple_rc_af_ElevenBall_0e60958f-9a66-4b51-9381-3d9a10083bee_Eleven_Ball"
            }
        ], 
        "resourceSize": 4592941, 
        "resources": "com.apple.rc.af.ElevenBall.0e60958f-9a66-4b51-9381-3d9a10083bee"
    }
]