[
    1, 
    {
        "category": "Activities", 
        "items": [
            {
                "name": "Volleyball", 
                "ontology": {
                    "desc": [
                        {
                            "feature": "DataType", 
                            "featureType": "rigidBody-shapeType", 
                            "name": "sphere"
                        }, 
                        {
                            "feature": "*RigidBodyMaterial", 
                            "featureType": "rigidBody-material", 
                            "value": [
                                {
                                    "builtIn": "rubber", 
                                    "overrides": {}
                                }
                            ]
                        }
                    ], 
                    "root": "RigidBody"
                }, 
                "styles": [
                    {
                        "UUID": "v1:36d07eca-b958-44cc-93d7-b96251b936dd", 
                        "name": "Realistic", 
                        "resource": "Volleyball_36d07eca-b958-44cc-93d7-b96251b936dd_ball_volleyball_realistic"
                    }, 
                    {
                        "UUID": "v1:36d07eca-b958-44cc-93d7-b96251b936dd", 
                        "name": "Stylized", 
                        "resource": "Volleyball_36d07eca-b958-44cc-93d7-b96251b936dd_ball_volleyball_stylized"
                    }, 
                    {
                        "UUID": "v1:36d07eca-b958-44cc-93d7-b96251b936dd", 
                        "name": "Iconic", 
                        "resource": "Volleyball_36d07eca-b958-44cc-93d7-b96251b936dd_ball_volleyball_iconic"
                    }
                ]
            }
        ], 
        "name": "Volleyball", 
        "presets": [
            {
                "argumentChanges": {
                    "item": {
                        "typeName": "String", 
                        "value": "Volleyball"
                    }, 
                    "style": {
                        "typeName": "String", 
                        "value": "Stylized"
                    }
                }, 
                "category": "Activities", 
                "description": "Volleyball", 
                "name": "Volleyball", 
                "subcategory": "Sports", 
                "thumbnail": "com_apple_rc_af_Volleyball_6bd89277-015a-4439-a680-976a5acc3336_Volleyball"
            }
        ], 
        "resourceSize": 23193489, 
        "resources": "com.apple.rc.af.Volleyball.6bd89277-015a-4439-a680-976a5acc3336"
    }
]