[
    1, 
    {
        "category": "Activities", 
        "items": [
            {
                "name": "Seven Ball", 
                "ontology": {
                    "desc": [
                        {
                            "feature": "DataType", 
                            "featureType": "rigidBody-shapeType", 
                            "name": "sphere"
                        }, 
                        {
                            "feature": "*RigidBodyMaterial", 
                            "featureType": "rigidBody-material", 
                            "value": [
                                {
                                    "builtIn": "plastic", 
                                    "overrides": {}
                                }
                            ]
                        }
                    ], 
                    "root": "RigidBody"
                }, 
                "styles": [
                    {
                        "UUID": "v1:d66d627a-4408-41fc-81b4-417ced5c4440", 
                        "name": "Realistic", 
                        "resource": "SevenBall_d66d627a-4408-41fc-81b4-417ced5c4440_ball_pool_seven_realistic"
                    }, 
                    {
                        "UUID": "v1:d66d627a-4408-41fc-81b4-417ced5c4440", 
                        "name": "Stylized", 
                        "resource": "SevenBall_d66d627a-4408-41fc-81b4-417ced5c4440_ball_pool_seven_stylized"
                    }, 
                    {
                        "UUID": "v1:d66d627a-4408-41fc-81b4-417ced5c4440", 
                        "name": "Iconic", 
                        "resource": "SevenBall_d66d627a-4408-41fc-81b4-417ced5c4440_ball_pool_seven_iconic"
                    }
                ]
            }
        ], 
        "name": "SevenBall", 
        "presets": [
            {
                "argumentChanges": {
                    "item": {
                        "typeName": "String", 
                        "value": "Seven Ball"
                    }, 
                    "style": {
                        "typeName": "String", 
                        "value": "Stylized"
                    }
                }, 
                "category": "Activities", 
                "description": "Billiards seven ball", 
                "name": "Seven Ball", 
                "subcategory": "Billiards", 
                "thumbnail": "com_apple_rc_af_SevenBall_06fcedda-c3f1-44eb-b382-ae6456d6046c_Seven_Ball"
            }
        ], 
        "resourceSize": 3654340, 
        "resources": "com.apple.rc.af.SevenBall.06fcedda-c3f1-44eb-b382-ae6456d6046c"
    }
]