[
    1, 
    {
        "category": "Activities", 
        "items": [
            {
                "name": "Baseball Glove", 
                "ontology": {
                    "desc": [
                        {
                            "feature": "*RigidBodyMaterial", 
                            "featureType": "rigidBody-material", 
                            "value": [
                                {
                                    "builtIn": "wood", 
                                    "overrides": {}
                                }
                            ]
                        }
                    ], 
                    "root": "RigidBody"
                }, 
                "styles": [
                    {
                        "UUID": "v1:83960e8d-3b2d-4fcb-93dd-32cdc4d0eb73", 
                        "name": "Realistic", 
                        "resource": "BaseballGlove_83960e8d-3b2d-4fcb-93dd-32cdc4d0eb73_glove_baseball_realistic"
                    }, 
                    {
                        "UUID": "v1:83960e8d-3b2d-4fcb-93dd-32cdc4d0eb73", 
                        "name": "Stylized", 
                        "resource": "BaseballGlove_83960e8d-3b2d-4fcb-93dd-32cdc4d0eb73_glove_baseball_stylized"
                    }, 
                    {
                        "UUID": "v1:83960e8d-3b2d-4fcb-93dd-32cdc4d0eb73", 
                        "name": "Iconic", 
                        "resource": "BaseballGlove_83960e8d-3b2d-4fcb-93dd-32cdc4d0eb73_glove_baseball_iconic"
                    }
                ]
            }
        ], 
        "name": "BaseballGlove", 
        "presets": [
            {
                "argumentChanges": {
                    "item": {
                        "typeName": "String", 
                        "value": "Baseball Glove"
                    }, 
                    "style": {
                        "typeName": "String", 
                        "value": "Stylized"
                    }
                }, 
                "category": "Activities", 
                "description": "Baseball glove", 
                "name": "Baseball Glove", 
                "subcategory": "Sports", 
                "thumbnail": "com_apple_rc_af_BaseballGlove_8cfcec76-ff69-4b50-a689-9b694dd030c0_Baseball_Glove"
            }
        ], 
        "resourceSize": 39777707, 
        "resources": "com.apple.rc.af.BaseballGlove.8cfcec76-ff69-4b50-a689-9b694dd030c0"
    }
]