[
    1, 
    {
        "category": "Food", 
        "items": [
            {
                "name": "Fork", 
                "ontology": {
                    "desc": [
                        {
                            "feature": "*RigidBodyMaterial", 
                            "featureType": "rigidBody-material", 
                            "value": [
                                {
                                    "builtIn": "lead", 
                                    "overrides": {}
                                }
                            ]
                        }
                    ], 
                    "root": "RigidBody"
                }, 
                "styles": [
                    {
                        "UUID": "v1:bd6eee02-0cc4-4393-88d5-ccb28752ad26", 
                        "name": "Realistic", 
                        "resource": "Fork_bd6eee02-0cc4-4393-88d5-ccb28752ad26_fork_realistic"
                    }, 
                    {
                        "UUID": "v1:bd6eee02-0cc4-4393-88d5-ccb28752ad26", 
                        "name": "Stylized", 
                        "resource": "Fork_bd6eee02-0cc4-4393-88d5-ccb28752ad26_fork_stylized"
                    }, 
                    {
                        "UUID": "v1:bd6eee02-0cc4-4393-88d5-ccb28752ad26", 
                        "name": "Iconic", 
                        "resource": "Fork_bd6eee02-0cc4-4393-88d5-ccb28752ad26_fork_iconic"
                    }
                ]
            }
        ], 
        "name": "Fork", 
        "presets": [
            {
                "argumentChanges": {
                    "item": {
                        "typeName": "String", 
                        "value": "Fork"
                    }, 
                    "style": {
                        "typeName": "String", 
                        "value": "Stylized"
                    }
                }, 
                "category": "Food", 
                "description": "Dinner fork", 
                "name": "Fork", 
                "subcategory": "Tableware", 
                "thumbnail": "com_apple_rc_af_Fork_da276259-a1d6-473b-818f-1f0582a2eed1_Fork"
            }
        ], 
        "resourceSize": 3960371, 
        "resources": "com.apple.rc.af.Fork.da276259-a1d6-473b-818f-1f0582a2eed1"
    }
]