[
    1, 
    {
        "category": "Food", 
        "items": [
            {
                "name": "Cake Pan Donut", 
                "ontology": {
                    "desc": [
                        {
                            "feature": "*RigidBodyMaterial", 
                            "featureType": "rigidBody-material", 
                            "value": [
                                {
                                    "builtIn": "lead", 
                                    "overrides": {}
                                }
                            ]
                        }
                    ], 
                    "root": "RigidBody"
                }, 
                "styles": [
                    {
                        "UUID": "v1:ce7472e9-4e69-4869-a013-2bc0446fd09e", 
                        "name": "Realistic", 
                        "resource": "CakePanDonut_ce7472e9-4e69-4869-a013-2bc0446fd09e_pan_cake_donut_realistic"
                    }, 
                    {
                        "UUID": "v1:ce7472e9-4e69-4869-a013-2bc0446fd09e", 
                        "name": "Stylized", 
                        "resource": "CakePanDonut_ce7472e9-4e69-4869-a013-2bc0446fd09e_pan_cake_donut_stylized"
                    }, 
                    {
                        "UUID": "v1:ce7472e9-4e69-4869-a013-2bc0446fd09e", 
                        "name": "Iconic", 
                        "resource": "CakePanDonut_ce7472e9-4e69-4869-a013-2bc0446fd09e_pan_cake_donut_iconic"
                    }
                ]
            }
        ], 
        "name": "CakePanDonut", 
        "presets": [
            {
                "argumentChanges": {
                    "item": {
                        "typeName": "String", 
                        "value": "Cake Pan Donut"
                    }, 
                    "style": {
                        "typeName": "String", 
                        "value": "Stylized"
                    }
                }, 
                "category": "Food", 
                "description": "Donut cake pan", 
                "name": "Cake Pan Donut", 
                "subcategory": "Cookware", 
                "thumbnail": "com_apple_rc_af_CakePanDonut_7cac6f35-5abd-4dec-9bac-0aafd45ed1e5_Cake_Pan_Donut"
            }
        ], 
        "resourceSize": 12681806, 
        "resources": "com.apple.rc.af.CakePanDonut.7cac6f35-5abd-4dec-9bac-0aafd45ed1e5"
    }
]