[
    1, 
    {
        "category": "Food", 
        "items": [
            {
                "name": "Spoon", 
                "ontology": {
                    "desc": [
                        {
                            "feature": "*RigidBodyMaterial", 
                            "featureType": "rigidBody-material", 
                            "value": [
                                {
                                    "builtIn": "lead", 
                                    "overrides": {}
                                }
                            ]
                        }
                    ], 
                    "root": "RigidBody"
                }, 
                "styles": [
                    {
                        "UUID": "v1:a78ee696-e96a-431a-9c89-6d131c4567c4", 
                        "name": "Realistic", 
                        "resource": "Spoon_a78ee696-e96a-431a-9c89-6d131c4567c4_spoon_realistic"
                    }, 
                    {
                        "UUID": "v1:a78ee696-e96a-431a-9c89-6d131c4567c4", 
                        "name": "Stylized", 
                        "resource": "Spoon_a78ee696-e96a-431a-9c89-6d131c4567c4_spoon_stylized"
                    }, 
                    {
                        "UUID": "v1:a78ee696-e96a-431a-9c89-6d131c4567c4", 
                        "name": "Iconic", 
                        "resource": "Spoon_a78ee696-e96a-431a-9c89-6d131c4567c4_spoon_iconic"
                    }
                ]
            }
        ], 
        "name": "Spoon", 
        "presets": [
            {
                "argumentChanges": {
                    "item": {
                        "typeName": "String", 
                        "value": "Spoon"
                    }, 
                    "style": {
                        "typeName": "String", 
                        "value": "Stylized"
                    }
                }, 
                "category": "Food", 
                "description": "Soup spoon", 
                "name": "Spoon", 
                "subcategory": "Tableware", 
                "thumbnail": "com_apple_rc_af_Spoon_94cc6023-6544-4287-b873-206097f49a86_Spoon"
            }
        ], 
        "resourceSize": 8429275, 
        "resources": "com.apple.rc.af.Spoon.94cc6023-6544-4287-b873-206097f49a86"
    }
]