[
    1, 
    {
        "category": "Food", 
        "items": [
            {
                "name": "Apple Pie", 
                "ontology": {
                    "desc": [
                        {
                            "feature": "*RigidBodyMaterial", 
                            "featureType": "rigidBody-material", 
                            "value": [
                                {
                                    "builtIn": "wood", 
                                    "overrides": {}
                                }
                            ]
                        }
                    ], 
                    "root": "RigidBody"
                }, 
                "styles": [
                    {
                        "UUID": "v1:dd2eefb2-5aed-4788-b5b5-95f4bc849893", 
                        "name": "Realistic", 
                        "resource": "ApplePie_dd2eefb2-5aed-4788-b5b5-95f4bc849893_pie_apple_1_realistic"
                    }, 
                    {
                        "UUID": "v1:dd2eefb2-5aed-4788-b5b5-95f4bc849893", 
                        "name": "Stylized", 
                        "resource": "ApplePie_dd2eefb2-5aed-4788-b5b5-95f4bc849893_pie_apple_1_stylized"
                    }, 
                    {
                        "UUID": "v1:dd2eefb2-5aed-4788-b5b5-95f4bc849893", 
                        "name": "Iconic", 
                        "resource": "ApplePie_dd2eefb2-5aed-4788-b5b5-95f4bc849893_pie_apple_1_iconic"
                    }
                ]
            }
        ], 
        "name": "ApplePie", 
        "presets": [
            {
                "argumentChanges": {
                    "item": {
                        "typeName": "String", 
                        "value": "Apple Pie"
                    }, 
                    "style": {
                        "typeName": "String", 
                        "value": "Realistic"
                    }
                }, 
                "category": "Food", 
                "description": "Apple pie with lattice crust", 
                "name": "Apple Pie", 
                "subcategory": "Scanned", 
                "thumbnail": "com_apple_rc_af_ApplePie_bf8d5394-a02e-44cc-8c29-677c815e43ba_Apple_Pie"
            }
        ], 
        "resourceSize": 25080012, 
        "resources": "com.apple.rc.af.ApplePie.bf8d5394-a02e-44cc-8c29-677c815e43ba"
    }
]