[
    1, 
    {
        "category": "Activities", 
        "items": [
            {
                "name": "Surfboard", 
                "ontology": {
                    "desc": [
                        {
                            "feature": "*RigidBodyMaterial", 
                            "featureType": "rigidBody-material", 
                            "value": [
                                {
                                    "builtIn": "wood", 
                                    "overrides": {}
                                }
                            ]
                        }
                    ], 
                    "root": "RigidBody"
                }, 
                "styles": [
                    {
                        "UUID": "v1:3f942e98-d630-4cd5-b598-d08ff72d29dc", 
                        "name": "Realistic", 
                        "resource": "Surfboard_3f942e98-d630-4cd5-b598-d08ff72d29dc_surfboard_01_realistic"
                    }, 
                    {
                        "UUID": "v1:3f942e98-d630-4cd5-b598-d08ff72d29dc", 
                        "name": "Stylized", 
                        "resource": "Surfboard_3f942e98-d630-4cd5-b598-d08ff72d29dc_surfboard_01_stylized"
                    }, 
                    {
                        "UUID": "v1:3f942e98-d630-4cd5-b598-d08ff72d29dc", 
                        "name": "Iconic", 
                        "resource": "Surfboard_3f942e98-d630-4cd5-b598-d08ff72d29dc_surfboard_01_iconic"
                    }
                ]
            }
        ], 
        "name": "Surfboard", 
        "presets": [
            {
                "argumentChanges": {
                    "item": {
                        "typeName": "String", 
                        "value": "Surfboard"
                    }, 
                    "style": {
                        "typeName": "String", 
                        "value": "Stylized"
                    }
                }, 
                "category": "Activities", 
                "description": "Wooden surfboard", 
                "name": "Surfboard", 
                "subcategory": "Sports", 
                "thumbnail": "com_apple_rc_af_Surfboard_0ad7eab0-6ddf-4498-95dd-ba2614f00d3c_Surfboard"
            }
        ], 
        "resourceSize": 10872236, 
        "resources": "com.apple.rc.af.Surfboard.0ad7eab0-6ddf-4498-95dd-ba2614f00d3c"
    }
]