[
    1, 
    {
        "category": "Activities", 
        "items": [
            {
                "name": "Chess Pawn", 
                "ontology": {
                    "desc": [
                        {
                            "feature": "*RigidBodyMaterial", 
                            "featureType": "rigidBody-material", 
                            "value": [
                                {
                                    "builtIn": "plastic", 
                                    "overrides": {}
                                }
                            ]
                        }
                    ], 
                    "root": "RigidBody"
                }, 
                "styles": [
                    {
                        "UUID": "v1:ed73ddf3-f539-4b3b-93ce-143f0c98cf05", 
                        "name": "Realistic", 
                        "resource": "ChessPawn_ed73ddf3-f539-4b3b-93ce-143f0c98cf05_chess_pawn_realistic"
                    }, 
                    {
                        "UUID": "v1:ed73ddf3-f539-4b3b-93ce-143f0c98cf05", 
                        "name": "Stylized", 
                        "resource": "ChessPawn_ed73ddf3-f539-4b3b-93ce-143f0c98cf05_chess_pawn_stylized"
                    }, 
                    {
                        "UUID": "v1:ed73ddf3-f539-4b3b-93ce-143f0c98cf05", 
                        "name": "Iconic", 
                        "resource": "ChessPawn_ed73ddf3-f539-4b3b-93ce-143f0c98cf05_chess_pawn_iconic"
                    }
                ]
            }
        ], 
        "name": "ChessPawn", 
        "presets": [
            {
                "argumentChanges": {
                    "item": {
                        "typeName": "String", 
                        "value": "Chess Pawn"
                    }, 
                    "style": {
                        "typeName": "String", 
                        "value": "Stylized"
                    }
                }, 
                "category": "Activities", 
                "description": "Black pawn chess piece", 
                "name": "Chess Pawn", 
                "subcategory": "Chess", 
                "thumbnail": "com_apple_rc_af_ChessPawn_045ef8aa-1380-4ef1-86e5-103a3bc31d79_Chess_Pawn"
            }
        ], 
        "resourceSize": 16097374, 
        "resources": "com.apple.rc.af.ChessPawn.045ef8aa-1380-4ef1-86e5-103a3bc31d79"
    }
]