[
    1, 
    {
        "category": "Activities", 
        "items": [
            {
                "name": "Rugby Ball", 
                "ontology": {
                    "desc": [
                        {
                            "feature": "DataType", 
                            "featureType": "rigidBody-shapeType", 
                            "name": "capsule"
                        }, 
                        {
                            "feature": "*RigidBodyMaterial", 
                            "featureType": "rigidBody-material", 
                            "value": [
                                {
                                    "builtIn": "rubber", 
                                    "overrides": {}
                                }
                            ]
                        }
                    ], 
                    "root": "RigidBody"
                }, 
                "styles": [
                    {
                        "UUID": "v1:cdb445f1-a706-41f0-a2e0-e6f4f6f762b8", 
                        "name": "Realistic", 
                        "resource": "RugbyBall_cdb445f1-a706-41f0-a2e0-e6f4f6f762b8_ball_rugby_realistic"
                    }, 
                    {
                        "UUID": "v1:cdb445f1-a706-41f0-a2e0-e6f4f6f762b8", 
                        "name": "Stylized", 
                        "resource": "RugbyBall_cdb445f1-a706-41f0-a2e0-e6f4f6f762b8_ball_rugby_stylized"
                    }, 
                    {
                        "UUID": "v1:cdb445f1-a706-41f0-a2e0-e6f4f6f762b8", 
                        "name": "Iconic", 
                        "resource": "RugbyBall_cdb445f1-a706-41f0-a2e0-e6f4f6f762b8_ball_rugby_iconic"
                    }
                ]
            }
        ], 
        "name": "RugbyBall", 
        "presets": [
            {
                "argumentChanges": {
                    "item": {
                        "typeName": "String", 
                        "value": "Rugby Ball"
                    }, 
                    "style": {
                        "typeName": "String", 
                        "value": "Stylized"
                    }
                }, 
                "category": "Activities", 
                "description": "Rugby ball", 
                "name": "Rugby Ball", 
                "subcategory": "Sports", 
                "thumbnail": "com_apple_rc_af_RugbyBall_b8eb0715-c10e-4c62-96c0-d69905f56bf7_Rugby_Ball"
            }
        ], 
        "resourceSize": 20846692, 
        "resources": "com.apple.rc.af.RugbyBall.b8eb0715-c10e-4c62-96c0-d69905f56bf7"
    }
]