[
    1, 
    {
        "category": "Food", 
        "items": [
            {
                "name": "Cake Pan Bundt", 
                "ontology": {
                    "desc": [
                        {
                            "feature": "*RigidBodyMaterial", 
                            "featureType": "rigidBody-material", 
                            "value": [
                                {
                                    "builtIn": "lead", 
                                    "overrides": {}
                                }
                            ]
                        }
                    ], 
                    "root": "RigidBody"
                }, 
                "styles": [
                    {
                        "UUID": "v1:9d85b337-0d9d-450f-832d-caf4f5b462d9", 
                        "name": "Realistic", 
                        "resource": "CakePanBundt_9d85b337-0d9d-450f-832d-caf4f5b462d9_pan_cake_bundt_realistic"
                    }, 
                    {
                        "UUID": "v1:9d85b337-0d9d-450f-832d-caf4f5b462d9", 
                        "name": "Stylized", 
                        "resource": "CakePanBundt_9d85b337-0d9d-450f-832d-caf4f5b462d9_pan_cake_bundt_stylized"
                    }, 
                    {
                        "UUID": "v1:9d85b337-0d9d-450f-832d-caf4f5b462d9", 
                        "name": "Iconic", 
                        "resource": "CakePanBundt_9d85b337-0d9d-450f-832d-caf4f5b462d9_pan_cake_bundt_iconic"
                    }
                ]
            }
        ], 
        "name": "CakePanBundt", 
        "presets": [
            {
                "argumentChanges": {
                    "item": {
                        "typeName": "String", 
                        "value": "Cake Pan Bundt"
                    }, 
                    "style": {
                        "typeName": "String", 
                        "value": "Stylized"
                    }
                }, 
                "category": "Food", 
                "description": "Bundt cake pan", 
                "name": "Cake Pan Bundt", 
                "subcategory": "Cookware", 
                "thumbnail": "com_apple_rc_af_CakePanBundt_d1a0a328-8ee6-45f1-abbe-0a3686712e5c_Cake_Pan_Bundt"
            }
        ], 
        "resourceSize": 6410799, 
        "resources": "com.apple.rc.af.CakePanBundt.d1a0a328-8ee6-45f1-abbe-0a3686712e5c"
    }
]