[
    1, 
    {
        "category": "Activities", 
        "items": [
            {
                "name": "Four Ball", 
                "ontology": {
                    "desc": [
                        {
                            "feature": "DataType", 
                            "featureType": "rigidBody-shapeType", 
                            "name": "sphere"
                        }, 
                        {
                            "feature": "*RigidBodyMaterial", 
                            "featureType": "rigidBody-material", 
                            "value": [
                                {
                                    "builtIn": "plastic", 
                                    "overrides": {}
                                }
                            ]
                        }
                    ], 
                    "root": "RigidBody"
                }, 
                "styles": [
                    {
                        "UUID": "v1:19628b9b-c076-4512-8b44-29f174513fbc", 
                        "name": "Realistic", 
                        "resource": "FourBall_19628b9b-c076-4512-8b44-29f174513fbc_ball_pool_four_realistic"
                    }, 
                    {
                        "UUID": "v1:19628b9b-c076-4512-8b44-29f174513fbc", 
                        "name": "Stylized", 
                        "resource": "FourBall_19628b9b-c076-4512-8b44-29f174513fbc_ball_pool_four_stylized"
                    }, 
                    {
                        "UUID": "v1:19628b9b-c076-4512-8b44-29f174513fbc", 
                        "name": "Iconic", 
                        "resource": "FourBall_19628b9b-c076-4512-8b44-29f174513fbc_ball_pool_four_iconic"
                    }
                ]
            }
        ], 
        "name": "FourBall", 
        "presets": [
            {
                "argumentChanges": {
                    "item": {
                        "typeName": "String", 
                        "value": "Four Ball"
                    }, 
                    "style": {
                        "typeName": "String", 
                        "value": "Stylized"
                    }
                }, 
                "category": "Activities", 
                "description": "Billiards four ball", 
                "name": "Four Ball", 
                "subcategory": "Billiards", 
                "thumbnail": "com_apple_rc_af_FourBall_fe08121d-a550-416e-9389-dc57e7f8acd0_Four_Ball"
            }
        ], 
        "resourceSize": 4747448, 
        "resources": "com.apple.rc.af.FourBall.fe08121d-a550-416e-9389-dc57e7f8acd0"
    }
]