[
    1, 
    {
        "category": "Food", 
        "items": [
            {
                "name": "Green Grapes", 
                "ontology": {
                    "desc": [
                        {
                            "feature": "*RigidBodyMaterial", 
                            "featureType": "rigidBody-material", 
                            "value": [
                                {
                                    "builtIn": "wood", 
                                    "overrides": {}
                                }
                            ]
                        }
                    ], 
                    "root": "RigidBody"
                }, 
                "styles": [
                    {
                        "UUID": "v1:26a64a78-559d-4789-9581-b0e44b85c35a", 
                        "name": "Realistic", 
                        "resource": "GreenGrapes_26a64a78-559d-4789-9581-b0e44b85c35a_grapes_green_realistic"
                    }, 
                    {
                        "UUID": "v1:26a64a78-559d-4789-9581-b0e44b85c35a", 
                        "name": "Stylized", 
                        "resource": "GreenGrapes_26a64a78-559d-4789-9581-b0e44b85c35a_grapes_green_stylized"
                    }, 
                    {
                        "UUID": "v1:26a64a78-559d-4789-9581-b0e44b85c35a", 
                        "name": "Iconic", 
                        "resource": "GreenGrapes_26a64a78-559d-4789-9581-b0e44b85c35a_grapes_green_iconic"
                    }
                ]
            }
        ], 
        "name": "GreenGrapes", 
        "presets": [
            {
                "argumentChanges": {
                    "item": {
                        "typeName": "String", 
                        "value": "Green Grapes"
                    }, 
                    "style": {
                        "typeName": "String", 
                        "value": "Stylized"
                    }
                }, 
                "category": "Food", 
                "description": "Green grape bunch", 
                "name": "Green Grapes", 
                "subcategory": "Fruit", 
                "thumbnail": "com_apple_rc_af_GreenGrapes_be051570-9699-42e4-bf6a-0699aef92a33_Green_Grapes"
            }
        ], 
        "resourceSize": 17012845, 
        "resources": "com.apple.rc.af.GreenGrapes.be051570-9699-42e4-bf6a-0699aef92a33"
    }
]