[
    1, 
    {
        "category": "Food", 
        "items": [
            {
                "name": "Yucca", 
                "ontology": {
                    "desc": [
                        {
                            "feature": "DataType", 
                            "featureType": "rigidBody-shapeType", 
                            "name": "capsule"
                        }, 
                        {
                            "feature": "*RigidBodyMaterial", 
                            "featureType": "rigidBody-material", 
                            "value": [
                                {
                                    "builtIn": "wood", 
                                    "overrides": {}
                                }
                            ]
                        }
                    ], 
                    "root": "RigidBody"
                }, 
                "styles": [
                    {
                        "UUID": "v1:ccc34631-c866-4407-967d-1fd7d4cbca00", 
                        "name": "Realistic", 
                        "resource": "Yucca_ccc34631-c866-4407-967d-1fd7d4cbca00_yucca_1_realistic"
                    }
                ]
            }
        ], 
        "name": "Yucca", 
        "presets": [
            {
                "argumentChanges": {
                    "item": {
                        "typeName": "String", 
                        "value": "Yucca"
                    }, 
                    "style": {
                        "typeName": "String", 
                        "value": "Realistic"
                    }
                }, 
                "category": "Food", 
                "description": "Yuca root", 
                "name": "Yucca", 
                "subcategory": "Scanned", 
                "thumbnail": "com_apple_rc_af_Yucca_1467c56e-ba55-4181-b553-60d121691e02_Yucca"
            }
        ], 
        "resourceSize": 8960892, 
        "resources": "com.apple.rc.af.Yucca.1467c56e-ba55-4181-b553-60d121691e02"
    }
]