[
    1, 
    {
        "category": "Activities", 
        "items": [
            {
                "name": "Flakewarp Marble", 
                "ontology": {
                    "desc": [
                        {
                            "feature": "DataType", 
                            "featureType": "rigidBody-shapeType", 
                            "name": "sphere"
                        }, 
                        {
                            "feature": "*RigidBodyMaterial", 
                            "featureType": "rigidBody-material", 
                            "value": [
                                {
                                    "builtIn": "plastic", 
                                    "overrides": {}
                                }
                            ]
                        }
                    ], 
                    "root": "RigidBody"
                }, 
                "styles": [
                    {
                        "UUID": "v1:17e74513-97d1-4e6b-a060-677730da448c", 
                        "name": "Realistic", 
                        "resource": "FlakewarpMarble_17e74513-97d1-4e6b-a060-677730da448c_marble_flakewarp_01_realistic"
                    }, 
                    {
                        "UUID": "v1:17e74513-97d1-4e6b-a060-677730da448c", 
                        "name": "Stylized", 
                        "resource": "FlakewarpMarble_17e74513-97d1-4e6b-a060-677730da448c_marble_flakewarp_01_stylized"
                    }, 
                    {
                        "UUID": "v1:17e74513-97d1-4e6b-a060-677730da448c", 
                        "name": "Iconic", 
                        "resource": "FlakewarpMarble_17e74513-97d1-4e6b-a060-677730da448c_marble_flakewarp_01_iconic"
                    }
                ]
            }
        ], 
        "name": "FlakewarpMarble", 
        "presets": [
            {
                "argumentChanges": {
                    "item": {
                        "typeName": "String", 
                        "value": "Flakewarp Marble"
                    }, 
                    "style": {
                        "typeName": "String", 
                        "value": "Realistic"
                    }
                }, 
                "category": "Activities", 
                "description": "Marble", 
                "name": "Flakewarp Marble", 
                "subcategory": "Games", 
                "thumbnail": "com_apple_rc_af_FlakewarpMarble_7861728f-7acf-4b0f-b4b7-7f42a439439b_Flakewarp_Marble"
            }
        ], 
        "resourceSize": 7533163, 
        "resources": "com.apple.rc.af.FlakewarpMarble.7861728f-7acf-4b0f-b4b7-7f42a439439b"
    }
]