[
    1, 
    {
        "category": "Food", 
        "items": [
            {
                "name": "Cookie", 
                "ontology": {
                    "desc": [
                        {
                            "feature": "*RigidBodyMaterial", 
                            "featureType": "rigidBody-material", 
                            "value": [
                                {
                                    "builtIn": "wood", 
                                    "overrides": {}
                                }
                            ]
                        }
                    ], 
                    "root": "RigidBody"
                }, 
                "styles": [
                    {
                        "UUID": "v1:0323229e-b8d7-44b5-af3d-802ff2f07232", 
                        "name": "Realistic", 
                        "resource": "Cookie_0323229e-b8d7-44b5-af3d-802ff2f07232_cookie_chocolate_1_realistic"
                    }, 
                    {
                        "UUID": "v1:0323229e-b8d7-44b5-af3d-802ff2f07232", 
                        "name": "Stylized", 
                        "resource": "Cookie_0323229e-b8d7-44b5-af3d-802ff2f07232_cookie_chocolate_1_stylized"
                    }, 
                    {
                        "UUID": "v1:0323229e-b8d7-44b5-af3d-802ff2f07232", 
                        "name": "Iconic", 
                        "resource": "Cookie_0323229e-b8d7-44b5-af3d-802ff2f07232_cookie_chocolate_1_iconic"
                    }
                ]
            }
        ], 
        "name": "Cookie", 
        "presets": [
            {
                "argumentChanges": {
                    "item": {
                        "typeName": "String", 
                        "value": "Cookie"
                    }, 
                    "style": {
                        "typeName": "String", 
                        "value": "Stylized"
                    }
                }, 
                "category": "Food", 
                "description": "Chocolate chip cookie", 
                "name": "Cookie", 
                "subcategory": "Baked Goods", 
                "thumbnail": "com_apple_rc_af_Cookie_ba5793fd-c788-450b-ad50-84aee046ec26_Cookie"
            }
        ], 
        "resourceSize": 17541052, 
        "resources": "com.apple.rc.af.Cookie.ba5793fd-c788-450b-ad50-84aee046ec26"
    }
]