[
    1, 
    {
        "category": "Activities", 
        "items": [
            {
                "name": "Twist Marble 3", 
                "ontology": {
                    "desc": [
                        {
                            "feature": "DataType", 
                            "featureType": "rigidBody-shapeType", 
                            "name": "sphere"
                        }, 
                        {
                            "feature": "*RigidBodyMaterial", 
                            "featureType": "rigidBody-material", 
                            "value": [
                                {
                                    "builtIn": "plastic", 
                                    "overrides": {}
                                }
                            ]
                        }
                    ], 
                    "root": "RigidBody"
                }, 
                "styles": [
                    {
                        "UUID": "v1:3ccb2261-025c-4dc7-9b52-14e2c98c6bb9", 
                        "name": "Realistic", 
                        "resource": "TwistMarble3_3ccb2261-025c-4dc7-9b52-14e2c98c6bb9_marble_twist_03_realistic"
                    }, 
                    {
                        "UUID": "v1:3ccb2261-025c-4dc7-9b52-14e2c98c6bb9", 
                        "name": "Stylized", 
                        "resource": "TwistMarble3_3ccb2261-025c-4dc7-9b52-14e2c98c6bb9_marble_twist_03_stylized"
                    }, 
                    {
                        "UUID": "v1:3ccb2261-025c-4dc7-9b52-14e2c98c6bb9", 
                        "name": "Iconic", 
                        "resource": "TwistMarble3_3ccb2261-025c-4dc7-9b52-14e2c98c6bb9_marble_twist_03_iconic"
                    }
                ]
            }
        ], 
        "name": "TwistMarble3", 
        "presets": [
            {
                "argumentChanges": {
                    "item": {
                        "typeName": "String", 
                        "value": "Twist Marble 3"
                    }, 
                    "style": {
                        "typeName": "String", 
                        "value": "Realistic"
                    }
                }, 
                "category": "Activities", 
                "description": "Marble", 
                "name": "Twist Marble 3", 
                "subcategory": "Games", 
                "thumbnail": "com_apple_rc_af_TwistMarble3_9753583a-03f0-44f3-a889-69c590244722_Twist_Marble_3"
            }
        ], 
        "resourceSize": 15748562, 
        "resources": "com.apple.rc.af.TwistMarble3.9753583a-03f0-44f3-a889-69c590244722"
    }
]