[
    1, 
    {
        "category": "Food", 
        "items": [
            {
                "name": "Peach", 
                "ontology": {
                    "desc": [
                        {
                            "feature": "DataType", 
                            "featureType": "rigidBody-shapeType", 
                            "name": "sphere"
                        }, 
                        {
                            "feature": "*RigidBodyMaterial", 
                            "featureType": "rigidBody-material", 
                            "value": [
                                {
                                    "builtIn": "wood", 
                                    "overrides": {}
                                }
                            ]
                        }
                    ], 
                    "root": "RigidBody"
                }, 
                "styles": [
                    {
                        "UUID": "v1:14f26422-0a62-4014-aad8-873886c7c4bf", 
                        "name": "Realistic", 
                        "resource": "Peach_14f26422-0a62-4014-aad8-873886c7c4bf_peach_1_realistic"
                    }, 
                    {
                        "UUID": "v1:14f26422-0a62-4014-aad8-873886c7c4bf", 
                        "name": "Stylized", 
                        "resource": "Peach_14f26422-0a62-4014-aad8-873886c7c4bf_peach_1_stylized"
                    }, 
                    {
                        "UUID": "v1:14f26422-0a62-4014-aad8-873886c7c4bf", 
                        "name": "Iconic", 
                        "resource": "Peach_14f26422-0a62-4014-aad8-873886c7c4bf_peach_1_iconic"
                    }
                ]
            }
        ], 
        "name": "Peach", 
        "presets": [
            {
                "argumentChanges": {
                    "item": {
                        "typeName": "String", 
                        "value": "Peach"
                    }, 
                    "style": {
                        "typeName": "String", 
                        "value": "Stylized"
                    }
                }, 
                "category": "Food", 
                "description": "Peach", 
                "name": "Peach", 
                "subcategory": "Fruit", 
                "thumbnail": "com_apple_rc_af_Peach_ee774145-3d2f-4527-8267-82ba023e3868_Peach"
            }
        ], 
        "resourceSize": 10823159, 
        "resources": "com.apple.rc.af.Peach.ee774145-3d2f-4527-8267-82ba023e3868"
    }
]