[
    1, 
    {
        "category": "Arts", 
        "items": [
            {
                "name": "Microphone", 
                "ontology": {
                    "desc": [
                        {
                            "feature": "DataType", 
                            "featureType": "rigidBody-shapeType", 
                            "name": "capsule"
                        }, 
                        {
                            "feature": "*RigidBodyMaterial", 
                            "featureType": "rigidBody-material", 
                            "value": [
                                {
                                    "builtIn": "plastic", 
                                    "overrides": {}
                                }
                            ]
                        }
                    ], 
                    "root": "RigidBody"
                }, 
                "styles": [
                    {
                        "UUID": "v1:baadabe3-e82d-4e5b-a09a-2de502f30a72", 
                        "name": "Realistic", 
                        "resource": "Microphone_baadabe3-e82d-4e5b-a09a-2de502f30a72_musical_instrument_microphone_realistic"
                    }, 
                    {
                        "UUID": "v1:baadabe3-e82d-4e5b-a09a-2de502f30a72", 
                        "name": "Stylized", 
                        "resource": "Microphone_baadabe3-e82d-4e5b-a09a-2de502f30a72_musical_instrument_microphone_stylized"
                    }, 
                    {
                        "UUID": "v1:baadabe3-e82d-4e5b-a09a-2de502f30a72", 
                        "name": "Iconic", 
                        "resource": "Microphone_baadabe3-e82d-4e5b-a09a-2de502f30a72_musical_instrument_microphone_iconic"
                    }
                ]
            }
        ], 
        "name": "Microphone", 
        "presets": [
            {
                "argumentChanges": {
                    "item": {
                        "typeName": "String", 
                        "value": "Microphone"
                    }, 
                    "style": {
                        "typeName": "String", 
                        "value": "Stylized"
                    }
                }, 
                "category": "Arts", 
                "description": "Dynamic microphone", 
                "name": "Microphone", 
                "subcategory": "Music", 
                "thumbnail": "com_apple_rc_af_Microphone_273ec63b-de46-4890-b198-9e6a91f87405_Microphone"
            }
        ], 
        "resourceSize": 39337468, 
        "resources": "com.apple.rc.af.Microphone.273ec63b-de46-4890-b198-9e6a91f87405"
    }
]