[
    1, 
    {
        "category": "Nature", 
        "items": [
            {
                "name": "Stick 2", 
                "ontology": {
                    "desc": [
                        {
                            "feature": "*RigidBodyMaterial", 
                            "featureType": "rigidBody-material", 
                            "value": [
                                {
                                    "builtIn": "wood", 
                                    "overrides": {}
                                }
                            ]
                        }
                    ], 
                    "root": "RigidBody"
                }, 
                "styles": [
                    {
                        "UUID": "v1:f3cfaaf5-e36c-4dc2-b19f-b25e765cfe68", 
                        "name": "Realistic", 
                        "resource": "Stick2_f3cfaaf5-e36c-4dc2-b19f-b25e765cfe68_stick_2_realistic"
                    }
                ]
            }
        ], 
        "name": "Stick2", 
        "presets": [
            {
                "argumentChanges": {
                    "item": {
                        "typeName": "String", 
                        "value": "Stick 2"
                    }, 
                    "style": {
                        "typeName": "String", 
                        "value": "Realistic"
                    }
                }, 
                "category": "Nature", 
                "description": "Broken branch piece", 
                "name": "Stick 2", 
                "subcategory": "Scanned", 
                "thumbnail": "com_apple_rc_af_Stick2_8a186e6b-d3b8-49c3-9c9c-319a893a2892_Stick_2"
            }
        ], 
        "resourceSize": 7804973, 
        "resources": "com.apple.rc.af.Stick2.8a186e6b-d3b8-49c3-9c9c-319a893a2892"
    }
]