[
    1, 
    {
        "category": "Activities", 
        "items": [
            {
                "name": "Dart", 
                "ontology": {
                    "desc": [
                        {
                            "feature": "*RigidBodyMaterial", 
                            "featureType": "rigidBody-material", 
                            "value": [
                                {
                                    "builtIn": "plastic", 
                                    "overrides": {}
                                }
                            ]
                        }
                    ], 
                    "root": "RigidBody"
                }, 
                "styles": [
                    {
                        "UUID": "v1:fd07a52f-11d0-44d8-92e6-37a3591fcb91", 
                        "name": "Realistic", 
                        "resource": "Dart_fd07a52f-11d0-44d8-92e6-37a3591fcb91_darts_realistic"
                    }, 
                    {
                        "UUID": "v1:fd07a52f-11d0-44d8-92e6-37a3591fcb91", 
                        "name": "Stylized", 
                        "resource": "Dart_fd07a52f-11d0-44d8-92e6-37a3591fcb91_darts_stylized"
                    }, 
                    {
                        "UUID": "v1:fd07a52f-11d0-44d8-92e6-37a3591fcb91", 
                        "name": "Iconic", 
                        "resource": "Dart_fd07a52f-11d0-44d8-92e6-37a3591fcb91_darts_iconic"
                    }
                ]
            }
        ], 
        "name": "Dart", 
        "presets": [
            {
                "argumentChanges": {
                    "item": {
                        "typeName": "String", 
                        "value": "Dart"
                    }, 
                    "style": {
                        "typeName": "String", 
                        "value": "Stylized"
                    }
                }, 
                "category": "Activities", 
                "description": "Dart", 
                "name": "Dart", 
                "subcategory": "Games", 
                "thumbnail": "com_apple_rc_af_Dart_36afc44a-e6e0-443e-bd69-f463233aafa2_Dart"
            }
        ], 
        "resourceSize": 6075420, 
        "resources": "com.apple.rc.af.Dart.36afc44a-e6e0-443e-bd69-f463233aafa2"
    }
]