[
    1, 
    {
        "category": "Food", 
        "items": [
            {
                "name": "Chopstick", 
                "ontology": {
                    "desc": [
                        {
                            "feature": "DataType", 
                            "featureType": "rigidBody-shapeType", 
                            "name": "capsule"
                        }, 
                        {
                            "feature": "*RigidBodyMaterial", 
                            "featureType": "rigidBody-material", 
                            "value": [
                                {
                                    "builtIn": "wood", 
                                    "overrides": {}
                                }
                            ]
                        }
                    ], 
                    "root": "RigidBody"
                }, 
                "styles": [
                    {
                        "UUID": "v1:83ea64cb-d676-4393-8b56-384e2d9560f4", 
                        "name": "Realistic", 
                        "resource": "Chopstick_83ea64cb-d676-4393-8b56-384e2d9560f4_chopsticks_realistic"
                    }, 
                    {
                        "UUID": "v1:83ea64cb-d676-4393-8b56-384e2d9560f4", 
                        "name": "Stylized", 
                        "resource": "Chopstick_83ea64cb-d676-4393-8b56-384e2d9560f4_chopsticks_stylized"
                    }, 
                    {
                        "UUID": "v1:83ea64cb-d676-4393-8b56-384e2d9560f4", 
                        "name": "Iconic", 
                        "resource": "Chopstick_83ea64cb-d676-4393-8b56-384e2d9560f4_chopsticks_iconic"
                    }
                ]
            }
        ], 
        "name": "Chopstick", 
        "presets": [
            {
                "argumentChanges": {
                    "item": {
                        "typeName": "String", 
                        "value": "Chopstick"
                    }, 
                    "style": {
                        "typeName": "String", 
                        "value": "Stylized"
                    }
                }, 
                "category": "Food", 
                "description": "Chopstick", 
                "name": "Chopstick", 
                "subcategory": "Tableware", 
                "thumbnail": "com_apple_rc_af_Chopstick_c8fb98ae-d1b3-46ac-8bcd-aba578b1cee3_Chopstick"
            }
        ], 
        "resourceSize": 18236701, 
        "resources": "com.apple.rc.af.Chopstick.c8fb98ae-d1b3-46ac-8bcd-aba578b1cee3"
    }
]