[
    1, 
    {
        "category": "Food", 
        "items": [
            {
                "name": "Creampuff", 
                "ontology": {
                    "desc": [
                        {
                            "feature": "*RigidBodyMaterial", 
                            "featureType": "rigidBody-material", 
                            "value": [
                                {
                                    "builtIn": "wood", 
                                    "overrides": {}
                                }
                            ]
                        }
                    ], 
                    "root": "RigidBody"
                }, 
                "styles": [
                    {
                        "UUID": "v1:2808b19e-d975-47bb-ae51-5aa12aa2d0bf", 
                        "name": "Realistic", 
                        "resource": "Creampuff_2808b19e-d975-47bb-ae51-5aa12aa2d0bf_creampuff_1_realistic"
                    }, 
                    {
                        "UUID": "v1:2808b19e-d975-47bb-ae51-5aa12aa2d0bf", 
                        "name": "Stylized", 
                        "resource": "Creampuff_2808b19e-d975-47bb-ae51-5aa12aa2d0bf_creampuff_1_stylized"
                    }, 
                    {
                        "UUID": "v1:2808b19e-d975-47bb-ae51-5aa12aa2d0bf", 
                        "name": "Iconic", 
                        "resource": "Creampuff_2808b19e-d975-47bb-ae51-5aa12aa2d0bf_creampuff_1_iconic"
                    }
                ]
            }
        ], 
        "name": "Creampuff", 
        "presets": [
            {
                "argumentChanges": {
                    "item": {
                        "typeName": "String", 
                        "value": "Creampuff"
                    }, 
                    "style": {
                        "typeName": "String", 
                        "value": "Realistic"
                    }
                }, 
                "category": "Food", 
                "description": "Vanilla creampuff", 
                "name": "Creampuff", 
                "subcategory": "Scanned", 
                "thumbnail": "com_apple_rc_af_Creampuff_718fafc9-9e43-4861-9304-bdd492081106_Creampuff"
            }
        ], 
        "resourceSize": 24038228, 
        "resources": "com.apple.rc.af.Creampuff.718fafc9-9e43-4861-9304-bdd492081106"
    }
]