[
    1, 
    {
        "category": "Places", 
        "items": [
            {
                "name": "Firehouse Icon", 
                "ontology": {
                    "desc": [], 
                    "root": "RigidBody"
                }, 
                "styles": [
                    {
                        "UUID": "v1:13003521-d42a-4964-a2ae-de0c52cdf3e1", 
                        "name": "Stylized", 
                        "resource": "FirehouseIcon_13003521-d42a-4964-a2ae-de0c52cdf3e1_icon_firehouse_stylized"
                    }, 
                    {
                        "UUID": "v1:13003521-d42a-4964-a2ae-de0c52cdf3e1", 
                        "name": "Iconic", 
                        "resource": "FirehouseIcon_13003521-d42a-4964-a2ae-de0c52cdf3e1_icon_firehouse_iconic"
                    }
                ]
            }
        ], 
        "name": "FirehouseIcon", 
        "presets": [
            {
                "argumentChanges": {
                    "item": {
                        "typeName": "String", 
                        "value": "Firehouse Icon"
                    }, 
                    "style": {
                        "typeName": "String", 
                        "value": "Stylized"
                    }
                }, 
                "category": "Places", 
                "description": "Firehouse icon", 
                "name": "Firehouse Icon", 
                "subcategory": "Locations", 
                "thumbnail": "com_apple_rc_af_FirehouseIcon_67ec43a6-107c-41b3-a5f5-32ac0b60a05e_Firehouse_Icon"
            }
        ], 
        "resourceSize": 6203390, 
        "resources": "com.apple.rc.af.FirehouseIcon.67ec43a6-107c-41b3-a5f5-32ac0b60a05e"
    }
]