[
    1, 
    {
        "category": "Nature", 
        "items": [
            {
                "name": "Tree Bark", 
                "ontology": {
                    "desc": [
                        {
                            "feature": "*RigidBodyMaterial", 
                            "featureType": "rigidBody-material", 
                            "value": [
                                {
                                    "builtIn": "wood", 
                                    "overrides": {}
                                }
                            ]
                        }
                    ], 
                    "root": "RigidBody"
                }, 
                "styles": [
                    {
                        "UUID": "v1:8ae8b192-df3a-4e71-912a-af185ec8f4e4", 
                        "name": "Realistic", 
                        "resource": "TreeBark_8ae8b192-df3a-4e71-912a-af185ec8f4e4_bark_1_realistic"
                    }
                ]
            }
        ], 
        "name": "TreeBark", 
        "presets": [
            {
                "argumentChanges": {
                    "item": {
                        "typeName": "String", 
                        "value": "Tree Bark"
                    }, 
                    "style": {
                        "typeName": "String", 
                        "value": "Realistic"
                    }
                }, 
                "category": "Nature", 
                "description": "Broken tree root piece", 
                "name": "Tree Bark", 
                "subcategory": "Scanned", 
                "thumbnail": "com_apple_rc_af_TreeBark_ad7bd4b6-1f3c-4981-ac5c-7824c848b31c_Tree_Bark"
            }
        ], 
        "resourceSize": 12643079, 
        "resources": "com.apple.rc.af.TreeBark.ad7bd4b6-1f3c-4981-ac5c-7824c848b31c"
    }
]