[
    1, 
    {
        "category": "Arts", 
        "items": [
            {
                "name": "Bass Clef", 
                "ontology": {
                    "desc": [
                        {
                            "feature": "*RigidBodyMaterial", 
                            "featureType": "rigidBody-material", 
                            "value": [
                                {
                                    "builtIn": "plastic", 
                                    "overrides": {}
                                }
                            ]
                        }
                    ], 
                    "root": "RigidBody"
                }, 
                "styles": [
                    {
                        "UUID": "v1:0ac2276e-0b38-4700-a8fc-fb04c43000ce", 
                        "name": "Stylized", 
                        "resource": "BassClef_0ac2276e-0b38-4700-a8fc-fb04c43000ce_musical_note_bass_clef_stylized"
                    }, 
                    {
                        "UUID": "v1:0ac2276e-0b38-4700-a8fc-fb04c43000ce", 
                        "name": "Iconic", 
                        "resource": "BassClef_0ac2276e-0b38-4700-a8fc-fb04c43000ce_musical_note_bass_clef_iconic"
                    }
                ]
            }
        ], 
        "name": "BassClef", 
        "presets": [
            {
                "argumentChanges": {
                    "item": {
                        "typeName": "String", 
                        "value": "Bass Clef"
                    }, 
                    "style": {
                        "typeName": "String", 
                        "value": "Stylized"
                    }
                }, 
                "category": "Arts", 
                "description": "Bass clef music symbol", 
                "name": "Bass Clef", 
                "subcategory": "Music", 
                "thumbnail": "com_apple_rc_af_BassClef_97599793-5a8a-48bc-a999-e3ec18d5fd59_Bass_Clef"
            }
        ], 
        "resourceSize": 1032732, 
        "resources": "com.apple.rc.af.BassClef.97599793-5a8a-48bc-a999-e3ec18d5fd59"
    }
]