[
    1, 
    {
        "category": "Food", 
        "items": [
            {
                "name": "Casserole Dish", 
                "ontology": {
                    "desc": [
                        {
                            "feature": "*RigidBodyMaterial", 
                            "featureType": "rigidBody-material", 
                            "value": [
                                {
                                    "builtIn": "lead", 
                                    "overrides": {}
                                }
                            ]
                        }
                    ], 
                    "root": "RigidBody"
                }, 
                "styles": [
                    {
                        "UUID": "v1:4a930a98-649e-45e5-b4c4-2891ac109133", 
                        "name": "Realistic", 
                        "resource": "CasseroleDish_4a930a98-649e-45e5-b4c4-2891ac109133_dish_casserole_square_realistic"
                    }, 
                    {
                        "UUID": "v1:4a930a98-649e-45e5-b4c4-2891ac109133", 
                        "name": "Stylized", 
                        "resource": "CasseroleDish_4a930a98-649e-45e5-b4c4-2891ac109133_dish_casserole_square_stylized"
                    }, 
                    {
                        "UUID": "v1:4a930a98-649e-45e5-b4c4-2891ac109133", 
                        "name": "Iconic", 
                        "resource": "CasseroleDish_4a930a98-649e-45e5-b4c4-2891ac109133_dish_casserole_square_iconic"
                    }
                ]
            }
        ], 
        "name": "CasseroleDish", 
        "presets": [
            {
                "argumentChanges": {
                    "item": {
                        "typeName": "String", 
                        "value": "Casserole Dish"
                    }, 
                    "style": {
                        "typeName": "String", 
                        "value": "Stylized"
                    }
                }, 
                "category": "Food", 
                "description": "Square casserole dish", 
                "name": "Casserole Dish", 
                "subcategory": "Cookware", 
                "thumbnail": "com_apple_rc_af_CasseroleDish_cde85bbc-3eb1-4970-9ba1-2da1ba8e105e_Casserole_Dish"
            }
        ], 
        "resourceSize": 9670177, 
        "resources": "com.apple.rc.af.CasseroleDish.cde85bbc-3eb1-4970-9ba1-2da1ba8e105e"
    }
]