[
    1, 
    {
        "category": "Activities", 
        "items": [
            {
                "name": "Tennis Ball", 
                "ontology": {
                    "desc": [
                        {
                            "feature": "DataType", 
                            "featureType": "rigidBody-shapeType", 
                            "name": "sphere"
                        }, 
                        {
                            "feature": "*RigidBodyMaterial", 
                            "featureType": "rigidBody-material", 
                            "value": [
                                {
                                    "builtIn": "rubber", 
                                    "overrides": {}
                                }
                            ]
                        }
                    ], 
                    "root": "RigidBody"
                }, 
                "styles": [
                    {
                        "UUID": "v1:5275a990-79e8-4a24-b780-565d5de14b68", 
                        "name": "Realistic", 
                        "resource": "TennisBall_5275a990-79e8-4a24-b780-565d5de14b68_ball_tennis_realistic"
                    }, 
                    {
                        "UUID": "v1:5275a990-79e8-4a24-b780-565d5de14b68", 
                        "name": "Stylized", 
                        "resource": "TennisBall_5275a990-79e8-4a24-b780-565d5de14b68_ball_tennis_stylized"
                    }, 
                    {
                        "UUID": "v1:5275a990-79e8-4a24-b780-565d5de14b68", 
                        "name": "Iconic", 
                        "resource": "TennisBall_5275a990-79e8-4a24-b780-565d5de14b68_ball_tennis_iconic"
                    }
                ]
            }
        ], 
        "name": "TennisBall", 
        "presets": [
            {
                "argumentChanges": {
                    "item": {
                        "typeName": "String", 
                        "value": "Tennis Ball"
                    }, 
                    "style": {
                        "typeName": "String", 
                        "value": "Stylized"
                    }
                }, 
                "category": "Activities", 
                "description": "Tennis ball", 
                "name": "Tennis Ball", 
                "subcategory": "Sports", 
                "thumbnail": "com_apple_rc_af_TennisBall_0bee3e4f-946c-4b6d-96d1-9dbf6eea99ab_Tennis_Ball"
            }
        ], 
        "resourceSize": 13268066, 
        "resources": "com.apple.rc.af.TennisBall.0bee3e4f-946c-4b6d-96d1-9dbf6eea99ab"
    }
]