[
    1, 
    {
        "category": "Food", 
        "items": [
            {
                "name": "Knife", 
                "ontology": {
                    "desc": [
                        {
                            "feature": "*RigidBodyMaterial", 
                            "featureType": "rigidBody-material", 
                            "value": [
                                {
                                    "builtIn": "lead", 
                                    "overrides": {}
                                }
                            ]
                        }
                    ], 
                    "root": "RigidBody"
                }, 
                "styles": [
                    {
                        "UUID": "v1:3d99da83-6a28-4840-8281-ac0942c48de5", 
                        "name": "Realistic", 
                        "resource": "Knife_3d99da83-6a28-4840-8281-ac0942c48de5_knife_realistic"
                    }, 
                    {
                        "UUID": "v1:3d99da83-6a28-4840-8281-ac0942c48de5", 
                        "name": "Stylized", 
                        "resource": "Knife_3d99da83-6a28-4840-8281-ac0942c48de5_knife_stylized"
                    }, 
                    {
                        "UUID": "v1:3d99da83-6a28-4840-8281-ac0942c48de5", 
                        "name": "Iconic", 
                        "resource": "Knife_3d99da83-6a28-4840-8281-ac0942c48de5_knife_iconic"
                    }
                ]
            }
        ], 
        "name": "Knife", 
        "presets": [
            {
                "argumentChanges": {
                    "item": {
                        "typeName": "String", 
                        "value": "Knife"
                    }, 
                    "style": {
                        "typeName": "String", 
                        "value": "Stylized"
                    }
                }, 
                "category": "Food", 
                "description": "Butter knife", 
                "name": "Knife", 
                "subcategory": "Tableware", 
                "thumbnail": "com_apple_rc_af_Knife_bb27f6df-201c-4b3b-afab-ec2a5aac0905_Knife"
            }
        ], 
        "resourceSize": 7711198, 
        "resources": "com.apple.rc.af.Knife.bb27f6df-201c-4b3b-afab-ec2a5aac0905"
    }
]