[
    1, 
    {
        "category": "Activities", 
        "items": [
            {
                "name": "Flakewarp Marble 3", 
                "ontology": {
                    "desc": [
                        {
                            "feature": "DataType", 
                            "featureType": "rigidBody-shapeType", 
                            "name": "sphere"
                        }, 
                        {
                            "feature": "*RigidBodyMaterial", 
                            "featureType": "rigidBody-material", 
                            "value": [
                                {
                                    "builtIn": "plastic", 
                                    "overrides": {}
                                }
                            ]
                        }
                    ], 
                    "root": "RigidBody"
                }, 
                "styles": [
                    {
                        "UUID": "v1:e40cf844-091f-4002-b820-fbd5551fed0e", 
                        "name": "Realistic", 
                        "resource": "FlakewarpMarble3_e40cf844-091f-4002-b820-fbd5551fed0e_marble_flakewarp_03_realistic"
                    }, 
                    {
                        "UUID": "v1:e40cf844-091f-4002-b820-fbd5551fed0e", 
                        "name": "Stylized", 
                        "resource": "FlakewarpMarble3_e40cf844-091f-4002-b820-fbd5551fed0e_marble_flakewarp_03_stylized"
                    }, 
                    {
                        "UUID": "v1:e40cf844-091f-4002-b820-fbd5551fed0e", 
                        "name": "Iconic", 
                        "resource": "FlakewarpMarble3_e40cf844-091f-4002-b820-fbd5551fed0e_marble_flakewarp_03_iconic"
                    }
                ]
            }
        ], 
        "name": "FlakewarpMarble3", 
        "presets": [
            {
                "argumentChanges": {
                    "item": {
                        "typeName": "String", 
                        "value": "Flakewarp Marble 3"
                    }, 
                    "style": {
                        "typeName": "String", 
                        "value": "Realistic"
                    }
                }, 
                "category": "Activities", 
                "description": "Marble", 
                "name": "Flakewarp Marble 3", 
                "subcategory": "Games", 
                "thumbnail": "com_apple_rc_af_FlakewarpMarble3_1776e161-9233-4740-a81b-b9dbe11841f4_Flakewarp_Marble_3"
            }
        ], 
        "resourceSize": 7290084, 
        "resources": "com.apple.rc.af.FlakewarpMarble3.1776e161-9233-4740-a81b-b9dbe11841f4"
    }
]