[
    1, 
    {
        "category": "Work", 
        "items": [
            {
                "name": "Parcel Box", 
                "ontology": {
                    "desc": [
                        {
                            "feature": "DataType", 
                            "featureType": "rigidBody-shapeType", 
                            "name": "box"
                        }, 
                        {
                            "feature": "*RigidBodyMaterial", 
                            "featureType": "rigidBody-material", 
                            "value": [
                                {
                                    "builtIn": "wood", 
                                    "overrides": {}
                                }
                            ]
                        }
                    ], 
                    "root": "RigidBody"
                }, 
                "styles": [
                    {
                        "UUID": "v1:e6ea8c45-071a-464d-bd13-a0b5e4e62e9b", 
                        "name": "Realistic", 
                        "resource": "ParcelBox_e6ea8c45-071a-464d-bd13-a0b5e4e62e9b_parcel_box_realistic"
                    }, 
                    {
                        "UUID": "v1:e6ea8c45-071a-464d-bd13-a0b5e4e62e9b", 
                        "name": "Stylized", 
                        "resource": "ParcelBox_e6ea8c45-071a-464d-bd13-a0b5e4e62e9b_parcel_box_stylized"
                    }, 
                    {
                        "UUID": "v1:e6ea8c45-071a-464d-bd13-a0b5e4e62e9b", 
                        "name": "Iconic", 
                        "resource": "ParcelBox_e6ea8c45-071a-464d-bd13-a0b5e4e62e9b_parcel_box_iconic"
                    }
                ]
            }
        ], 
        "name": "ParcelBox", 
        "presets": [
            {
                "argumentChanges": {
                    "item": {
                        "typeName": "String", 
                        "value": "Parcel Box"
                    }, 
                    "style": {
                        "typeName": "String", 
                        "value": "Stylized"
                    }
                }, 
                "category": "Work", 
                "description": "Cardboard parcel box", 
                "name": "Parcel Box", 
                "subcategory": "Supplies", 
                "thumbnail": "com_apple_rc_af_ParcelBox_30092b89-8c08-480c-9354-1a6f1a6d9f84_Parcel_Box"
            }
        ], 
        "resourceSize": 18897394, 
        "resources": "com.apple.rc.af.ParcelBox.30092b89-8c08-480c-9354-1a6f1a6d9f84"
    }
]