[
    1, 
    {
        "category": "Food", 
        "items": [
            {
                "name": "Double Chocolate Cookie", 
                "ontology": {
                    "desc": [
                        {
                            "feature": "*RigidBodyMaterial", 
                            "featureType": "rigidBody-material", 
                            "value": [
                                {
                                    "builtIn": "wood", 
                                    "overrides": {}
                                }
                            ]
                        }
                    ], 
                    "root": "RigidBody"
                }, 
                "styles": [
                    {
                        "UUID": "v1:060fb190-bffe-4d13-99a6-49915539312f", 
                        "name": "Realistic", 
                        "resource": "DoubleChocolateCookie_060fb190-bffe-4d13-99a6-49915539312f_cookie_doublechocolate_1_realistic"
                    }
                ]
            }
        ], 
        "name": "DoubleChocolateCookie", 
        "presets": [
            {
                "argumentChanges": {
                    "item": {
                        "typeName": "String", 
                        "value": "Double Chocolate Cookie"
                    }, 
                    "style": {
                        "typeName": "String", 
                        "value": "Realistic"
                    }
                }, 
                "category": "Food", 
                "description": "Double chocolate cookie", 
                "name": "Double Chocolate Cookie", 
                "subcategory": "Scanned", 
                "thumbnail": "com_apple_rc_af_DoubleChocolateCookie_dc74ee0f-d7d8-4dc5-bac3-b7c525f050fb_Double_Chocolate_Cookie"
            }
        ], 
        "resourceSize": 12167621, 
        "resources": "com.apple.rc.af.DoubleChocolateCookie.dc74ee0f-d7d8-4dc5-bac3-b7c525f050fb"
    }
]