[
    1, 
    {
        "category": "Activities", 
        "items": [
            {
                "name": "Boxing Glove", 
                "ontology": {
                    "desc": [
                        {
                            "feature": "DataType", 
                            "featureType": "rigidBody-shapeType", 
                            "name": "capsule"
                        }, 
                        {
                            "feature": "*RigidBodyMaterial", 
                            "featureType": "rigidBody-material", 
                            "value": [
                                {
                                    "builtIn": "plastic", 
                                    "overrides": {}
                                }
                            ]
                        }
                    ], 
                    "root": "RigidBody"
                }, 
                "styles": [
                    {
                        "UUID": "v1:10515dab-ad5b-4a27-bbb1-333a68860302", 
                        "name": "Realistic", 
                        "resource": "BoxingGlove_10515dab-ad5b-4a27-bbb1-333a68860302_boxing_glove_realistic"
                    }, 
                    {
                        "UUID": "v1:10515dab-ad5b-4a27-bbb1-333a68860302", 
                        "name": "Stylized", 
                        "resource": "BoxingGlove_10515dab-ad5b-4a27-bbb1-333a68860302_boxing_glove_stylized"
                    }, 
                    {
                        "UUID": "v1:10515dab-ad5b-4a27-bbb1-333a68860302", 
                        "name": "Iconic", 
                        "resource": "BoxingGlove_10515dab-ad5b-4a27-bbb1-333a68860302_boxing_glove_iconic"
                    }
                ]
            }
        ], 
        "name": "BoxingGlove", 
        "presets": [
            {
                "argumentChanges": {
                    "item": {
                        "typeName": "String", 
                        "value": "Boxing Glove"
                    }, 
                    "style": {
                        "typeName": "String", 
                        "value": "Stylized"
                    }
                }, 
                "category": "Activities", 
                "description": "Right-handed boxing glove", 
                "name": "Boxing Glove", 
                "subcategory": "Sports", 
                "thumbnail": "com_apple_rc_af_BoxingGlove_a45845dc-8fdd-4cef-bb61-17db4d2dbe8f_Boxing_Glove"
            }
        ], 
        "resourceSize": 19486567, 
        "resources": "com.apple.rc.af.BoxingGlove.a45845dc-8fdd-4cef-bb61-17db4d2dbe8f"
    }
]