[
    1, 
    {
        "category": "Food", 
        "items": [
            {
                "name": "Frying Pan Steel", 
                "ontology": {
                    "desc": [
                        {
                            "feature": "*RigidBodyMaterial", 
                            "featureType": "rigidBody-material", 
                            "value": [
                                {
                                    "builtIn": "lead", 
                                    "overrides": {}
                                }
                            ]
                        }
                    ], 
                    "root": "RigidBody"
                }, 
                "styles": [
                    {
                        "UUID": "v1:ab1d6cb3-d11a-4e67-b14f-3d1d35dc1a7f", 
                        "name": "Realistic", 
                        "resource": "FryingPanSteel_ab1d6cb3-d11a-4e67-b14f-3d1d35dc1a7f_pan_frying_steel_realistic"
                    }, 
                    {
                        "UUID": "v1:ab1d6cb3-d11a-4e67-b14f-3d1d35dc1a7f", 
                        "name": "Stylized", 
                        "resource": "FryingPanSteel_ab1d6cb3-d11a-4e67-b14f-3d1d35dc1a7f_pan_frying_steel_stylized"
                    }, 
                    {
                        "UUID": "v1:ab1d6cb3-d11a-4e67-b14f-3d1d35dc1a7f", 
                        "name": "Iconic", 
                        "resource": "FryingPanSteel_ab1d6cb3-d11a-4e67-b14f-3d1d35dc1a7f_pan_frying_steel_iconic"
                    }
                ]
            }
        ], 
        "name": "FryingPanSteel", 
        "presets": [
            {
                "argumentChanges": {
                    "item": {
                        "typeName": "String", 
                        "value": "Frying Pan Steel"
                    }, 
                    "style": {
                        "typeName": "String", 
                        "value": "Stylized"
                    }
                }, 
                "category": "Food", 
                "description": "Steel frying pan", 
                "name": "Frying Pan Steel", 
                "subcategory": "Cookware", 
                "thumbnail": "com_apple_rc_af_FryingPanSteel_7c122973-2f0b-4710-a91f-74e57e9f23fe_Frying_Pan_Steel"
            }
        ], 
        "resourceSize": 8525035, 
        "resources": "com.apple.rc.af.FryingPanSteel.7c122973-2f0b-4710-a91f-74e57e9f23fe"
    }
]