[
    1, 
    {
        "category": "Work", 
        "items": [
            {
                "name": "Round Shovel", 
                "ontology": {
                    "desc": [
                        {
                            "feature": "*RigidBodyMaterial", 
                            "featureType": "rigidBody-material", 
                            "value": [
                                {
                                    "builtIn": "wood", 
                                    "overrides": {}
                                }
                            ]
                        }
                    ], 
                    "root": "RigidBody"
                }, 
                "styles": [
                    {
                        "UUID": "v1:8ce1f94c-b64f-4699-829b-5b73b2aeadca", 
                        "name": "Realistic", 
                        "resource": "RoundShovel_8ce1f94c-b64f-4699-829b-5b73b2aeadca_shovel_round_realistic"
                    }, 
                    {
                        "UUID": "v1:8ce1f94c-b64f-4699-829b-5b73b2aeadca", 
                        "name": "Stylized", 
                        "resource": "RoundShovel_8ce1f94c-b64f-4699-829b-5b73b2aeadca_shovel_round_stylized"
                    }, 
                    {
                        "UUID": "v1:8ce1f94c-b64f-4699-829b-5b73b2aeadca", 
                        "name": "Iconic", 
                        "resource": "RoundShovel_8ce1f94c-b64f-4699-829b-5b73b2aeadca_shovel_round_iconic"
                    }
                ]
            }
        ], 
        "name": "RoundShovel", 
        "presets": [
            {
                "argumentChanges": {
                    "item": {
                        "typeName": "String", 
                        "value": "Round Shovel"
                    }, 
                    "style": {
                        "typeName": "String", 
                        "value": "Stylized"
                    }
                }, 
                "category": "Work", 
                "description": "Rounded shovel", 
                "name": "Round Shovel", 
                "subcategory": "Tools", 
                "thumbnail": "com_apple_rc_af_RoundShovel_ff9f0484-6239-4a42-a069-ff59968b3efc_Round_Shovel"
            }
        ], 
        "resourceSize": 16119185, 
        "resources": "com.apple.rc.af.RoundShovel.ff9f0484-6239-4a42-a069-ff59968b3efc"
    }
]