[
    1, 
    {
        "category": "Activities", 
        "items": [
            {
                "name": "Bowling Ball", 
                "ontology": {
                    "desc": [
                        {
                            "feature": "DataType", 
                            "featureType": "rigidBody-shapeType", 
                            "name": "sphere"
                        }, 
                        {
                            "feature": "*RigidBodyMaterial", 
                            "featureType": "rigidBody-material", 
                            "value": [
                                {
                                    "builtIn": "wood", 
                                    "overrides": {}
                                }
                            ]
                        }
                    ], 
                    "root": "RigidBody"
                }, 
                "styles": [
                    {
                        "UUID": "v1:0c8d0b0a-afc1-4f4a-b60b-934c68f3490e", 
                        "name": "Realistic", 
                        "resource": "BowlingBall_0c8d0b0a-afc1-4f4a-b60b-934c68f3490e_ball_bowling_realistic"
                    }, 
                    {
                        "UUID": "v1:0c8d0b0a-afc1-4f4a-b60b-934c68f3490e", 
                        "name": "Stylized", 
                        "resource": "BowlingBall_0c8d0b0a-afc1-4f4a-b60b-934c68f3490e_ball_bowling_stylized"
                    }, 
                    {
                        "UUID": "v1:0c8d0b0a-afc1-4f4a-b60b-934c68f3490e", 
                        "name": "Iconic", 
                        "resource": "BowlingBall_0c8d0b0a-afc1-4f4a-b60b-934c68f3490e_ball_bowling_iconic"
                    }
                ]
            }
        ], 
        "name": "BowlingBall", 
        "presets": [
            {
                "argumentChanges": {
                    "item": {
                        "typeName": "String", 
                        "value": "Bowling Ball"
                    }, 
                    "style": {
                        "typeName": "String", 
                        "value": "Stylized"
                    }
                }, 
                "category": "Activities", 
                "description": "Bowling ball", 
                "name": "Bowling Ball", 
                "subcategory": "Sports", 
                "thumbnail": "com_apple_rc_af_BowlingBall_f1451973-93ba-4bdf-bb1f-f5d62357516e_Bowling_Ball"
            }
        ], 
        "resourceSize": 10773010, 
        "resources": "com.apple.rc.af.BowlingBall.f1451973-93ba-4bdf-bb1f-f5d62357516e"
    }
]