[
    1, 
    {
        "category": "Activities", 
        "items": [
            {
                "name": "Nine Ball", 
                "ontology": {
                    "desc": [
                        {
                            "feature": "DataType", 
                            "featureType": "rigidBody-shapeType", 
                            "name": "sphere"
                        }, 
                        {
                            "feature": "*RigidBodyMaterial", 
                            "featureType": "rigidBody-material", 
                            "value": [
                                {
                                    "builtIn": "plastic", 
                                    "overrides": {}
                                }
                            ]
                        }
                    ], 
                    "root": "RigidBody"
                }, 
                "styles": [
                    {
                        "UUID": "v1:b83c357f-6d55-4faf-bd5b-66feeeb21cfc", 
                        "name": "Realistic", 
                        "resource": "NineBall_b83c357f-6d55-4faf-bd5b-66feeeb21cfc_ball_pool_nine_realistic"
                    }, 
                    {
                        "UUID": "v1:b83c357f-6d55-4faf-bd5b-66feeeb21cfc", 
                        "name": "Stylized", 
                        "resource": "NineBall_b83c357f-6d55-4faf-bd5b-66feeeb21cfc_ball_pool_nine_stylized"
                    }, 
                    {
                        "UUID": "v1:b83c357f-6d55-4faf-bd5b-66feeeb21cfc", 
                        "name": "Iconic", 
                        "resource": "NineBall_b83c357f-6d55-4faf-bd5b-66feeeb21cfc_ball_pool_nine_iconic"
                    }
                ]
            }
        ], 
        "name": "NineBall", 
        "presets": [
            {
                "argumentChanges": {
                    "item": {
                        "typeName": "String", 
                        "value": "Nine Ball"
                    }, 
                    "style": {
                        "typeName": "String", 
                        "value": "Stylized"
                    }
                }, 
                "category": "Activities", 
                "description": "Billiards nine ball", 
                "name": "Nine Ball", 
                "subcategory": "Billiards", 
                "thumbnail": "com_apple_rc_af_NineBall_2bd90c80-b135-4aaa-8d1a-1d89b35fc7b1_Nine_Ball"
            }
        ], 
        "resourceSize": 5966099, 
        "resources": "com.apple.rc.af.NineBall.2bd90c80-b135-4aaa-8d1a-1d89b35fc7b1"
    }
]