[
    1, 
    {
        "category": "Food", 
        "items": [
            {
                "name": "Slice of Bread", 
                "ontology": {
                    "desc": [
                        {
                            "feature": "*RigidBodyMaterial", 
                            "featureType": "rigidBody-material", 
                            "value": [
                                {
                                    "builtIn": "wood", 
                                    "overrides": {}
                                }
                            ]
                        }
                    ], 
                    "root": "RigidBody"
                }, 
                "styles": [
                    {
                        "UUID": "v1:ec64bde9-6857-4604-afb5-b65f36b05434", 
                        "name": "Realistic", 
                        "resource": "SliceBread_ec64bde9-6857-4604-afb5-b65f36b05434_bread_slice_realistic"
                    }, 
                    {
                        "UUID": "v1:ec64bde9-6857-4604-afb5-b65f36b05434", 
                        "name": "Stylized", 
                        "resource": "SliceBread_ec64bde9-6857-4604-afb5-b65f36b05434_bread_slice_stylized"
                    }, 
                    {
                        "UUID": "v1:ec64bde9-6857-4604-afb5-b65f36b05434", 
                        "name": "Iconic", 
                        "resource": "SliceBread_ec64bde9-6857-4604-afb5-b65f36b05434_bread_slice_iconic"
                    }
                ]
            }
        ], 
        "name": "SliceBread", 
        "presets": [
            {
                "argumentChanges": {
                    "item": {
                        "typeName": "String", 
                        "value": "Slice of Bread"
                    }, 
                    "style": {
                        "typeName": "String", 
                        "value": "Stylized"
                    }
                }, 
                "category": "Food", 
                "description": "Slice of bread", 
                "name": "Slice of Bread", 
                "subcategory": "Baked Goods", 
                "thumbnail": "com_apple_rc_af_SliceBread_3cc9d218-7648-490f-a091-15663b878aae_Slice_of_Bread"
            }
        ], 
        "resourceSize": 19305637, 
        "resources": "com.apple.rc.af.SliceBread.3cc9d218-7648-490f-a091-15663b878aae"
    }
]