[
    1, 
    {
        "category": "Activities", 
        "items": [
            {
                "name": "Etching Marble 2", 
                "ontology": {
                    "desc": [
                        {
                            "feature": "DataType", 
                            "featureType": "rigidBody-shapeType", 
                            "name": "sphere"
                        }, 
                        {
                            "feature": "*RigidBodyMaterial", 
                            "featureType": "rigidBody-material", 
                            "value": [
                                {
                                    "builtIn": "plastic", 
                                    "overrides": {}
                                }
                            ]
                        }
                    ], 
                    "root": "RigidBody"
                }, 
                "styles": [
                    {
                        "UUID": "v1:acac136c-e258-4e5c-95d6-a700f5ab14c7", 
                        "name": "Realistic", 
                        "resource": "EtchingMarble2_acac136c-e258-4e5c-95d6-a700f5ab14c7_marble_etching_02_realistic"
                    }, 
                    {
                        "UUID": "v1:acac136c-e258-4e5c-95d6-a700f5ab14c7", 
                        "name": "Stylized", 
                        "resource": "EtchingMarble2_acac136c-e258-4e5c-95d6-a700f5ab14c7_marble_etching_02_stylized"
                    }, 
                    {
                        "UUID": "v1:acac136c-e258-4e5c-95d6-a700f5ab14c7", 
                        "name": "Iconic", 
                        "resource": "EtchingMarble2_acac136c-e258-4e5c-95d6-a700f5ab14c7_marble_etching_02_iconic"
                    }
                ]
            }
        ], 
        "name": "EtchingMarble2", 
        "presets": [
            {
                "argumentChanges": {
                    "item": {
                        "typeName": "String", 
                        "value": "Etching Marble 2"
                    }, 
                    "style": {
                        "typeName": "String", 
                        "value": "Realistic"
                    }
                }, 
                "category": "Activities", 
                "description": "Marble", 
                "name": "Etching Marble 2", 
                "subcategory": "Games", 
                "thumbnail": "com_apple_rc_af_EtchingMarble2_f100f46e-5ea9-43d9-ab7d-892c0a50e522_Etching_Marble_2"
            }
        ], 
        "resourceSize": 5634234, 
        "resources": "com.apple.rc.af.EtchingMarble2.f100f46e-5ea9-43d9-ab7d-892c0a50e522"
    }
]