[
    1, 
    {
        "category": "Arts", 
        "items": [
            {
                "name": "Eighth Note", 
                "ontology": {
                    "desc": [
                        {
                            "feature": "*RigidBodyMaterial", 
                            "featureType": "rigidBody-material", 
                            "value": [
                                {
                                    "builtIn": "plastic", 
                                    "overrides": {}
                                }
                            ]
                        }
                    ], 
                    "root": "RigidBody"
                }, 
                "styles": [
                    {
                        "UUID": "v1:c729fc83-d7ab-4dab-be39-dca8650b786f", 
                        "name": "Stylized", 
                        "resource": "EighthNote_c729fc83-d7ab-4dab-be39-dca8650b786f_musical_note_eight_stylized"
                    }, 
                    {
                        "UUID": "v1:c729fc83-d7ab-4dab-be39-dca8650b786f", 
                        "name": "Iconic", 
                        "resource": "EighthNote_c729fc83-d7ab-4dab-be39-dca8650b786f_musical_note_eight_iconic"
                    }
                ]
            }
        ], 
        "name": "EighthNote", 
        "presets": [
            {
                "argumentChanges": {
                    "item": {
                        "typeName": "String", 
                        "value": "Eighth Note"
                    }, 
                    "style": {
                        "typeName": "String", 
                        "value": "Stylized"
                    }
                }, 
                "category": "Arts", 
                "description": "Eighth music note", 
                "name": "Eighth Note", 
                "subcategory": "Music", 
                "thumbnail": "com_apple_rc_af_EighthNote_e2feafe3-77be-4f6c-a6a0-416cdad1a9e2_Eighth_Note"
            }
        ], 
        "resourceSize": 623194, 
        "resources": "com.apple.rc.af.EighthNote.e2feafe3-77be-4f6c-a6a0-416cdad1a9e2"
    }
]