[
    1, 
    {
        "category": "Furnishings", 
        "items": [
            {
                "name": "Tall Chair", 
                "ontology": {
                    "desc": [
                        {
                            "feature": "*RigidBodyMaterial", 
                            "featureType": "rigidBody-material", 
                            "value": [
                                {
                                    "builtIn": "wood", 
                                    "overrides": {}
                                }
                            ]
                        }
                    ], 
                    "root": "RigidBody"
                }, 
                "styles": [
                    {
                        "UUID": "v1:48dc9fc4-6972-4b75-9ccb-7ab7c8296eb2", 
                        "name": "Realistic", 
                        "resource": "TallChair_48dc9fc4-6972-4b75-9ccb-7ab7c8296eb2_furniture_chair_tall_realistic"
                    }, 
                    {
                        "UUID": "v1:48dc9fc4-6972-4b75-9ccb-7ab7c8296eb2", 
                        "name": "Stylized", 
                        "resource": "TallChair_48dc9fc4-6972-4b75-9ccb-7ab7c8296eb2_furniture_chair_tall_stylized"
                    }, 
                    {
                        "UUID": "v1:48dc9fc4-6972-4b75-9ccb-7ab7c8296eb2", 
                        "name": "Iconic", 
                        "resource": "TallChair_48dc9fc4-6972-4b75-9ccb-7ab7c8296eb2_furniture_chair_tall_iconic"
                    }
                ]
            }
        ], 
        "name": "TallChair", 
        "presets": [
            {
                "argumentChanges": {
                    "item": {
                        "typeName": "String", 
                        "value": "Tall Chair"
                    }, 
                    "style": {
                        "typeName": "String", 
                        "value": "Stylized"
                    }
                }, 
                "category": "Furnishings", 
                "description": "High back leather dining chair", 
                "name": "Tall Chair", 
                "subcategory": "Furniture", 
                "thumbnail": "com_apple_rc_af_TallChair_b6044822-4d19-4d2b-b455-b754168345cc_Tall_Chair"
            }
        ], 
        "resourceSize": 19555972, 
        "resources": "com.apple.rc.af.TallChair.b6044822-4d19-4d2b-b455-b754168345cc"
    }
]