[
    1, 
    {
        "category": "Food", 
        "items": [
            {
                "name": "Radicchio", 
                "ontology": {
                    "desc": [
                        {
                            "feature": "DataType", 
                            "featureType": "rigidBody-shapeType", 
                            "name": "sphere"
                        }, 
                        {
                            "feature": "*RigidBodyMaterial", 
                            "featureType": "rigidBody-material", 
                            "value": [
                                {
                                    "builtIn": "wood", 
                                    "overrides": {}
                                }
                            ]
                        }
                    ], 
                    "root": "RigidBody"
                }, 
                "styles": [
                    {
                        "UUID": "v1:28bc49ca-e871-4057-88f5-6baff7f06f1d", 
                        "name": "Realistic", 
                        "resource": "Radicchio_28bc49ca-e871-4057-88f5-6baff7f06f1d_radicchio_1_realistic"
                    }
                ]
            }
        ], 
        "name": "Radicchio", 
        "presets": [
            {
                "argumentChanges": {
                    "item": {
                        "typeName": "String", 
                        "value": "Radicchio"
                    }, 
                    "style": {
                        "typeName": "String", 
                        "value": "Realistic"
                    }
                }, 
                "category": "Food", 
                "description": "Head of radicchio", 
                "name": "Radicchio", 
                "subcategory": "Scanned", 
                "thumbnail": "com_apple_rc_af_Radicchio_d74a8dbc-3c9f-4927-bfde-73807c6735d7_Radicchio"
            }
        ], 
        "resourceSize": 7976416, 
        "resources": "com.apple.rc.af.Radicchio.d74a8dbc-3c9f-4927-bfde-73807c6735d7"
    }
]