[
    1, 
    {
        "category": "Food", 
        "items": [
            {
                "name": "Saucer", 
                "ontology": {
                    "desc": [
                        {
                            "feature": "*RigidBodyMaterial", 
                            "featureType": "rigidBody-material", 
                            "value": [
                                {
                                    "builtIn": "wood", 
                                    "overrides": {}
                                }
                            ]
                        }
                    ], 
                    "root": "RigidBody"
                }, 
                "styles": [
                    {
                        "UUID": "v1:7500e59f-9ae6-4d98-942d-0f9a622c1f13", 
                        "name": "Realistic", 
                        "resource": "Saucer_7500e59f-9ae6-4d98-942d-0f9a622c1f13_saucer_realistic"
                    }, 
                    {
                        "UUID": "v1:7500e59f-9ae6-4d98-942d-0f9a622c1f13", 
                        "name": "Stylized", 
                        "resource": "Saucer_7500e59f-9ae6-4d98-942d-0f9a622c1f13_saucer_stylized"
                    }, 
                    {
                        "UUID": "v1:7500e59f-9ae6-4d98-942d-0f9a622c1f13", 
                        "name": "Iconic", 
                        "resource": "Saucer_7500e59f-9ae6-4d98-942d-0f9a622c1f13_saucer_iconic"
                    }
                ]
            }
        ], 
        "name": "Saucer", 
        "presets": [
            {
                "argumentChanges": {
                    "item": {
                        "typeName": "String", 
                        "value": "Saucer"
                    }, 
                    "style": {
                        "typeName": "String", 
                        "value": "Stylized"
                    }
                }, 
                "category": "Food", 
                "description": "Tea cup saucer", 
                "name": "Saucer", 
                "subcategory": "Tableware", 
                "thumbnail": "com_apple_rc_af_Saucer_300ef7f5-b4ce-4ce8-a8c0-993ce01075e2_Saucer"
            }
        ], 
        "resourceSize": 6686461, 
        "resources": "com.apple.rc.af.Saucer.300ef7f5-b4ce-4ce8-a8c0-993ce01075e2"
    }
]