[
    1, 
    {
        "category": "Work", 
        "items": [
            {
                "name": "Push Pin", 
                "ontology": {
                    "desc": [
                        {
                            "feature": "*RigidBodyMaterial", 
                            "featureType": "rigidBody-material", 
                            "value": [
                                {
                                    "builtIn": "plastic", 
                                    "overrides": {}
                                }
                            ]
                        }
                    ], 
                    "root": "RigidBody"
                }, 
                "styles": [
                    {
                        "UUID": "v1:fc53d15a-022c-48bc-8cad-567e2c832684", 
                        "name": "Realistic", 
                        "resource": "PushPin_fc53d15a-022c-48bc-8cad-567e2c832684_push_pin_realistic"
                    }, 
                    {
                        "UUID": "v1:fc53d15a-022c-48bc-8cad-567e2c832684", 
                        "name": "Stylized", 
                        "resource": "PushPin_fc53d15a-022c-48bc-8cad-567e2c832684_push_pin_stylized"
                    }, 
                    {
                        "UUID": "v1:fc53d15a-022c-48bc-8cad-567e2c832684", 
                        "name": "Iconic", 
                        "resource": "PushPin_fc53d15a-022c-48bc-8cad-567e2c832684_push_pin_iconic"
                    }
                ]
            }
        ], 
        "name": "PushPin", 
        "presets": [
            {
                "argumentChanges": {
                    "item": {
                        "typeName": "String", 
                        "value": "Push Pin"
                    }, 
                    "style": {
                        "typeName": "String", 
                        "value": "Stylized"
                    }
                }, 
                "category": "Work", 
                "description": "Push pin", 
                "name": "Push Pin", 
                "subcategory": "Supplies", 
                "thumbnail": "com_apple_rc_af_PushPin_eb0ef716-91b4-42e0-b19f-449516723cbe_Push_Pin"
            }
        ], 
        "resourceSize": 434089, 
        "resources": "com.apple.rc.af.PushPin.eb0ef716-91b4-42e0-b19f-449516723cbe"
    }
]