[
    1, 
    {
        "category": "Activities", 
        "items": [
            {
                "name": "Twist Marble 4", 
                "ontology": {
                    "desc": [
                        {
                            "feature": "DataType", 
                            "featureType": "rigidBody-shapeType", 
                            "name": "sphere"
                        }, 
                        {
                            "feature": "*RigidBodyMaterial", 
                            "featureType": "rigidBody-material", 
                            "value": [
                                {
                                    "builtIn": "plastic", 
                                    "overrides": {}
                                }
                            ]
                        }
                    ], 
                    "root": "RigidBody"
                }, 
                "styles": [
                    {
                        "UUID": "v1:e6edb648-4a78-415f-a106-d0b79bae6e70", 
                        "name": "Realistic", 
                        "resource": "TwistMarble4_e6edb648-4a78-415f-a106-d0b79bae6e70_marble_twist_04_realistic"
                    }, 
                    {
                        "UUID": "v1:e6edb648-4a78-415f-a106-d0b79bae6e70", 
                        "name": "Stylized", 
                        "resource": "TwistMarble4_e6edb648-4a78-415f-a106-d0b79bae6e70_marble_twist_04_stylized"
                    }, 
                    {
                        "UUID": "v1:e6edb648-4a78-415f-a106-d0b79bae6e70", 
                        "name": "Iconic", 
                        "resource": "TwistMarble4_e6edb648-4a78-415f-a106-d0b79bae6e70_marble_twist_04_iconic"
                    }
                ]
            }
        ], 
        "name": "TwistMarble4", 
        "presets": [
            {
                "argumentChanges": {
                    "item": {
                        "typeName": "String", 
                        "value": "Twist Marble 4"
                    }, 
                    "style": {
                        "typeName": "String", 
                        "value": "Realistic"
                    }
                }, 
                "category": "Activities", 
                "description": "Marble", 
                "name": "Twist Marble 4", 
                "subcategory": "Games", 
                "thumbnail": "com_apple_rc_af_TwistMarble4_8f5b4e77-db0c-4b5e-83a0-b5555d5072f8_Twist_Marble_4"
            }
        ], 
        "resourceSize": 14640285, 
        "resources": "com.apple.rc.af.TwistMarble4.8f5b4e77-db0c-4b5e-83a0-b5555d5072f8"
    }
]