[
    1, 
    {
        "category": "Symbols", 
        "items": [
            {
                "name": "Mailbox", 
                "ontology": {
                    "desc": [
                        {
                            "feature": "*RigidBodyMaterial", 
                            "featureType": "rigidBody-material", 
                            "value": [
                                {
                                    "builtIn": "lead", 
                                    "overrides": {}
                                }
                            ]
                        }
                    ], 
                    "root": "RigidBody"
                }, 
                "styles": [
                    {
                        "UUID": "v1:cd088c64-7e64-4c55-b5e1-63b89b74200b", 
                        "name": "Realistic", 
                        "resource": "Mailbox_cd088c64-7e64-4c55-b5e1-63b89b74200b_mailbox_residential_realistic"
                    }, 
                    {
                        "UUID": "v1:cd088c64-7e64-4c55-b5e1-63b89b74200b", 
                        "name": "Stylized", 
                        "resource": "Mailbox_cd088c64-7e64-4c55-b5e1-63b89b74200b_mailbox_residential_stylized"
                    }, 
                    {
                        "UUID": "v1:cd088c64-7e64-4c55-b5e1-63b89b74200b", 
                        "name": "Iconic", 
                        "resource": "Mailbox_cd088c64-7e64-4c55-b5e1-63b89b74200b_mailbox_residential_iconic"
                    }
                ]
            }
        ], 
        "name": "Mailbox", 
        "presets": [
            {
                "argumentChanges": {
                    "item": {
                        "typeName": "String", 
                        "value": "Mailbox"
                    }, 
                    "style": {
                        "typeName": "String", 
                        "value": "Stylized"
                    }
                }, 
                "category": "Symbols", 
                "description": "Mailbox", 
                "name": "Mailbox", 
                "subcategory": "Communication", 
                "thumbnail": "com_apple_rc_af_Mailbox_46d4dffa-df29-42bc-af8d-d7fda53a73dd_Mailbox"
            }
        ], 
        "resourceSize": 17663705, 
        "resources": "com.apple.rc.af.Mailbox.46d4dffa-df29-42bc-af8d-d7fda53a73dd"
    }
]