[
    1, 
    {
        "category": "Work", 
        "items": [
            {
                "name": "Broom", 
                "ontology": {
                    "desc": [
                        {
                            "feature": "*RigidBodyMaterial", 
                            "featureType": "rigidBody-material", 
                            "value": [
                                {
                                    "builtIn": "wood", 
                                    "overrides": {}
                                }
                            ]
                        }
                    ], 
                    "root": "RigidBody"
                }, 
                "styles": [
                    {
                        "UUID": "v1:7ca385b3-84f5-4a33-8137-d6a7989ab4b4", 
                        "name": "Realistic", 
                        "resource": "Broom_7ca385b3-84f5-4a33-8137-d6a7989ab4b4_broom_realistic"
                    }, 
                    {
                        "UUID": "v1:7ca385b3-84f5-4a33-8137-d6a7989ab4b4", 
                        "name": "Stylized", 
                        "resource": "Broom_7ca385b3-84f5-4a33-8137-d6a7989ab4b4_broom_stylized"
                    }, 
                    {
                        "UUID": "v1:7ca385b3-84f5-4a33-8137-d6a7989ab4b4", 
                        "name": "Iconic", 
                        "resource": "Broom_7ca385b3-84f5-4a33-8137-d6a7989ab4b4_broom_iconic"
                    }
                ]
            }
        ], 
        "name": "Broom", 
        "presets": [
            {
                "argumentChanges": {
                    "item": {
                        "typeName": "String", 
                        "value": "Broom"
                    }, 
                    "style": {
                        "typeName": "String", 
                        "value": "Stylized"
                    }
                }, 
                "category": "Work", 
                "description": "Broom", 
                "name": "Broom", 
                "subcategory": "Tools", 
                "thumbnail": "com_apple_rc_af_Broom_136bc9c8-53ae-4bec-9ca0-41700358c2ff_Broom"
            }
        ], 
        "resourceSize": 30081085, 
        "resources": "com.apple.rc.af.Broom.136bc9c8-53ae-4bec-9ca0-41700358c2ff"
    }
]