[
    1, 
    {
        "category": "Activities", 
        "items": [
            {
                "name": "Boxing Glove Left", 
                "ontology": {
                    "desc": [
                        {
                            "feature": "DataType", 
                            "featureType": "rigidBody-shapeType", 
                            "name": "capsule"
                        }, 
                        {
                            "feature": "*RigidBodyMaterial", 
                            "featureType": "rigidBody-material", 
                            "value": [
                                {
                                    "builtIn": "plastic", 
                                    "overrides": {}
                                }
                            ]
                        }
                    ], 
                    "root": "RigidBody"
                }, 
                "styles": [
                    {
                        "UUID": "v1:b1838f2f-3bfc-48dc-875a-47fe2d6dce84", 
                        "name": "Realistic", 
                        "resource": "BoxingGloveLeft_b1838f2f-3bfc-48dc-875a-47fe2d6dce84_boxing_glove_left_realistic"
                    }, 
                    {
                        "UUID": "v1:b1838f2f-3bfc-48dc-875a-47fe2d6dce84", 
                        "name": "Stylized", 
                        "resource": "BoxingGloveLeft_b1838f2f-3bfc-48dc-875a-47fe2d6dce84_boxing_glove_left_stylized"
                    }, 
                    {
                        "UUID": "v1:b1838f2f-3bfc-48dc-875a-47fe2d6dce84", 
                        "name": "Iconic", 
                        "resource": "BoxingGloveLeft_b1838f2f-3bfc-48dc-875a-47fe2d6dce84_boxing_glove_left_iconic"
                    }
                ]
            }
        ], 
        "name": "BoxingGloveLeft", 
        "presets": [
            {
                "argumentChanges": {
                    "item": {
                        "typeName": "String", 
                        "value": "Boxing Glove Left"
                    }, 
                    "style": {
                        "typeName": "String", 
                        "value": "Stylized"
                    }
                }, 
                "category": "Activities", 
                "description": "Left-handed boxing glove", 
                "name": "Boxing Glove Left", 
                "subcategory": "Sports", 
                "thumbnail": "com_apple_rc_af_BoxingGloveLeft_8b4c52eb-d6f2-4b5c-bda8-90b3efe19622_Boxing_Glove_Left"
            }
        ], 
        "resourceSize": 19992150, 
        "resources": "com.apple.rc.af.BoxingGloveLeft.8b4c52eb-d6f2-4b5c-bda8-90b3efe19622"
    }
]