[
    1, 
    {
        "category": "Food", 
        "items": [
            {
                "name": "Hot Dog", 
                "ontology": {
                    "desc": [
                        {
                            "feature": "DataType", 
                            "featureType": "rigidBody-shapeType", 
                            "name": "capsule"
                        }, 
                        {
                            "feature": "*RigidBodyMaterial", 
                            "featureType": "rigidBody-material", 
                            "value": [
                                {
                                    "builtIn": "wood", 
                                    "overrides": {}
                                }
                            ]
                        }
                    ], 
                    "root": "RigidBody"
                }, 
                "styles": [
                    {
                        "UUID": "v1:245360a9-dbfe-4024-a351-0f782db92d25", 
                        "name": "Realistic", 
                        "resource": "HotDog_245360a9-dbfe-4024-a351-0f782db92d25_hotdog_realistic"
                    }, 
                    {
                        "UUID": "v1:245360a9-dbfe-4024-a351-0f782db92d25", 
                        "name": "Stylized", 
                        "resource": "HotDog_245360a9-dbfe-4024-a351-0f782db92d25_hotdog_stylized"
                    }, 
                    {
                        "UUID": "v1:245360a9-dbfe-4024-a351-0f782db92d25", 
                        "name": "Iconic", 
                        "resource": "HotDog_245360a9-dbfe-4024-a351-0f782db92d25_hotdog_iconic"
                    }
                ]
            }
        ], 
        "name": "HotDog", 
        "presets": [
            {
                "argumentChanges": {
                    "item": {
                        "typeName": "String", 
                        "value": "Hot Dog"
                    }, 
                    "style": {
                        "typeName": "String", 
                        "value": "Stylized"
                    }
                }, 
                "category": "Food", 
                "description": "Hotdog", 
                "name": "Hot Dog", 
                "subcategory": "Meals", 
                "thumbnail": "com_apple_rc_af_HotDog_fe113d39-4606-4e94-8ad3-0411f098c100_Hot_Dog"
            }
        ], 
        "resourceSize": 51937282, 
        "resources": "com.apple.rc.af.HotDog.fe113d39-4606-4e94-8ad3-0411f098c100"
    }
]