[
    1, 
    {
        "category": "Food", 
        "items": [
            {
                "name": "Ramen", 
                "ontology": {
                    "desc": [
                        {
                            "feature": "*RigidBodyMaterial", 
                            "featureType": "rigidBody-material", 
                            "value": [
                                {
                                    "builtIn": "wood", 
                                    "overrides": {}
                                }
                            ]
                        }
                    ], 
                    "root": "RigidBody"
                }, 
                "styles": [
                    {
                        "UUID": "v1:b899c2e6-58cb-41a2-9545-b5dbbe83ebb7", 
                        "name": "Realistic", 
                        "resource": "Ramen_b899c2e6-58cb-41a2-9545-b5dbbe83ebb7_dish_ramen_realistic"
                    }, 
                    {
                        "UUID": "v1:b899c2e6-58cb-41a2-9545-b5dbbe83ebb7", 
                        "name": "Stylized", 
                        "resource": "Ramen_b899c2e6-58cb-41a2-9545-b5dbbe83ebb7_dish_ramen_stylized"
                    }, 
                    {
                        "UUID": "v1:b899c2e6-58cb-41a2-9545-b5dbbe83ebb7", 
                        "name": "Iconic", 
                        "resource": "Ramen_b899c2e6-58cb-41a2-9545-b5dbbe83ebb7_dish_ramen_iconic"
                    }
                ]
            }
        ], 
        "name": "Ramen", 
        "presets": [
            {
                "argumentChanges": {
                    "item": {
                        "typeName": "String", 
                        "value": "Ramen"
                    }, 
                    "style": {
                        "typeName": "String", 
                        "value": "Stylized"
                    }
                }, 
                "category": "Food", 
                "description": "Bowl of ramen", 
                "name": "Ramen", 
                "subcategory": "Meals", 
                "thumbnail": "com_apple_rc_af_Ramen_a16e6682-2d31-4be8-adf0-ad91b15bf26e_Ramen"
            }
        ], 
        "resourceSize": 20410595, 
        "resources": "com.apple.rc.af.Ramen.a16e6682-2d31-4be8-adf0-ad91b15bf26e"
    }
]