[
    1, 
    {
        "category": "Work", 
        "items": [
            {
                "name": "Square Shovel", 
                "ontology": {
                    "desc": [
                        {
                            "feature": "*RigidBodyMaterial", 
                            "featureType": "rigidBody-material", 
                            "value": [
                                {
                                    "builtIn": "wood", 
                                    "overrides": {}
                                }
                            ]
                        }
                    ], 
                    "root": "RigidBody"
                }, 
                "styles": [
                    {
                        "UUID": "v1:fb3e0278-f827-4ed9-8bc7-bcc77b275260", 
                        "name": "Realistic", 
                        "resource": "SquareShovel_fb3e0278-f827-4ed9-8bc7-bcc77b275260_shovel_straight_realistic"
                    }, 
                    {
                        "UUID": "v1:fb3e0278-f827-4ed9-8bc7-bcc77b275260", 
                        "name": "Stylized", 
                        "resource": "SquareShovel_fb3e0278-f827-4ed9-8bc7-bcc77b275260_shovel_straight_stylized"
                    }, 
                    {
                        "UUID": "v1:fb3e0278-f827-4ed9-8bc7-bcc77b275260", 
                        "name": "Iconic", 
                        "resource": "SquareShovel_fb3e0278-f827-4ed9-8bc7-bcc77b275260_shovel_straight_iconic"
                    }
                ]
            }
        ], 
        "name": "SquareShovel", 
        "presets": [
            {
                "argumentChanges": {
                    "item": {
                        "typeName": "String", 
                        "value": "Square Shovel"
                    }, 
                    "style": {
                        "typeName": "String", 
                        "value": "Stylized"
                    }
                }, 
                "category": "Work", 
                "description": "Square shovel", 
                "name": "Square Shovel", 
                "subcategory": "Tools", 
                "thumbnail": "com_apple_rc_af_SquareShovel_a758cb95-bf58-4e2a-a5dd-48c0d356a821_Square_Shovel"
            }
        ], 
        "resourceSize": 61812284, 
        "resources": "com.apple.rc.af.SquareShovel.a758cb95-bf58-4e2a-a5dd-48c0d356a821"
    }
]