[
    1, 
    {
        "category": "Symbols", 
        "items": [
            {
                "name": "Gold Bar", 
                "ontology": {
                    "desc": [
                        {
                            "feature": "DataType", 
                            "featureType": "rigidBody-shapeType", 
                            "name": "box"
                        }, 
                        {
                            "feature": "*RigidBodyMaterial", 
                            "featureType": "rigidBody-material", 
                            "value": [
                                {
                                    "builtIn": "lead", 
                                    "overrides": {}
                                }
                            ]
                        }
                    ], 
                    "root": "RigidBody"
                }, 
                "styles": [
                    {
                        "UUID": "v1:87c1473c-cb01-473f-a46f-e866471f45d0", 
                        "name": "Realistic", 
                        "resource": "GoldBar_87c1473c-cb01-473f-a46f-e866471f45d0_gold_bar_realistic"
                    }, 
                    {
                        "UUID": "v1:87c1473c-cb01-473f-a46f-e866471f45d0", 
                        "name": "Stylized", 
                        "resource": "GoldBar_87c1473c-cb01-473f-a46f-e866471f45d0_gold_bar_stylized"
                    }, 
                    {
                        "UUID": "v1:87c1473c-cb01-473f-a46f-e866471f45d0", 
                        "name": "Iconic", 
                        "resource": "GoldBar_87c1473c-cb01-473f-a46f-e866471f45d0_gold_bar_iconic"
                    }
                ]
            }
        ], 
        "name": "GoldBar", 
        "presets": [
            {
                "argumentChanges": {
                    "item": {
                        "typeName": "String", 
                        "value": "Gold Bar"
                    }, 
                    "style": {
                        "typeName": "String", 
                        "value": "Stylized"
                    }
                }, 
                "category": "Symbols", 
                "description": "Gold bar", 
                "name": "Gold Bar", 
                "subcategory": "Finance", 
                "thumbnail": "com_apple_rc_af_GoldBar_daca25ea-b965-43a5-8cc8-edbf52e9a7dd_Gold_Bar"
            }
        ], 
        "resourceSize": 10016617, 
        "resources": "com.apple.rc.af.GoldBar.daca25ea-b965-43a5-8cc8-edbf52e9a7dd"
    }
]