[
    1, 
    {
        "category": "Work", 
        "items": [
            {
                "name": "Push Broom", 
                "ontology": {
                    "desc": [
                        {
                            "feature": "*RigidBodyMaterial", 
                            "featureType": "rigidBody-material", 
                            "value": [
                                {
                                    "builtIn": "wood", 
                                    "overrides": {}
                                }
                            ]
                        }
                    ], 
                    "root": "RigidBody"
                }, 
                "styles": [
                    {
                        "UUID": "v1:415ca699-cc63-4178-a4c0-e0cc5258beff", 
                        "name": "Realistic", 
                        "resource": "PushBroom_415ca699-cc63-4178-a4c0-e0cc5258beff_broom_push_realistic"
                    }, 
                    {
                        "UUID": "v1:415ca699-cc63-4178-a4c0-e0cc5258beff", 
                        "name": "Stylized", 
                        "resource": "PushBroom_415ca699-cc63-4178-a4c0-e0cc5258beff_broom_push_stylized"
                    }, 
                    {
                        "UUID": "v1:415ca699-cc63-4178-a4c0-e0cc5258beff", 
                        "name": "Iconic", 
                        "resource": "PushBroom_415ca699-cc63-4178-a4c0-e0cc5258beff_broom_push_iconic"
                    }
                ]
            }
        ], 
        "name": "PushBroom", 
        "presets": [
            {
                "argumentChanges": {
                    "item": {
                        "typeName": "String", 
                        "value": "Push Broom"
                    }, 
                    "style": {
                        "typeName": "String", 
                        "value": "Stylized"
                    }
                }, 
                "category": "Work", 
                "description": "Push broom", 
                "name": "Push Broom", 
                "subcategory": "Tools", 
                "thumbnail": "com_apple_rc_af_PushBroom_a9833f96-298f-49b6-ab98-6dbbb5f13a60_Push_Broom"
            }
        ], 
        "resourceSize": 19066744, 
        "resources": "com.apple.rc.af.PushBroom.a9833f96-298f-49b6-ab98-6dbbb5f13a60"
    }
]