[
    1, 
    {
        "category": "Places", 
        "items": [
            {
                "name": "Bus Stop Icon", 
                "ontology": {
                    "desc": [], 
                    "root": "RigidBody"
                }, 
                "styles": [
                    {
                        "UUID": "v1:78e1e02f-063c-453c-a444-19bd093111dc", 
                        "name": "Stylized", 
                        "resource": "BusStopIcon_78e1e02f-063c-453c-a444-19bd093111dc_icon_bus_stop_stylized"
                    }, 
                    {
                        "UUID": "v1:78e1e02f-063c-453c-a444-19bd093111dc", 
                        "name": "Iconic", 
                        "resource": "BusStopIcon_78e1e02f-063c-453c-a444-19bd093111dc_icon_bus_stop_iconic"
                    }
                ]
            }
        ], 
        "name": "BusStopIcon", 
        "presets": [
            {
                "argumentChanges": {
                    "item": {
                        "typeName": "String", 
                        "value": "Bus Stop Icon"
                    }, 
                    "style": {
                        "typeName": "String", 
                        "value": "Stylized"
                    }
                }, 
                "category": "Places", 
                "description": "Bus stop icon", 
                "name": "Bus Stop Icon", 
                "subcategory": "Locations", 
                "thumbnail": "com_apple_rc_af_BusStopIcon_acd82e41-e10b-4d4e-bf56-e9173f68899d_Bus_Stop_Icon"
            }
        ], 
        "resourceSize": 7056335, 
        "resources": "com.apple.rc.af.BusStopIcon.acd82e41-e10b-4d4e-bf56-e9173f68899d"
    }
]