[
    1, 
    {
        "category": "Work", 
        "items": [
            {
                "name": "Axe", 
                "ontology": {
                    "desc": [
                        {
                            "feature": "*RigidBodyMaterial", 
                            "featureType": "rigidBody-material", 
                            "value": [
                                {
                                    "builtIn": "wood", 
                                    "overrides": {}
                                }
                            ]
                        }
                    ], 
                    "root": "RigidBody"
                }, 
                "styles": [
                    {
                        "UUID": "v1:c376e10d-f19e-49ea-927d-6243f3559209", 
                        "name": "Realistic", 
                        "resource": "Axe_c376e10d-f19e-49ea-927d-6243f3559209_axe_realistic"
                    }, 
                    {
                        "UUID": "v1:c376e10d-f19e-49ea-927d-6243f3559209", 
                        "name": "Stylized", 
                        "resource": "Axe_c376e10d-f19e-49ea-927d-6243f3559209_axe_stylized"
                    }, 
                    {
                        "UUID": "v1:c376e10d-f19e-49ea-927d-6243f3559209", 
                        "name": "Iconic", 
                        "resource": "Axe_c376e10d-f19e-49ea-927d-6243f3559209_axe_iconic"
                    }
                ]
            }
        ], 
        "name": "Axe", 
        "presets": [
            {
                "argumentChanges": {
                    "item": {
                        "typeName": "String", 
                        "value": "Axe"
                    }, 
                    "style": {
                        "typeName": "String", 
                        "value": "Stylized"
                    }
                }, 
                "category": "Work", 
                "description": "Axe", 
                "name": "Axe", 
                "subcategory": "Tools", 
                "thumbnail": "com_apple_rc_af_Axe_e00e4c5f-082c-4fea-a7e6-70ad0604869a_Axe"
            }
        ], 
        "resourceSize": 10878290, 
        "resources": "com.apple.rc.af.Axe.e00e4c5f-082c-4fea-a7e6-70ad0604869a"
    }
]