[
    1, 
    {
        "category": "Work", 
        "items": [
            {
                "name": "Envelope", 
                "ontology": {
                    "desc": [
                        {
                            "feature": "DataType", 
                            "featureType": "rigidBody-shapeType", 
                            "name": "box"
                        }, 
                        {
                            "feature": "*RigidBodyMaterial", 
                            "featureType": "rigidBody-material", 
                            "value": [
                                {
                                    "builtIn": "wood", 
                                    "overrides": {}
                                }
                            ]
                        }
                    ], 
                    "root": "RigidBody"
                }, 
                "styles": [
                    {
                        "UUID": "v1:91800ae1-88cb-4ba4-8edd-cda9d74d9537", 
                        "name": "Realistic", 
                        "resource": "Envelope_91800ae1-88cb-4ba4-8edd-cda9d74d9537_envelope_realistic"
                    }, 
                    {
                        "UUID": "v1:91800ae1-88cb-4ba4-8edd-cda9d74d9537", 
                        "name": "Stylized", 
                        "resource": "Envelope_91800ae1-88cb-4ba4-8edd-cda9d74d9537_envelope_stylized"
                    }, 
                    {
                        "UUID": "v1:91800ae1-88cb-4ba4-8edd-cda9d74d9537", 
                        "name": "Iconic", 
                        "resource": "Envelope_91800ae1-88cb-4ba4-8edd-cda9d74d9537_envelope_iconic"
                    }
                ]
            }
        ], 
        "name": "Envelope", 
        "presets": [
            {
                "argumentChanges": {
                    "item": {
                        "typeName": "String", 
                        "value": "Envelope"
                    }, 
                    "style": {
                        "typeName": "String", 
                        "value": "Stylized"
                    }
                }, 
                "category": "Work", 
                "description": "Envelope", 
                "name": "Envelope", 
                "subcategory": "Supplies", 
                "thumbnail": "com_apple_rc_af_Envelope_0751bead-d946-45bc-b59e-766c7d6451ef_Envelope"
            }
        ], 
        "resourceSize": 12344692, 
        "resources": "com.apple.rc.af.Envelope.0751bead-d946-45bc-b59e-766c7d6451ef"
    }
]