[
    1, 
    {
        "category": "Food", 
        "items": [
            {
                "name": "Cookies and Cream Cake", 
                "ontology": {
                    "desc": [
                        {
                            "feature": "*RigidBodyMaterial", 
                            "featureType": "rigidBody-material", 
                            "value": [
                                {
                                    "builtIn": "wood", 
                                    "overrides": {}
                                }
                            ]
                        }
                    ], 
                    "root": "RigidBody"
                }, 
                "styles": [
                    {
                        "UUID": "v1:c10b618e-1a53-4de9-a950-b607de6af8b3", 
                        "name": "Realistic", 
                        "resource": "CookiesCreamCake_c10b618e-1a53-4de9-a950-b607de6af8b3_cake_cookiesandcream_1_realistic"
                    }, 
                    {
                        "UUID": "v1:c10b618e-1a53-4de9-a950-b607de6af8b3", 
                        "name": "Stylized", 
                        "resource": "CookiesCreamCake_c10b618e-1a53-4de9-a950-b607de6af8b3_cake_cookiesandcream_1_stylized"
                    }, 
                    {
                        "UUID": "v1:c10b618e-1a53-4de9-a950-b607de6af8b3", 
                        "name": "Iconic", 
                        "resource": "CookiesCreamCake_c10b618e-1a53-4de9-a950-b607de6af8b3_cake_cookiesandcream_1_iconic"
                    }
                ]
            }
        ], 
        "name": "CookiesCreamCake", 
        "presets": [
            {
                "argumentChanges": {
                    "item": {
                        "typeName": "String", 
                        "value": "Cookies and Cream Cake"
                    }, 
                    "style": {
                        "typeName": "String", 
                        "value": "Realistic"
                    }
                }, 
                "category": "Food", 
                "description": "Cookies and cream cake", 
                "name": "Cookies and Cream Cake", 
                "subcategory": "Scanned", 
                "thumbnail": "com_apple_rc_af_CookiesCreamCake_5a8c0b1b-ca3b-4027-a83e-d4106a21ebd5_Cookies_and_Cream_Cake"
            }
        ], 
        "resourceSize": 20403821, 
        "resources": "com.apple.rc.af.CookiesCreamCake.5a8c0b1b-ca3b-4027-a83e-d4106a21ebd5"
    }
]