[
    1, 
    {
        "category": "Food", 
        "items": [
            {
                "name": "Taco", 
                "ontology": {
                    "desc": [
                        {
                            "feature": "*RigidBodyMaterial", 
                            "featureType": "rigidBody-material", 
                            "value": [
                                {
                                    "builtIn": "wood", 
                                    "overrides": {}
                                }
                            ]
                        }
                    ], 
                    "root": "RigidBody"
                }, 
                "styles": [
                    {
                        "UUID": "v1:36801580-fd91-4250-b8d1-8c68f247224b", 
                        "name": "Realistic", 
                        "resource": "Taco_36801580-fd91-4250-b8d1-8c68f247224b_taco_realistic"
                    }, 
                    {
                        "UUID": "v1:36801580-fd91-4250-b8d1-8c68f247224b", 
                        "name": "Stylized", 
                        "resource": "Taco_36801580-fd91-4250-b8d1-8c68f247224b_taco_stylized"
                    }, 
                    {
                        "UUID": "v1:36801580-fd91-4250-b8d1-8c68f247224b", 
                        "name": "Iconic", 
                        "resource": "Taco_36801580-fd91-4250-b8d1-8c68f247224b_taco_iconic"
                    }
                ]
            }
        ], 
        "name": "Taco", 
        "presets": [
            {
                "argumentChanges": {
                    "item": {
                        "typeName": "String", 
                        "value": "Taco"
                    }, 
                    "style": {
                        "typeName": "String", 
                        "value": "Stylized"
                    }
                }, 
                "category": "Food", 
                "description": "Taco", 
                "name": "Taco", 
                "subcategory": "Meals", 
                "thumbnail": "com_apple_rc_af_Taco_c2e90d31-6628-4c65-9c97-cd0fc87b8046_Taco"
            }
        ], 
        "resourceSize": 35123067, 
        "resources": "com.apple.rc.af.Taco.c2e90d31-6628-4c65-9c97-cd0fc87b8046"
    }
]