[
    1, 
    {
        "category": "Food", 
        "items": [
            {
                "name": "Cheeseburger", 
                "ontology": {
                    "desc": [
                        {
                            "feature": "*RigidBodyMaterial", 
                            "featureType": "rigidBody-material", 
                            "value": [
                                {
                                    "builtIn": "wood", 
                                    "overrides": {}
                                }
                            ]
                        }
                    ], 
                    "root": "RigidBody"
                }, 
                "styles": [
                    {
                        "UUID": "v1:ba7b5589-ff42-4d1d-bd63-35e3ea0d6d01", 
                        "name": "Realistic", 
                        "resource": "Cheeseburger_ba7b5589-ff42-4d1d-bd63-35e3ea0d6d01_cheeseburger_1_realistic"
                    }, 
                    {
                        "UUID": "v1:ba7b5589-ff42-4d1d-bd63-35e3ea0d6d01", 
                        "name": "Stylized", 
                        "resource": "Cheeseburger_ba7b5589-ff42-4d1d-bd63-35e3ea0d6d01_cheeseburger_1_stylized"
                    }, 
                    {
                        "UUID": "v1:ba7b5589-ff42-4d1d-bd63-35e3ea0d6d01", 
                        "name": "Iconic", 
                        "resource": "Cheeseburger_ba7b5589-ff42-4d1d-bd63-35e3ea0d6d01_cheeseburger_1_iconic"
                    }
                ]
            }
        ], 
        "name": "Cheeseburger", 
        "presets": [
            {
                "argumentChanges": {
                    "item": {
                        "typeName": "String", 
                        "value": "Cheeseburger"
                    }, 
                    "style": {
                        "typeName": "String", 
                        "value": "Stylized"
                    }
                }, 
                "category": "Food", 
                "description": "Cheeseburger", 
                "name": "Cheeseburger", 
                "subcategory": "Meals", 
                "thumbnail": "com_apple_rc_af_Cheeseburger_2a5e4cad-5f1d-4b97-8ae0-2c5814ca6a80_Cheeseburger"
            }
        ], 
        "resourceSize": 25487120, 
        "resources": "com.apple.rc.af.Cheeseburger.2a5e4cad-5f1d-4b97-8ae0-2c5814ca6a80"
    }
]