[
    1, 
    {
        "category": "Retail", 
        "items": [
            {
                "name": "Shopping Bag 1", 
                "ontology": {
                    "desc": [
                        {
                            "feature": "*RigidBodyMaterial", 
                            "featureType": "rigidBody-material", 
                            "value": [
                                {
                                    "builtIn": "plastic", 
                                    "overrides": {}
                                }
                            ]
                        }
                    ], 
                    "root": "RigidBody"
                }, 
                "styles": [
                    {
                        "UUID": "v1:19503aad-2f34-4c45-9ff6-3ef004a90c23", 
                        "name": "Realistic", 
                        "resource": "ShoppingBag1_19503aad-2f34-4c45-9ff6-3ef004a90c23_bag_shopping_1_realistic"
                    }, 
                    {
                        "UUID": "v1:19503aad-2f34-4c45-9ff6-3ef004a90c23", 
                        "name": "Stylized", 
                        "resource": "ShoppingBag1_19503aad-2f34-4c45-9ff6-3ef004a90c23_bag_shopping_1_stylized"
                    }, 
                    {
                        "UUID": "v1:19503aad-2f34-4c45-9ff6-3ef004a90c23", 
                        "name": "Iconic", 
                        "resource": "ShoppingBag1_19503aad-2f34-4c45-9ff6-3ef004a90c23_bag_shopping_1_iconic"
                    }
                ]
            }
        ], 
        "name": "ShoppingBag1", 
        "presets": [
            {
                "argumentChanges": {
                    "item": {
                        "typeName": "String", 
                        "value": "Shopping Bag 1"
                    }, 
                    "style": {
                        "typeName": "String", 
                        "value": "Stylized"
                    }
                }, 
                "category": "Retail", 
                "description": "Shopping bag", 
                "name": "Shopping Bag 1", 
                "subcategory": "Shopping", 
                "thumbnail": "com_apple_rc_af_ShoppingBag1_68e8ecca-e441-4d1a-8a52-06534e9385e3_Shopping_Bag_1"
            }
        ], 
        "resourceSize": 15941493, 
        "resources": "com.apple.rc.af.ShoppingBag1.68e8ecca-e441-4d1a-8a52-06534e9385e3"
    }
]