[
    1, 
    {
        "category": "Activities", 
        "items": [
            {
                "name": "Snowboard", 
                "ontology": {
                    "desc": [
                        {
                            "feature": "*RigidBodyMaterial", 
                            "featureType": "rigidBody-material", 
                            "value": [
                                {
                                    "builtIn": "plastic", 
                                    "overrides": {}
                                }
                            ]
                        }
                    ], 
                    "root": "RigidBody"
                }, 
                "styles": [
                    {
                        "UUID": "v1:7f2be1e7-025b-4d4b-97ee-fdc1bc58fb59", 
                        "name": "Realistic", 
                        "resource": "Snowboard_7f2be1e7-025b-4d4b-97ee-fdc1bc58fb59_snowboard_realistic"
                    }, 
                    {
                        "UUID": "v1:7f2be1e7-025b-4d4b-97ee-fdc1bc58fb59", 
                        "name": "Stylized", 
                        "resource": "Snowboard_7f2be1e7-025b-4d4b-97ee-fdc1bc58fb59_snowboard_stylized"
                    }, 
                    {
                        "UUID": "v1:7f2be1e7-025b-4d4b-97ee-fdc1bc58fb59", 
                        "name": "Iconic", 
                        "resource": "Snowboard_7f2be1e7-025b-4d4b-97ee-fdc1bc58fb59_snowboard_iconic"
                    }
                ]
            }
        ], 
        "name": "Snowboard", 
        "presets": [
            {
                "argumentChanges": {
                    "item": {
                        "typeName": "String", 
                        "value": "Snowboard"
                    }, 
                    "style": {
                        "typeName": "String", 
                        "value": "Stylized"
                    }
                }, 
                "category": "Activities", 
                "description": "Snowboard", 
                "name": "Snowboard", 
                "subcategory": "Sports", 
                "thumbnail": "com_apple_rc_af_Snowboard_be294bb7-c3cc-4fd8-9718-080e5793c872_Snowboard"
            }
        ], 
        "resourceSize": 44753090, 
        "resources": "com.apple.rc.af.Snowboard.be294bb7-c3cc-4fd8-9718-080e5793c872"
    }
]