[
    1, 
    {
        "category": "Activities", 
        "items": [
            {
                "name": "Etching Marble 3", 
                "ontology": {
                    "desc": [
                        {
                            "feature": "DataType", 
                            "featureType": "rigidBody-shapeType", 
                            "name": "sphere"
                        }, 
                        {
                            "feature": "*RigidBodyMaterial", 
                            "featureType": "rigidBody-material", 
                            "value": [
                                {
                                    "builtIn": "plastic", 
                                    "overrides": {}
                                }
                            ]
                        }
                    ], 
                    "root": "RigidBody"
                }, 
                "styles": [
                    {
                        "UUID": "v1:febf1608-14f8-4f31-bfba-9a52426c0110", 
                        "name": "Realistic", 
                        "resource": "EtchingMarble3_febf1608-14f8-4f31-bfba-9a52426c0110_marble_etching_03_realistic"
                    }, 
                    {
                        "UUID": "v1:febf1608-14f8-4f31-bfba-9a52426c0110", 
                        "name": "Stylized", 
                        "resource": "EtchingMarble3_febf1608-14f8-4f31-bfba-9a52426c0110_marble_etching_03_stylized"
                    }, 
                    {
                        "UUID": "v1:febf1608-14f8-4f31-bfba-9a52426c0110", 
                        "name": "Iconic", 
                        "resource": "EtchingMarble3_febf1608-14f8-4f31-bfba-9a52426c0110_marble_etching_03_iconic"
                    }
                ]
            }
        ], 
        "name": "EtchingMarble3", 
        "presets": [
            {
                "argumentChanges": {
                    "item": {
                        "typeName": "String", 
                        "value": "Etching Marble 3"
                    }, 
                    "style": {
                        "typeName": "String", 
                        "value": "Realistic"
                    }
                }, 
                "category": "Activities", 
                "description": "Marble", 
                "name": "Etching Marble 3", 
                "subcategory": "Games", 
                "thumbnail": "com_apple_rc_af_EtchingMarble3_b498a63c-3182-4da4-a91e-10e176e4f049_Etching_Marble_3"
            }
        ], 
        "resourceSize": 5715842, 
        "resources": "com.apple.rc.af.EtchingMarble3.b498a63c-3182-4da4-a91e-10e176e4f049"
    }
]