[
    1, 
    {
        "category": "Food", 
        "items": [
            {
                "name": "Marble Cake", 
                "ontology": {
                    "desc": [
                        {
                            "feature": "*RigidBodyMaterial", 
                            "featureType": "rigidBody-material", 
                            "value": [
                                {
                                    "builtIn": "wood", 
                                    "overrides": {}
                                }
                            ]
                        }
                    ], 
                    "root": "RigidBody"
                }, 
                "styles": [
                    {
                        "UUID": "v1:a25df2aa-7e5e-43e1-8e93-e6aaa9119f83", 
                        "name": "Realistic", 
                        "resource": "MarbleCake_a25df2aa-7e5e-43e1-8e93-e6aaa9119f83_cake_marble_1_realistic"
                    }, 
                    {
                        "UUID": "v1:a25df2aa-7e5e-43e1-8e93-e6aaa9119f83", 
                        "name": "Stylized", 
                        "resource": "MarbleCake_a25df2aa-7e5e-43e1-8e93-e6aaa9119f83_cake_marble_1_stylized"
                    }, 
                    {
                        "UUID": "v1:a25df2aa-7e5e-43e1-8e93-e6aaa9119f83", 
                        "name": "Iconic", 
                        "resource": "MarbleCake_a25df2aa-7e5e-43e1-8e93-e6aaa9119f83_cake_marble_1_iconic"
                    }
                ]
            }
        ], 
        "name": "MarbleCake", 
        "presets": [
            {
                "argumentChanges": {
                    "item": {
                        "typeName": "String", 
                        "value": "Marble Cake"
                    }, 
                    "style": {
                        "typeName": "String", 
                        "value": "Realistic"
                    }
                }, 
                "category": "Food", 
                "description": "Chocolate and vanilla marble cake slice", 
                "name": "Marble Cake", 
                "subcategory": "Scanned", 
                "thumbnail": "com_apple_rc_af_MarbleCake_1952559b-0595-4b91-930f-9ec47ade6284_Marble_Cake"
            }
        ], 
        "resourceSize": 21766346, 
        "resources": "com.apple.rc.af.MarbleCake.1952559b-0595-4b91-930f-9ec47ade6284"
    }
]