[
    1, 
    {
        "category": "Activities", 
        "items": [
            {
                "name": "Birthday Candle", 
                "ontology": {
                    "desc": [
                        {
                            "feature": "*RigidBodyMaterial", 
                            "featureType": "rigidBody-material", 
                            "value": [
                                {
                                    "builtIn": "wood", 
                                    "overrides": {}
                                }
                            ]
                        }
                    ], 
                    "root": "RigidBody"
                }, 
                "styles": [
                    {
                        "UUID": "v1:0556d44b-b4c0-4db2-945a-4ea39154812b", 
                        "name": "Realistic", 
                        "resource": "BirthdayCandle_0556d44b-b4c0-4db2-945a-4ea39154812b_candle_birthday_realistic"
                    }, 
                    {
                        "UUID": "v1:0556d44b-b4c0-4db2-945a-4ea39154812b", 
                        "name": "Stylized", 
                        "resource": "BirthdayCandle_0556d44b-b4c0-4db2-945a-4ea39154812b_candle_birthday_stylized"
                    }, 
                    {
                        "UUID": "v1:0556d44b-b4c0-4db2-945a-4ea39154812b", 
                        "name": "Iconic", 
                        "resource": "BirthdayCandle_0556d44b-b4c0-4db2-945a-4ea39154812b_candle_birthday_iconic"
                    }
                ]
            }
        ], 
        "name": "BirthdayCandle", 
        "presets": [
            {
                "argumentChanges": {
                    "item": {
                        "typeName": "String", 
                        "value": "Birthday Candle"
                    }, 
                    "style": {
                        "typeName": "String", 
                        "value": "Stylized"
                    }
                }, 
                "category": "Activities", 
                "description": "Birthday candle", 
                "name": "Birthday Candle", 
                "subcategory": "Events", 
                "thumbnail": "com_apple_rc_af_BirthdayCandle_a288e9cf-e7d2-4654-9a82-66d4e8658a7e_Birthday_Candle"
            }
        ], 
        "resourceSize": 6886200, 
        "resources": "com.apple.rc.af.BirthdayCandle.a288e9cf-e7d2-4654-9a82-66d4e8658a7e"
    }
]