[
    1, 
    {
        "category": "Activities", 
        "items": [
            {
                "name": "Ten Ball", 
                "ontology": {
                    "desc": [
                        {
                            "feature": "DataType", 
                            "featureType": "rigidBody-shapeType", 
                            "name": "sphere"
                        }, 
                        {
                            "feature": "*RigidBodyMaterial", 
                            "featureType": "rigidBody-material", 
                            "value": [
                                {
                                    "builtIn": "plastic", 
                                    "overrides": {}
                                }
                            ]
                        }
                    ], 
                    "root": "RigidBody"
                }, 
                "styles": [
                    {
                        "UUID": "v1:15ea403a-662b-4ee2-8906-9a10d1b3a4e0", 
                        "name": "Realistic", 
                        "resource": "TenBall_15ea403a-662b-4ee2-8906-9a10d1b3a4e0_ball_pool_ten_realistic"
                    }, 
                    {
                        "UUID": "v1:15ea403a-662b-4ee2-8906-9a10d1b3a4e0", 
                        "name": "Stylized", 
                        "resource": "TenBall_15ea403a-662b-4ee2-8906-9a10d1b3a4e0_ball_pool_ten_stylized"
                    }, 
                    {
                        "UUID": "v1:15ea403a-662b-4ee2-8906-9a10d1b3a4e0", 
                        "name": "Iconic", 
                        "resource": "TenBall_15ea403a-662b-4ee2-8906-9a10d1b3a4e0_ball_pool_ten_iconic"
                    }
                ]
            }
        ], 
        "name": "TenBall", 
        "presets": [
            {
                "argumentChanges": {
                    "item": {
                        "typeName": "String", 
                        "value": "Ten Ball"
                    }, 
                    "style": {
                        "typeName": "String", 
                        "value": "Stylized"
                    }
                }, 
                "category": "Activities", 
                "description": "Billiards ten ball", 
                "name": "Ten Ball", 
                "subcategory": "Billiards", 
                "thumbnail": "com_apple_rc_af_TenBall_9b8464eb-b8f5-4ebc-a1cb-98389cb42e36_Ten_Ball"
            }
        ], 
        "resourceSize": 4368995, 
        "resources": "com.apple.rc.af.TenBall.9b8464eb-b8f5-4ebc-a1cb-98389cb42e36"
    }
]