[
    1, 
    {
        "category": "Arts", 
        "items": [
            {
                "name": "Tied Eighth Note", 
                "ontology": {
                    "desc": [
                        {
                            "feature": "*RigidBodyMaterial", 
                            "featureType": "rigidBody-material", 
                            "value": [
                                {
                                    "builtIn": "plastic", 
                                    "overrides": {}
                                }
                            ]
                        }
                    ], 
                    "root": "RigidBody"
                }, 
                "styles": [
                    {
                        "UUID": "v1:c47fcec4-bf2f-4f2c-9a84-b517288f66d5", 
                        "name": "Stylized", 
                        "resource": "TiedEighthNote_c47fcec4-bf2f-4f2c-9a84-b517288f66d5_musical_note_tied_eighth_stylized"
                    }, 
                    {
                        "UUID": "v1:c47fcec4-bf2f-4f2c-9a84-b517288f66d5", 
                        "name": "Iconic", 
                        "resource": "TiedEighthNote_c47fcec4-bf2f-4f2c-9a84-b517288f66d5_musical_note_tied_eighth_iconic"
                    }
                ]
            }
        ], 
        "name": "TiedEighthNote", 
        "presets": [
            {
                "argumentChanges": {
                    "item": {
                        "typeName": "String", 
                        "value": "Tied Eighth Note"
                    }, 
                    "style": {
                        "typeName": "String", 
                        "value": "Stylized"
                    }
                }, 
                "category": "Arts", 
                "description": "Tied eighth music note", 
                "name": "Tied Eighth Note", 
                "subcategory": "Music", 
                "thumbnail": "com_apple_rc_af_TiedEighthNote_15ae8f60-2fba-49b0-b023-681a3af6a7d4_Tied_Eighth_Note"
            }
        ], 
        "resourceSize": 1155054, 
        "resources": "com.apple.rc.af.TiedEighthNote.15ae8f60-2fba-49b0-b023-681a3af6a7d4"
    }
]