[
    1, 
    {
        "category": "Work", 
        "items": [
            {
                "name": "Tape", 
                "ontology": {
                    "desc": [
                        {
                            "feature": "*RigidBodyMaterial", 
                            "featureType": "rigidBody-material", 
                            "value": [
                                {
                                    "builtIn": "plastic", 
                                    "overrides": {}
                                }
                            ]
                        }
                    ], 
                    "root": "RigidBody"
                }, 
                "styles": [
                    {
                        "UUID": "v1:00dfc886-4b05-4413-8f10-c40676cf3220", 
                        "name": "Realistic", 
                        "resource": "Tape_00dfc886-4b05-4413-8f10-c40676cf3220_tape_realistic"
                    }, 
                    {
                        "UUID": "v1:00dfc886-4b05-4413-8f10-c40676cf3220", 
                        "name": "Stylized", 
                        "resource": "Tape_00dfc886-4b05-4413-8f10-c40676cf3220_tape_stylized"
                    }, 
                    {
                        "UUID": "v1:00dfc886-4b05-4413-8f10-c40676cf3220", 
                        "name": "Iconic", 
                        "resource": "Tape_00dfc886-4b05-4413-8f10-c40676cf3220_tape_iconic"
                    }
                ]
            }
        ], 
        "name": "Tape", 
        "presets": [
            {
                "argumentChanges": {
                    "item": {
                        "typeName": "String", 
                        "value": "Tape"
                    }, 
                    "style": {
                        "typeName": "String", 
                        "value": "Stylized"
                    }
                }, 
                "category": "Work", 
                "description": "Tape dispenser", 
                "name": "Tape", 
                "subcategory": "Supplies", 
                "thumbnail": "com_apple_rc_af_Tape_405af854-9234-40f1-a9d6-a246bce77535_Tape"
            }
        ], 
        "resourceSize": 50329457, 
        "resources": "com.apple.rc.af.Tape.405af854-9234-40f1-a9d6-a246bce77535"
    }
]