[
    1, 
    {
        "category": "Food", 
        "items": [
            {
                "name": "Banana", 
                "ontology": {
                    "desc": [
                        {
                            "feature": "*RigidBodyMaterial", 
                            "featureType": "rigidBody-material", 
                            "value": [
                                {
                                    "builtIn": "wood", 
                                    "overrides": {}
                                }
                            ]
                        }
                    ], 
                    "root": "RigidBody"
                }, 
                "styles": [
                    {
                        "UUID": "v1:3007e3ae-fecb-4c20-9482-5fbc84d55866", 
                        "name": "Realistic", 
                        "resource": "Banana_3007e3ae-fecb-4c20-9482-5fbc84d55866_banana_ripe_4_realistic"
                    }, 
                    {
                        "UUID": "v1:3007e3ae-fecb-4c20-9482-5fbc84d55866", 
                        "name": "Stylized", 
                        "resource": "Banana_3007e3ae-fecb-4c20-9482-5fbc84d55866_banana_ripe_4_stylized"
                    }, 
                    {
                        "UUID": "v1:3007e3ae-fecb-4c20-9482-5fbc84d55866", 
                        "name": "Iconic", 
                        "resource": "Banana_3007e3ae-fecb-4c20-9482-5fbc84d55866_banana_ripe_4_iconic"
                    }
                ]
            }
        ], 
        "name": "Banana", 
        "presets": [
            {
                "argumentChanges": {
                    "item": {
                        "typeName": "String", 
                        "value": "Banana"
                    }, 
                    "style": {
                        "typeName": "String", 
                        "value": "Stylized"
                    }
                }, 
                "category": "Food", 
                "description": "Ripe banana", 
                "name": "Banana", 
                "subcategory": "Fruit", 
                "thumbnail": "com_apple_rc_af_Banana_8166d13f-6997-4a23-9b4d-22c1710c4d8e_Banana"
            }
        ], 
        "resourceSize": 6905651, 
        "resources": "com.apple.rc.af.Banana.8166d13f-6997-4a23-9b4d-22c1710c4d8e"
    }
]