[
    1, 
    {
        "category": "Furnishings", 
        "items": [
            {
                "name": "Dresser", 
                "ontology": {
                    "desc": [
                        {
                            "feature": "DataType", 
                            "featureType": "rigidBody-shapeType", 
                            "name": "box"
                        }, 
                        {
                            "feature": "*RigidBodyMaterial", 
                            "featureType": "rigidBody-material", 
                            "value": [
                                {
                                    "builtIn": "wood", 
                                    "overrides": {}
                                }
                            ]
                        }
                    ], 
                    "root": "RigidBody"
                }, 
                "styles": [
                    {
                        "UUID": "v1:2e376385-ca92-4bea-a58f-f51ac088fbb7", 
                        "name": "Realistic", 
                        "resource": "Dresser_2e376385-ca92-4bea-a58f-f51ac088fbb7_dresser_realistic"
                    }, 
                    {
                        "UUID": "v1:2e376385-ca92-4bea-a58f-f51ac088fbb7", 
                        "name": "Stylized", 
                        "resource": "Dresser_2e376385-ca92-4bea-a58f-f51ac088fbb7_dresser_stylized"
                    }, 
                    {
                        "UUID": "v1:2e376385-ca92-4bea-a58f-f51ac088fbb7", 
                        "name": "Iconic", 
                        "resource": "Dresser_2e376385-ca92-4bea-a58f-f51ac088fbb7_dresser_iconic"
                    }
                ]
            }
        ], 
        "name": "Dresser", 
        "presets": [
            {
                "argumentChanges": {
                    "item": {
                        "typeName": "String", 
                        "value": "Dresser"
                    }, 
                    "style": {
                        "typeName": "String", 
                        "value": "Stylized"
                    }
                }, 
                "category": "Furnishings", 
                "description": "Dresser", 
                "name": "Dresser", 
                "subcategory": "Furniture", 
                "thumbnail": "com_apple_rc_af_Dresser_8311ba23-42cf-4171-8262-5810a7867dd3_Dresser"
            }
        ], 
        "resourceSize": 14826271, 
        "resources": "com.apple.rc.af.Dresser.8311ba23-42cf-4171-8262-5810a7867dd3"
    }
]