[
    1, 
    {
        "category": "Activities", 
        "items": [
            {
                "name": "Checker Black Piece", 
                "ontology": {
                    "desc": [
                        {
                            "feature": "*RigidBodyMaterial", 
                            "featureType": "rigidBody-material", 
                            "value": [
                                {
                                    "builtIn": "plastic", 
                                    "overrides": {}
                                }
                            ]
                        }
                    ], 
                    "root": "RigidBody"
                }, 
                "styles": [
                    {
                        "UUID": "v1:5ad23ef8-d684-4d85-a286-84dce840d67f", 
                        "name": "Realistic", 
                        "resource": "CheckerBlackPiece_5ad23ef8-d684-4d85-a286-84dce840d67f_checkers_black_realistic"
                    }, 
                    {
                        "UUID": "v1:5ad23ef8-d684-4d85-a286-84dce840d67f", 
                        "name": "Stylized", 
                        "resource": "CheckerBlackPiece_5ad23ef8-d684-4d85-a286-84dce840d67f_checkers_black_stylized"
                    }, 
                    {
                        "UUID": "v1:5ad23ef8-d684-4d85-a286-84dce840d67f", 
                        "name": "Iconic", 
                        "resource": "CheckerBlackPiece_5ad23ef8-d684-4d85-a286-84dce840d67f_checkers_black_iconic"
                    }
                ]
            }
        ], 
        "name": "CheckerBlackPiece", 
        "presets": [
            {
                "argumentChanges": {
                    "item": {
                        "typeName": "String", 
                        "value": "Checker Black Piece"
                    }, 
                    "style": {
                        "typeName": "String", 
                        "value": "Stylized"
                    }
                }, 
                "category": "Activities", 
                "description": "Black checker piece", 
                "name": "Checker Black Piece", 
                "subcategory": "Checkers", 
                "thumbnail": "com_apple_rc_af_CheckerBlackPiece_1935e959-90eb-4d1a-a3fa-b36f40ac8655_Checker_Black_Piece"
            }
        ], 
        "resourceSize": 44246946, 
        "resources": "com.apple.rc.af.CheckerBlackPiece.1935e959-90eb-4d1a-a3fa-b36f40ac8655"
    }
]