[
    1, 
    {
        "category": "Food", 
        "items": [
            {
                "name": "Sake Cup", 
                "ontology": {
                    "desc": [
                        {
                            "feature": "*RigidBodyMaterial", 
                            "featureType": "rigidBody-material", 
                            "value": [
                                {
                                    "builtIn": "wood", 
                                    "overrides": {}
                                }
                            ]
                        }
                    ], 
                    "root": "RigidBody"
                }, 
                "styles": [
                    {
                        "UUID": "v1:a8489a37-f032-4882-9fc5-c8c88e5535aa", 
                        "name": "Realistic", 
                        "resource": "SakeCup_a8489a37-f032-4882-9fc5-c8c88e5535aa_sake_cup_realistic"
                    }, 
                    {
                        "UUID": "v1:a8489a37-f032-4882-9fc5-c8c88e5535aa", 
                        "name": "Stylized", 
                        "resource": "SakeCup_a8489a37-f032-4882-9fc5-c8c88e5535aa_sake_cup_stylized"
                    }, 
                    {
                        "UUID": "v1:a8489a37-f032-4882-9fc5-c8c88e5535aa", 
                        "name": "Iconic", 
                        "resource": "SakeCup_a8489a37-f032-4882-9fc5-c8c88e5535aa_sake_cup_iconic"
                    }
                ]
            }
        ], 
        "name": "SakeCup", 
        "presets": [
            {
                "argumentChanges": {
                    "item": {
                        "typeName": "String", 
                        "value": "Sake Cup"
                    }, 
                    "style": {
                        "typeName": "String", 
                        "value": "Stylized"
                    }
                }, 
                "category": "Food", 
                "description": "Sake cup", 
                "name": "Sake Cup", 
                "subcategory": "Drinks", 
                "thumbnail": "com_apple_rc_af_SakeCup_65256d4f-9402-4ae0-a506-a20c0a56ca37_Sake_Cup"
            }
        ], 
        "resourceSize": 14370000, 
        "resources": "com.apple.rc.af.SakeCup.65256d4f-9402-4ae0-a506-a20c0a56ca37"
    }
]