[
    1, 
    {
        "category": "Activities", 
        "items": [
            {
                "name": "Football", 
                "ontology": {
                    "desc": [
                        {
                            "feature": "DataType", 
                            "featureType": "rigidBody-shapeType", 
                            "name": "capsule"
                        }, 
                        {
                            "feature": "*RigidBodyMaterial", 
                            "featureType": "rigidBody-material", 
                            "value": [
                                {
                                    "builtIn": "rubber", 
                                    "overrides": {}
                                }
                            ]
                        }
                    ], 
                    "root": "RigidBody"
                }, 
                "styles": [
                    {
                        "UUID": "v1:a9041a43-6f18-4f0d-a491-79c4b7cf05e6", 
                        "name": "Realistic", 
                        "resource": "Football_a9041a43-6f18-4f0d-a491-79c4b7cf05e6_ball_football_realistic"
                    }, 
                    {
                        "UUID": "v1:a9041a43-6f18-4f0d-a491-79c4b7cf05e6", 
                        "name": "Stylized", 
                        "resource": "Football_a9041a43-6f18-4f0d-a491-79c4b7cf05e6_ball_football_stylized"
                    }, 
                    {
                        "UUID": "v1:a9041a43-6f18-4f0d-a491-79c4b7cf05e6", 
                        "name": "Iconic", 
                        "resource": "Football_a9041a43-6f18-4f0d-a491-79c4b7cf05e6_ball_football_iconic"
                    }
                ]
            }
        ], 
        "name": "Football", 
        "presets": [
            {
                "argumentChanges": {
                    "item": {
                        "typeName": "String", 
                        "value": "Football"
                    }, 
                    "style": {
                        "typeName": "String", 
                        "value": "Stylized"
                    }
                }, 
                "category": "Activities", 
                "description": "American football", 
                "name": "Football", 
                "subcategory": "Sports", 
                "thumbnail": "com_apple_rc_af_Football_ef20b321-0d56-4c76-afb0-e3025d44d3d5_Football"
            }
        ], 
        "resourceSize": 21704014, 
        "resources": "com.apple.rc.af.Football.ef20b321-0d56-4c76-afb0-e3025d44d3d5"
    }
]