[
    1, 
    {
        "category": "Food", 
        "items": [
            {
                "name": "Corn", 
                "ontology": {
                    "desc": [
                        {
                            "feature": "DataType", 
                            "featureType": "rigidBody-shapeType", 
                            "name": "capsule"
                        }, 
                        {
                            "feature": "*RigidBodyMaterial", 
                            "featureType": "rigidBody-material", 
                            "value": [
                                {
                                    "builtIn": "wood", 
                                    "overrides": {}
                                }
                            ]
                        }
                    ], 
                    "root": "RigidBody"
                }, 
                "styles": [
                    {
                        "UUID": "v1:39e63a43-e2b6-41f1-bcba-cbbc5dcc74f1", 
                        "name": "Realistic", 
                        "resource": "Corn_39e63a43-e2b6-41f1-bcba-cbbc5dcc74f1_corn_realistic"
                    }, 
                    {
                        "UUID": "v1:39e63a43-e2b6-41f1-bcba-cbbc5dcc74f1", 
                        "name": "Stylized", 
                        "resource": "Corn_39e63a43-e2b6-41f1-bcba-cbbc5dcc74f1_corn_stylized"
                    }, 
                    {
                        "UUID": "v1:39e63a43-e2b6-41f1-bcba-cbbc5dcc74f1", 
                        "name": "Iconic", 
                        "resource": "Corn_39e63a43-e2b6-41f1-bcba-cbbc5dcc74f1_corn_iconic"
                    }
                ]
            }
        ], 
        "name": "Corn", 
        "presets": [
            {
                "argumentChanges": {
                    "item": {
                        "typeName": "String", 
                        "value": "Corn"
                    }, 
                    "style": {
                        "typeName": "String", 
                        "value": "Stylized"
                    }
                }, 
                "category": "Food", 
                "description": "Corn", 
                "name": "Corn", 
                "subcategory": "Vegetables", 
                "thumbnail": "com_apple_rc_af_Corn_bc990c46-459b-4465-8e12-1ce362a6de6f_Corn"
            }
        ], 
        "resourceSize": 20161065, 
        "resources": "com.apple.rc.af.Corn.bc990c46-459b-4465-8e12-1ce362a6de6f"
    }
]