[
    1, 
    {
        "category": "Activities", 
        "items": [
            {
                "name": "Hockey Puck", 
                "ontology": {
                    "desc": [
                        {
                            "feature": "*RigidBodyMaterial", 
                            "featureType": "rigidBody-material", 
                            "value": [
                                {
                                    "builtIn": "rubber", 
                                    "overrides": {}
                                }
                            ]
                        }
                    ], 
                    "root": "RigidBody"
                }, 
                "styles": [
                    {
                        "UUID": "v1:5a350add-8f8c-494e-8396-1c596f835854", 
                        "name": "Realistic", 
                        "resource": "HockeyPuck_5a350add-8f8c-494e-8396-1c596f835854_hockey_puck_realistic"
                    }, 
                    {
                        "UUID": "v1:5a350add-8f8c-494e-8396-1c596f835854", 
                        "name": "Stylized", 
                        "resource": "HockeyPuck_5a350add-8f8c-494e-8396-1c596f835854_hockey_puck_stylized"
                    }, 
                    {
                        "UUID": "v1:5a350add-8f8c-494e-8396-1c596f835854", 
                        "name": "Iconic", 
                        "resource": "HockeyPuck_5a350add-8f8c-494e-8396-1c596f835854_hockey_puck_iconic"
                    }
                ]
            }
        ], 
        "name": "HockeyPuck", 
        "presets": [
            {
                "argumentChanges": {
                    "item": {
                        "typeName": "String", 
                        "value": "Hockey Puck"
                    }, 
                    "style": {
                        "typeName": "String", 
                        "value": "Stylized"
                    }
                }, 
                "category": "Activities", 
                "description": "Ice hockey puck", 
                "name": "Hockey Puck", 
                "subcategory": "Sports", 
                "thumbnail": "com_apple_rc_af_HockeyPuck_3318acea-3847-4894-b4ce-4937abe4a96a_Hockey_Puck"
            }
        ], 
        "resourceSize": 6752834, 
        "resources": "com.apple.rc.af.HockeyPuck.3318acea-3847-4894-b4ce-4937abe4a96a"
    }
]