[
    1, 
    {
        "category": "Furnishings", 
        "items": [
            {
                "name": "Dining Chair High Back", 
                "ontology": {
                    "desc": [
                        {
                            "feature": "*RigidBodyMaterial", 
                            "featureType": "rigidBody-material", 
                            "value": [
                                {
                                    "builtIn": "wood", 
                                    "overrides": {}
                                }
                            ]
                        }
                    ], 
                    "root": "RigidBody"
                }, 
                "styles": [
                    {
                        "UUID": "v1:80e06275-efe4-4a97-b25b-2a701242bed2", 
                        "name": "Realistic", 
                        "resource": "DiningChairHighBack_80e06275-efe4-4a97-b25b-2a701242bed2_chair_dining_highback_realistic"
                    }, 
                    {
                        "UUID": "v1:80e06275-efe4-4a97-b25b-2a701242bed2", 
                        "name": "Stylized", 
                        "resource": "DiningChairHighBack_80e06275-efe4-4a97-b25b-2a701242bed2_chair_dining_highback_stylized"
                    }, 
                    {
                        "UUID": "v1:80e06275-efe4-4a97-b25b-2a701242bed2", 
                        "name": "Iconic", 
                        "resource": "DiningChairHighBack_80e06275-efe4-4a97-b25b-2a701242bed2_chair_dining_highback_iconic"
                    }
                ]
            }
        ], 
        "name": "DiningChairHighBack", 
        "presets": [
            {
                "argumentChanges": {
                    "item": {
                        "typeName": "String", 
                        "value": "Dining Chair High Back"
                    }, 
                    "style": {
                        "typeName": "String", 
                        "value": "Stylized"
                    }
                }, 
                "category": "Furnishings", 
                "description": "High back wood dining chair", 
                "name": "Dining Chair High Back", 
                "subcategory": "Furniture", 
                "thumbnail": "com_apple_rc_af_DiningChairHighBack_adb893d3-4d98-47d5-a01c-97f584ea7aea_Dining_Chair_High_Back"
            }
        ], 
        "resourceSize": 20101718, 
        "resources": "com.apple.rc.af.DiningChairHighBack.adb893d3-4d98-47d5-a01c-97f584ea7aea"
    }
]