[
    1, 
    {
        "category": "Activities", 
        "items": [
            {
                "name": "Chess Queen", 
                "ontology": {
                    "desc": [
                        {
                            "feature": "*RigidBodyMaterial", 
                            "featureType": "rigidBody-material", 
                            "value": [
                                {
                                    "builtIn": "plastic", 
                                    "overrides": {}
                                }
                            ]
                        }
                    ], 
                    "root": "RigidBody"
                }, 
                "styles": [
                    {
                        "UUID": "v1:f9029d22-7210-44ba-91ec-fa383ea6a977", 
                        "name": "Realistic", 
                        "resource": "ChessQueen_f9029d22-7210-44ba-91ec-fa383ea6a977_chess_queen_realistic"
                    }, 
                    {
                        "UUID": "v1:f9029d22-7210-44ba-91ec-fa383ea6a977", 
                        "name": "Stylized", 
                        "resource": "ChessQueen_f9029d22-7210-44ba-91ec-fa383ea6a977_chess_queen_stylized"
                    }, 
                    {
                        "UUID": "v1:f9029d22-7210-44ba-91ec-fa383ea6a977", 
                        "name": "Iconic", 
                        "resource": "ChessQueen_f9029d22-7210-44ba-91ec-fa383ea6a977_chess_queen_iconic"
                    }
                ]
            }
        ], 
        "name": "ChessQueen", 
        "presets": [
            {
                "argumentChanges": {
                    "item": {
                        "typeName": "String", 
                        "value": "Chess Queen"
                    }, 
                    "style": {
                        "typeName": "String", 
                        "value": "Stylized"
                    }
                }, 
                "category": "Activities", 
                "description": "Black queen chess piece", 
                "name": "Chess Queen", 
                "subcategory": "Chess", 
                "thumbnail": "com_apple_rc_af_ChessQueen_0468744a-eda3-48d3-9a57-23a98746fec5_Chess_Queen"
            }
        ], 
        "resourceSize": 16877175, 
        "resources": "com.apple.rc.af.ChessQueen.0468744a-eda3-48d3-9a57-23a98746fec5"
    }
]