[
    1, 
    {
        "category": "Activities", 
        "items": [
            {
                "name": "Field Goal (Football)", 
                "ontology": {
                    "desc": [
                        {
                            "feature": "*RigidBodyMaterial", 
                            "featureType": "rigidBody-material", 
                            "value": [
                                {
                                    "builtIn": "lead", 
                                    "overrides": {}
                                }
                            ]
                        }
                    ], 
                    "root": "RigidBody"
                }, 
                "styles": [
                    {
                        "UUID": "v1:a8271228-8905-467a-9ba1-12baed1ffe80", 
                        "name": "Realistic", 
                        "resource": "FieldGoalFootball_a8271228-8905-467a-9ba1-12baed1ffe80_goal_field_football_realistic"
                    }, 
                    {
                        "UUID": "v1:a8271228-8905-467a-9ba1-12baed1ffe80", 
                        "name": "Stylized", 
                        "resource": "FieldGoalFootball_a8271228-8905-467a-9ba1-12baed1ffe80_goal_field_football_stylized"
                    }, 
                    {
                        "UUID": "v1:a8271228-8905-467a-9ba1-12baed1ffe80", 
                        "name": "Iconic", 
                        "resource": "FieldGoalFootball_a8271228-8905-467a-9ba1-12baed1ffe80_goal_field_football_iconic"
                    }
                ]
            }
        ], 
        "name": "FieldGoalFootball", 
        "presets": [
            {
                "argumentChanges": {
                    "item": {
                        "typeName": "String", 
                        "value": "Field Goal (Football)"
                    }, 
                    "style": {
                        "typeName": "String", 
                        "value": "Stylized"
                    }
                }, 
                "category": "Activities", 
                "description": "American football field goal", 
                "name": "Field Goal (Football)", 
                "subcategory": "Sports", 
                "thumbnail": "com_apple_rc_af_FieldGoalFootball_b4137e90-3429-4a2c-991c-b9e6461844b1_Field_Goal_(Football)"
            }
        ], 
        "resourceSize": 16089588, 
        "resources": "com.apple.rc.af.FieldGoalFootball.b4137e90-3429-4a2c-991c-b9e6461844b1"
    }
]