[
    1, 
    {
        "category": "Work", 
        "items": [
            {
                "name": "Paper clip", 
                "ontology": {
                    "desc": [
                        {
                            "feature": "*RigidBodyMaterial", 
                            "featureType": "rigidBody-material", 
                            "value": [
                                {
                                    "builtIn": "lead", 
                                    "overrides": {}
                                }
                            ]
                        }
                    ], 
                    "root": "RigidBody"
                }, 
                "styles": [
                    {
                        "UUID": "v1:22be26f2-747a-4087-853f-95561120318a", 
                        "name": "Realistic", 
                        "resource": "Paperclip_22be26f2-747a-4087-853f-95561120318a_paperclip_realistic"
                    }, 
                    {
                        "UUID": "v1:22be26f2-747a-4087-853f-95561120318a", 
                        "name": "Stylized", 
                        "resource": "Paperclip_22be26f2-747a-4087-853f-95561120318a_paperclip_stylized"
                    }, 
                    {
                        "UUID": "v1:22be26f2-747a-4087-853f-95561120318a", 
                        "name": "Iconic", 
                        "resource": "Paperclip_22be26f2-747a-4087-853f-95561120318a_paperclip_iconic"
                    }
                ]
            }
        ], 
        "name": "Paperclip", 
        "presets": [
            {
                "argumentChanges": {
                    "item": {
                        "typeName": "String", 
                        "value": "Paper clip"
                    }, 
                    "style": {
                        "typeName": "String", 
                        "value": "Stylized"
                    }
                }, 
                "category": "Work", 
                "description": "Paperclip", 
                "name": "Paper clip", 
                "subcategory": "Supplies", 
                "thumbnail": "com_apple_rc_af_Paperclip_15c9acb6-6fa5-4bfe-84dd-b14058019803_Paper_clip"
            }
        ], 
        "resourceSize": 750683, 
        "resources": "com.apple.rc.af.Paperclip.15c9acb6-6fa5-4bfe-84dd-b14058019803"
    }
]