[
    1, 
    {
        "category": "Food", 
        "items": [
            {
                "name": "Sake Bottle", 
                "ontology": {
                    "desc": [
                        {
                            "feature": "*RigidBodyMaterial", 
                            "featureType": "rigidBody-material", 
                            "value": [
                                {
                                    "builtIn": "wood", 
                                    "overrides": {}
                                }
                            ]
                        }
                    ], 
                    "root": "RigidBody"
                }, 
                "styles": [
                    {
                        "UUID": "v1:dcc6ced8-d836-40fd-9cf4-c574d12d4ba5", 
                        "name": "Realistic", 
                        "resource": "SakeBottle_dcc6ced8-d836-40fd-9cf4-c574d12d4ba5_sake_bottle_realistic"
                    }, 
                    {
                        "UUID": "v1:dcc6ced8-d836-40fd-9cf4-c574d12d4ba5", 
                        "name": "Stylized", 
                        "resource": "SakeBottle_dcc6ced8-d836-40fd-9cf4-c574d12d4ba5_sake_bottle_stylized"
                    }, 
                    {
                        "UUID": "v1:dcc6ced8-d836-40fd-9cf4-c574d12d4ba5", 
                        "name": "Iconic", 
                        "resource": "SakeBottle_dcc6ced8-d836-40fd-9cf4-c574d12d4ba5_sake_bottle_iconic"
                    }
                ]
            }
        ], 
        "name": "SakeBottle", 
        "presets": [
            {
                "argumentChanges": {
                    "item": {
                        "typeName": "String", 
                        "value": "Sake Bottle"
                    }, 
                    "style": {
                        "typeName": "String", 
                        "value": "Stylized"
                    }
                }, 
                "category": "Food", 
                "description": "Sake bottle", 
                "name": "Sake Bottle", 
                "subcategory": "Drinks", 
                "thumbnail": "com_apple_rc_af_SakeBottle_bdf995f2-9ff2-4c71-a452-700629c837bc_Sake_Bottle"
            }
        ], 
        "resourceSize": 15242831, 
        "resources": "com.apple.rc.af.SakeBottle.bdf995f2-9ff2-4c71-a452-700629c837bc"
    }
]