[
    1, 
    {
        "category": "Arts", 
        "items": [
            {
                "name": "Turntable", 
                "ontology": {
                    "desc": [
                        {
                            "feature": "*RigidBodyMaterial", 
                            "featureType": "rigidBody-material", 
                            "value": [
                                {
                                    "builtIn": "plastic", 
                                    "overrides": {}
                                }
                            ]
                        }
                    ], 
                    "root": "RigidBody"
                }, 
                "styles": [
                    {
                        "UUID": "v1:f563e087-904b-4923-834c-ff744301ea70", 
                        "name": "Realistic", 
                        "resource": "Turntable_f563e087-904b-4923-834c-ff744301ea70_musical_instrument_turntable_realistic"
                    }, 
                    {
                        "UUID": "v1:f563e087-904b-4923-834c-ff744301ea70", 
                        "name": "Stylized", 
                        "resource": "Turntable_f563e087-904b-4923-834c-ff744301ea70_musical_instrument_turntable_stylized"
                    }, 
                    {
                        "UUID": "v1:f563e087-904b-4923-834c-ff744301ea70", 
                        "name": "Iconic", 
                        "resource": "Turntable_f563e087-904b-4923-834c-ff744301ea70_musical_instrument_turntable_iconic"
                    }
                ]
            }
        ], 
        "name": "Turntable", 
        "presets": [
            {
                "argumentChanges": {
                    "item": {
                        "typeName": "String", 
                        "value": "Turntable"
                    }, 
                    "style": {
                        "typeName": "String", 
                        "value": "Stylized"
                    }
                }, 
                "category": "Arts", 
                "description": "Turntable", 
                "name": "Turntable", 
                "subcategory": "Music", 
                "thumbnail": "com_apple_rc_af_Turntable_a8096f0b-fc93-49f3-b5fd-9520b0f517a3_Turntable"
            }
        ], 
        "resourceSize": 12946455, 
        "resources": "com.apple.rc.af.Turntable.a8096f0b-fc93-49f3-b5fd-9520b0f517a3"
    }
]