[
    1, 
    {
        "category": "Food", 
        "items": [
            {
                "name": "Glazed Pershing", 
                "ontology": {
                    "desc": [
                        {
                            "feature": "*RigidBodyMaterial", 
                            "featureType": "rigidBody-material", 
                            "value": [
                                {
                                    "builtIn": "wood", 
                                    "overrides": {}
                                }
                            ]
                        }
                    ], 
                    "root": "RigidBody"
                }, 
                "styles": [
                    {
                        "UUID": "v1:f8c65981-b587-4d58-af67-7177134830f1", 
                        "name": "Realistic", 
                        "resource": "GlazedPershing_f8c65981-b587-4d58-af67-7177134830f1_pershing_glazed_1_realistic"
                    }
                ]
            }
        ], 
        "name": "GlazedPershing", 
        "presets": [
            {
                "argumentChanges": {
                    "item": {
                        "typeName": "String", 
                        "value": "Glazed Pershing"
                    }, 
                    "style": {
                        "typeName": "String", 
                        "value": "Realistic"
                    }
                }, 
                "category": "Food", 
                "description": "Pershing doughnut", 
                "name": "Glazed Pershing", 
                "subcategory": "Scanned", 
                "thumbnail": "com_apple_rc_af_GlazedPershing_dc848092-816d-4658-b272-6d1ece76e06f_Glazed_Pershing"
            }
        ], 
        "resourceSize": 9784948, 
        "resources": "com.apple.rc.af.GlazedPershing.dc848092-816d-4658-b272-6d1ece76e06f"
    }
]