[
    1, 
    {
        "category": "Food", 
        "items": [
            {
                "name": "Carrot", 
                "ontology": {
                    "desc": [
                        {
                            "feature": "DataType", 
                            "featureType": "rigidBody-shapeType", 
                            "name": "capsule"
                        }, 
                        {
                            "feature": "*RigidBodyMaterial", 
                            "featureType": "rigidBody-material", 
                            "value": [
                                {
                                    "builtIn": "wood", 
                                    "overrides": {}
                                }
                            ]
                        }
                    ], 
                    "root": "RigidBody"
                }, 
                "styles": [
                    {
                        "UUID": "v1:bb034e79-c0d7-4295-b191-798c090d6196", 
                        "name": "Realistic", 
                        "resource": "Carrot_bb034e79-c0d7-4295-b191-798c090d6196_carrot_1_realistic"
                    }, 
                    {
                        "UUID": "v1:bb034e79-c0d7-4295-b191-798c090d6196", 
                        "name": "Stylized", 
                        "resource": "Carrot_bb034e79-c0d7-4295-b191-798c090d6196_carrot_1_stylized"
                    }, 
                    {
                        "UUID": "v1:bb034e79-c0d7-4295-b191-798c090d6196", 
                        "name": "Iconic", 
                        "resource": "Carrot_bb034e79-c0d7-4295-b191-798c090d6196_carrot_1_iconic"
                    }
                ]
            }
        ], 
        "name": "Carrot", 
        "presets": [
            {
                "argumentChanges": {
                    "item": {
                        "typeName": "String", 
                        "value": "Carrot"
                    }, 
                    "style": {
                        "typeName": "String", 
                        "value": "Stylized"
                    }
                }, 
                "category": "Food", 
                "description": "Carrot", 
                "name": "Carrot", 
                "subcategory": "Vegetables", 
                "thumbnail": "com_apple_rc_af_Carrot_b8075cb5-7ade-43d4-a738-693bdf6fab79_Carrot"
            }
        ], 
        "resourceSize": 10721006, 
        "resources": "com.apple.rc.af.Carrot.b8075cb5-7ade-43d4-a738-693bdf6fab79"
    }
]