[
    1, 
    {
        "category": "Food", 
        "items": [
            {
                "name": "Golden Goblet", 
                "ontology": {
                    "desc": [
                        {
                            "feature": "*RigidBodyMaterial", 
                            "featureType": "rigidBody-material", 
                            "value": [
                                {
                                    "builtIn": "lead", 
                                    "overrides": {}
                                }
                            ]
                        }
                    ], 
                    "root": "RigidBody"
                }, 
                "styles": [
                    {
                        "UUID": "v1:bfa58e1f-6e75-477a-99ef-544b19f07804", 
                        "name": "Realistic", 
                        "resource": "GoldenGoblet_bfa58e1f-6e75-477a-99ef-544b19f07804_golden_goblet_realistic"
                    }, 
                    {
                        "UUID": "v1:bfa58e1f-6e75-477a-99ef-544b19f07804", 
                        "name": "Stylized", 
                        "resource": "GoldenGoblet_bfa58e1f-6e75-477a-99ef-544b19f07804_golden_goblet_stylized"
                    }, 
                    {
                        "UUID": "v1:bfa58e1f-6e75-477a-99ef-544b19f07804", 
                        "name": "Iconic", 
                        "resource": "GoldenGoblet_bfa58e1f-6e75-477a-99ef-544b19f07804_golden_goblet_iconic"
                    }
                ]
            }
        ], 
        "name": "GoldenGoblet", 
        "presets": [
            {
                "argumentChanges": {
                    "item": {
                        "typeName": "String", 
                        "value": "Golden Goblet"
                    }, 
                    "style": {
                        "typeName": "String", 
                        "value": "Stylized"
                    }
                }, 
                "category": "Food", 
                "description": "Golden goblet", 
                "name": "Golden Goblet", 
                "subcategory": "Drinks", 
                "thumbnail": "com_apple_rc_af_GoldenGoblet_abf166b2-f94a-4d81-80a3-4e00e947151a_Golden_Goblet"
            }
        ], 
        "resourceSize": 15300880, 
        "resources": "com.apple.rc.af.GoldenGoblet.abf166b2-f94a-4d81-80a3-4e00e947151a"
    }
]