[
    1, 
    {
        "category": "Nature", 
        "items": [
            {
                "name": "Pebble 6", 
                "ontology": {
                    "desc": [
                        {
                            "feature": "*RigidBodyMaterial", 
                            "featureType": "rigidBody-material", 
                            "value": [
                                {
                                    "builtIn": "concrete", 
                                    "overrides": {}
                                }
                            ]
                        }
                    ], 
                    "root": "RigidBody"
                }, 
                "styles": [
                    {
                        "UUID": "v1:efcef04c-d338-4f0e-a515-fe7d8b1d1409", 
                        "name": "Realistic", 
                        "resource": "Pebble6_efcef04c-d338-4f0e-a515-fe7d8b1d1409_rock_pebble_smooth_6_realistic"
                    }
                ]
            }
        ], 
        "name": "Pebble6", 
        "presets": [
            {
                "argumentChanges": {
                    "item": {
                        "typeName": "String", 
                        "value": "Pebble 6"
                    }, 
                    "style": {
                        "typeName": "String", 
                        "value": "Realistic"
                    }
                }, 
                "category": "Nature", 
                "description": "Smooth rounded rock", 
                "name": "Pebble 6", 
                "subcategory": "Scanned", 
                "thumbnail": "com_apple_rc_af_Pebble6_83279d0e-f357-4f66-ac17-0aad3b12c8b3_Pebble_6"
            }
        ], 
        "resourceSize": 8424635, 
        "resources": "com.apple.rc.af.Pebble6.83279d0e-f357-4f66-ac17-0aad3b12c8b3"
    }
]