[
    1, 
    {
        "category": "Nature", 
        "items": [
            {
                "name": "Rock 8", 
                "ontology": {
                    "desc": [
                        {
                            "feature": "*RigidBodyMaterial", 
                            "featureType": "rigidBody-material", 
                            "value": [
                                {
                                    "builtIn": "concrete", 
                                    "overrides": {}
                                }
                            ]
                        }
                    ], 
                    "root": "RigidBody"
                }, 
                "styles": [
                    {
                        "UUID": "v1:439c391f-562f-4a1c-9027-a03bde598550", 
                        "name": "Realistic", 
                        "resource": "Rock8_439c391f-562f-4a1c-9027-a03bde598550_rock_pebble_rough_8_realistic"
                    }
                ]
            }
        ], 
        "name": "Rock8", 
        "presets": [
            {
                "argumentChanges": {
                    "item": {
                        "typeName": "String", 
                        "value": "Rock 8"
                    }, 
                    "style": {
                        "typeName": "String", 
                        "value": "Realistic"
                    }
                }, 
                "category": "Nature", 
                "description": "Rough rock", 
                "name": "Rock 8", 
                "subcategory": "Scanned", 
                "thumbnail": "com_apple_rc_af_Rock8_cd30cfb6-0f51-4343-87ac-ca0acd44c040_Rock_8"
            }
        ], 
        "resourceSize": 8673394, 
        "resources": "com.apple.rc.af.Rock8.cd30cfb6-0f51-4343-87ac-ca0acd44c040"
    }
]