[
    1, 
    {
        "category": "Food", 
        "items": [
            {
                "name": "Raspberry Pound Cake", 
                "ontology": {
                    "desc": [
                        {
                            "feature": "*RigidBodyMaterial", 
                            "featureType": "rigidBody-material", 
                            "value": [
                                {
                                    "builtIn": "wood", 
                                    "overrides": {}
                                }
                            ]
                        }
                    ], 
                    "root": "RigidBody"
                }, 
                "styles": [
                    {
                        "UUID": "v1:7a1cac0c-013c-43fd-bd55-c9794b970e30", 
                        "name": "Realistic", 
                        "resource": "RaspberryPoundCake_7a1cac0c-013c-43fd-bd55-c9794b970e30_cake_pound_raspberry_1_realistic"
                    }, 
                    {
                        "UUID": "v1:7a1cac0c-013c-43fd-bd55-c9794b970e30", 
                        "name": "Stylized", 
                        "resource": "RaspberryPoundCake_7a1cac0c-013c-43fd-bd55-c9794b970e30_cake_pound_raspberry_1_stylized"
                    }, 
                    {
                        "UUID": "v1:7a1cac0c-013c-43fd-bd55-c9794b970e30", 
                        "name": "Iconic", 
                        "resource": "RaspberryPoundCake_7a1cac0c-013c-43fd-bd55-c9794b970e30_cake_pound_raspberry_1_iconic"
                    }
                ]
            }
        ], 
        "name": "RaspberryPoundCake", 
        "presets": [
            {
                "argumentChanges": {
                    "item": {
                        "typeName": "String", 
                        "value": "Raspberry Pound Cake"
                    }, 
                    "style": {
                        "typeName": "String", 
                        "value": "Realistic"
                    }
                }, 
                "category": "Food", 
                "description": "Raspberry pound cake", 
                "name": "Raspberry Pound Cake", 
                "subcategory": "Scanned", 
                "thumbnail": "com_apple_rc_af_RaspberryPoundCake_e124fe00-39e3-4b5a-879a-e98a0c12122f_Raspberry_Pound_Cake"
            }
        ], 
        "resourceSize": 37568485, 
        "resources": "com.apple.rc.af.RaspberryPoundCake.e124fe00-39e3-4b5a-879a-e98a0c12122f"
    }
]