[
    1, 
    {
        "category": "Activities", 
        "items": [
            {
                "name": "Chess King", 
                "ontology": {
                    "desc": [
                        {
                            "feature": "*RigidBodyMaterial", 
                            "featureType": "rigidBody-material", 
                            "value": [
                                {
                                    "builtIn": "plastic", 
                                    "overrides": {}
                                }
                            ]
                        }
                    ], 
                    "root": "RigidBody"
                }, 
                "styles": [
                    {
                        "UUID": "v1:3252ded3-89d7-4d9a-b6b2-446ee0f16ca3", 
                        "name": "Realistic", 
                        "resource": "ChessKing_3252ded3-89d7-4d9a-b6b2-446ee0f16ca3_chess_king_realistic"
                    }, 
                    {
                        "UUID": "v1:3252ded3-89d7-4d9a-b6b2-446ee0f16ca3", 
                        "name": "Stylized", 
                        "resource": "ChessKing_3252ded3-89d7-4d9a-b6b2-446ee0f16ca3_chess_king_stylized"
                    }, 
                    {
                        "UUID": "v1:3252ded3-89d7-4d9a-b6b2-446ee0f16ca3", 
                        "name": "Iconic", 
                        "resource": "ChessKing_3252ded3-89d7-4d9a-b6b2-446ee0f16ca3_chess_king_iconic"
                    }
                ]
            }
        ], 
        "name": "ChessKing", 
        "presets": [
            {
                "argumentChanges": {
                    "item": {
                        "typeName": "String", 
                        "value": "Chess King"
                    }, 
                    "style": {
                        "typeName": "String", 
                        "value": "Stylized"
                    }
                }, 
                "category": "Activities", 
                "description": "Black king chess piece", 
                "name": "Chess King", 
                "subcategory": "Chess", 
                "thumbnail": "com_apple_rc_af_ChessKing_c43179cb-c89e-492b-ae53-e5cc5a3738d4_Chess_King"
            }
        ], 
        "resourceSize": 16559232, 
        "resources": "com.apple.rc.af.ChessKing.c43179cb-c89e-492b-ae53-e5cc5a3738d4"
    }
]