[
    1, 
    {
        "category": "Activities", 
        "items": [
            {
                "name": "Checker Board", 
                "ontology": {
                    "desc": [
                        {
                            "feature": "DataType", 
                            "featureType": "rigidBody-shapeType", 
                            "name": "box"
                        }, 
                        {
                            "feature": "*RigidBodyMaterial", 
                            "featureType": "rigidBody-material", 
                            "value": [
                                {
                                    "builtIn": "wood", 
                                    "overrides": {}
                                }
                            ]
                        }
                    ], 
                    "root": "RigidBody"
                }, 
                "styles": [
                    {
                        "UUID": "v1:49739028-6cb8-4d4d-ac0d-fb1f885a01b8", 
                        "name": "Realistic", 
                        "resource": "CheckerBoard_49739028-6cb8-4d4d-ac0d-fb1f885a01b8_checkers_board_realistic"
                    }, 
                    {
                        "UUID": "v1:49739028-6cb8-4d4d-ac0d-fb1f885a01b8", 
                        "name": "Stylized", 
                        "resource": "CheckerBoard_49739028-6cb8-4d4d-ac0d-fb1f885a01b8_checkers_board_stylized"
                    }, 
                    {
                        "UUID": "v1:49739028-6cb8-4d4d-ac0d-fb1f885a01b8", 
                        "name": "Iconic", 
                        "resource": "CheckerBoard_49739028-6cb8-4d4d-ac0d-fb1f885a01b8_checkers_board_iconic"
                    }
                ]
            }
        ], 
        "name": "CheckerBoard", 
        "presets": [
            {
                "argumentChanges": {
                    "item": {
                        "typeName": "String", 
                        "value": "Checker Board"
                    }, 
                    "style": {
                        "typeName": "String", 
                        "value": "Stylized"
                    }
                }, 
                "category": "Activities", 
                "description": "Checkerboard", 
                "name": "Checker Board", 
                "subcategory": "Checkers", 
                "thumbnail": "com_apple_rc_af_CheckerBoard_a1c05cee-6aec-41b5-8414-0cf649073283_Checker_Board"
            }
        ], 
        "resourceSize": 4753028, 
        "resources": "com.apple.rc.af.CheckerBoard.a1c05cee-6aec-41b5-8414-0cf649073283"
    }
]