[
    1, 
    {
        "category": "Activities", 
        "items": [
            {
                "name": "Cue Ball", 
                "ontology": {
                    "desc": [
                        {
                            "feature": "DataType", 
                            "featureType": "rigidBody-shapeType", 
                            "name": "sphere"
                        }, 
                        {
                            "feature": "*RigidBodyMaterial", 
                            "featureType": "rigidBody-material", 
                            "value": [
                                {
                                    "builtIn": "plastic", 
                                    "overrides": {}
                                }
                            ]
                        }
                    ], 
                    "root": "RigidBody"
                }, 
                "styles": [
                    {
                        "UUID": "v1:3286c52c-14ae-4a85-bb54-f7a8ac3ef003", 
                        "name": "Realistic", 
                        "resource": "CueBall_3286c52c-14ae-4a85-bb54-f7a8ac3ef003_ball_pool_cue_realistic"
                    }, 
                    {
                        "UUID": "v1:3286c52c-14ae-4a85-bb54-f7a8ac3ef003", 
                        "name": "Stylized", 
                        "resource": "CueBall_3286c52c-14ae-4a85-bb54-f7a8ac3ef003_ball_pool_cue_stylized"
                    }, 
                    {
                        "UUID": "v1:3286c52c-14ae-4a85-bb54-f7a8ac3ef003", 
                        "name": "Iconic", 
                        "resource": "CueBall_3286c52c-14ae-4a85-bb54-f7a8ac3ef003_ball_pool_cue_iconic"
                    }
                ]
            }
        ], 
        "name": "CueBall", 
        "presets": [
            {
                "argumentChanges": {
                    "item": {
                        "typeName": "String", 
                        "value": "Cue Ball"
                    }, 
                    "style": {
                        "typeName": "String", 
                        "value": "Stylized"
                    }
                }, 
                "category": "Activities", 
                "description": "Billiards cue ball", 
                "name": "Cue Ball", 
                "subcategory": "Billiards", 
                "thumbnail": "com_apple_rc_af_CueBall_4021c6b2-1f8b-40c1-8ca8-20e458823beb_Cue_Ball"
            }
        ], 
        "resourceSize": 5002476, 
        "resources": "com.apple.rc.af.CueBall.4021c6b2-1f8b-40c1-8ca8-20e458823beb"
    }
]