[
    1, 
    {
        "category": "Food", 
        "items": [
            {
                "name": "Sourdough Roll", 
                "ontology": {
                    "desc": [
                        {
                            "feature": "DataType", 
                            "featureType": "rigidBody-shapeType", 
                            "name": "capsule"
                        }, 
                        {
                            "feature": "*RigidBodyMaterial", 
                            "featureType": "rigidBody-material", 
                            "value": [
                                {
                                    "builtIn": "wood", 
                                    "overrides": {}
                                }
                            ]
                        }
                    ], 
                    "root": "RigidBody"
                }, 
                "styles": [
                    {
                        "UUID": "v1:2a0141fd-4615-423f-a4c0-b68aff72814b", 
                        "name": "Realistic", 
                        "resource": "SourdoughRoll_2a0141fd-4615-423f-a4c0-b68aff72814b_bread_roll_sourdough_1_realistic"
                    }, 
                    {
                        "UUID": "v1:2a0141fd-4615-423f-a4c0-b68aff72814b", 
                        "name": "Stylized", 
                        "resource": "SourdoughRoll_2a0141fd-4615-423f-a4c0-b68aff72814b_bread_roll_sourdough_1_stylized"
                    }, 
                    {
                        "UUID": "v1:2a0141fd-4615-423f-a4c0-b68aff72814b", 
                        "name": "Iconic", 
                        "resource": "SourdoughRoll_2a0141fd-4615-423f-a4c0-b68aff72814b_bread_roll_sourdough_1_iconic"
                    }
                ]
            }
        ], 
        "name": "SourdoughRoll", 
        "presets": [
            {
                "argumentChanges": {
                    "item": {
                        "typeName": "String", 
                        "value": "Sourdough Roll"
                    }, 
                    "style": {
                        "typeName": "String", 
                        "value": "Realistic"
                    }
                }, 
                "category": "Food", 
                "description": "Sourdough roll", 
                "name": "Sourdough Roll", 
                "subcategory": "Scanned", 
                "thumbnail": "com_apple_rc_af_SourdoughRoll_8d2732e7-1f0d-47af-8e9f-1bed534a865f_Sourdough_Roll"
            }
        ], 
        "resourceSize": 20984523, 
        "resources": "com.apple.rc.af.SourdoughRoll.8d2732e7-1f0d-47af-8e9f-1bed534a865f"
    }
]