[
    1, 
    {
        "category": "Activities", 
        "items": [
            {
                "name": "Ribbon Marble 3", 
                "ontology": {
                    "desc": [
                        {
                            "feature": "DataType", 
                            "featureType": "rigidBody-shapeType", 
                            "name": "sphere"
                        }, 
                        {
                            "feature": "*RigidBodyMaterial", 
                            "featureType": "rigidBody-material", 
                            "value": [
                                {
                                    "builtIn": "plastic", 
                                    "overrides": {}
                                }
                            ]
                        }
                    ], 
                    "root": "RigidBody"
                }, 
                "styles": [
                    {
                        "UUID": "v1:fcdeea98-a62f-49be-b389-568a4bfc34fd", 
                        "name": "Realistic", 
                        "resource": "RibbonMarble3_fcdeea98-a62f-49be-b389-568a4bfc34fd_marble_ribbon_03_realistic"
                    }, 
                    {
                        "UUID": "v1:fcdeea98-a62f-49be-b389-568a4bfc34fd", 
                        "name": "Stylized", 
                        "resource": "RibbonMarble3_fcdeea98-a62f-49be-b389-568a4bfc34fd_marble_ribbon_03_stylized"
                    }, 
                    {
                        "UUID": "v1:fcdeea98-a62f-49be-b389-568a4bfc34fd", 
                        "name": "Iconic", 
                        "resource": "RibbonMarble3_fcdeea98-a62f-49be-b389-568a4bfc34fd_marble_ribbon_03_iconic"
                    }
                ]
            }
        ], 
        "name": "RibbonMarble3", 
        "presets": [
            {
                "argumentChanges": {
                    "item": {
                        "typeName": "String", 
                        "value": "Ribbon Marble 3"
                    }, 
                    "style": {
                        "typeName": "String", 
                        "value": "Realistic"
                    }
                }, 
                "category": "Activities", 
                "description": "Marble", 
                "name": "Ribbon Marble 3", 
                "subcategory": "Games", 
                "thumbnail": "com_apple_rc_af_RibbonMarble3_3078b24d-6bb9-4ea6-ac90-d343d6abe82a_Ribbon_Marble_3"
            }
        ], 
        "resourceSize": 6873960, 
        "resources": "com.apple.rc.af.RibbonMarble3.3078b24d-6bb9-4ea6-ac90-d343d6abe82a"
    }
]