[
    1, 
    {
        "category": "Activities", 
        "items": [
            {
                "name": "Chess Queen White", 
                "ontology": {
                    "desc": [
                        {
                            "feature": "*RigidBodyMaterial", 
                            "featureType": "rigidBody-material", 
                            "value": [
                                {
                                    "builtIn": "plastic", 
                                    "overrides": {}
                                }
                            ]
                        }
                    ], 
                    "root": "RigidBody"
                }, 
                "styles": [
                    {
                        "UUID": "v1:cac52a76-faf9-4496-b40b-43f3357daf14", 
                        "name": "Realistic", 
                        "resource": "ChessQueenWhite_cac52a76-faf9-4496-b40b-43f3357daf14_chess_queen_white_realistic"
                    }, 
                    {
                        "UUID": "v1:cac52a76-faf9-4496-b40b-43f3357daf14", 
                        "name": "Stylized", 
                        "resource": "ChessQueenWhite_cac52a76-faf9-4496-b40b-43f3357daf14_chess_queen_white_stylized"
                    }, 
                    {
                        "UUID": "v1:cac52a76-faf9-4496-b40b-43f3357daf14", 
                        "name": "Iconic", 
                        "resource": "ChessQueenWhite_cac52a76-faf9-4496-b40b-43f3357daf14_chess_queen_white_iconic"
                    }
                ]
            }
        ], 
        "name": "ChessQueenWhite", 
        "presets": [
            {
                "argumentChanges": {
                    "item": {
                        "typeName": "String", 
                        "value": "Chess Queen White"
                    }, 
                    "style": {
                        "typeName": "String", 
                        "value": "Stylized"
                    }
                }, 
                "category": "Activities", 
                "description": "White queen chess piece", 
                "name": "Chess Queen White", 
                "subcategory": "Chess", 
                "thumbnail": "com_apple_rc_af_ChessQueenWhite_0b8cbf3f-1746-4edb-b905-a29051c677ea_Chess_Queen_White"
            }
        ], 
        "resourceSize": 17139466, 
        "resources": "com.apple.rc.af.ChessQueenWhite.0b8cbf3f-1746-4edb-b905-a29051c677ea"
    }
]