[
    1, 
    {
        "category": "Activities", 
        "items": [
            {
                "name": "Six Ball", 
                "ontology": {
                    "desc": [
                        {
                            "feature": "DataType", 
                            "featureType": "rigidBody-shapeType", 
                            "name": "sphere"
                        }, 
                        {
                            "feature": "*RigidBodyMaterial", 
                            "featureType": "rigidBody-material", 
                            "value": [
                                {
                                    "builtIn": "plastic", 
                                    "overrides": {}
                                }
                            ]
                        }
                    ], 
                    "root": "RigidBody"
                }, 
                "styles": [
                    {
                        "UUID": "v1:a600e3e2-6c71-4dd0-98ff-b48c6d1d0eda", 
                        "name": "Realistic", 
                        "resource": "SixBall_a600e3e2-6c71-4dd0-98ff-b48c6d1d0eda_ball_pool_six_realistic"
                    }, 
                    {
                        "UUID": "v1:a600e3e2-6c71-4dd0-98ff-b48c6d1d0eda", 
                        "name": "Stylized", 
                        "resource": "SixBall_a600e3e2-6c71-4dd0-98ff-b48c6d1d0eda_ball_pool_six_stylized"
                    }, 
                    {
                        "UUID": "v1:a600e3e2-6c71-4dd0-98ff-b48c6d1d0eda", 
                        "name": "Iconic", 
                        "resource": "SixBall_a600e3e2-6c71-4dd0-98ff-b48c6d1d0eda_ball_pool_six_iconic"
                    }
                ]
            }
        ], 
        "name": "SixBall", 
        "presets": [
            {
                "argumentChanges": {
                    "item": {
                        "typeName": "String", 
                        "value": "Six Ball"
                    }, 
                    "style": {
                        "typeName": "String", 
                        "value": "Stylized"
                    }
                }, 
                "category": "Activities", 
                "description": "Billiards six ball", 
                "name": "Six Ball", 
                "subcategory": "Billiards", 
                "thumbnail": "com_apple_rc_af_SixBall_b0097289-a975-43f6-9ba0-b87a3446146f_Six_Ball"
            }
        ], 
        "resourceSize": 4260340, 
        "resources": "com.apple.rc.af.SixBall.b0097289-a975-43f6-9ba0-b87a3446146f"
    }
]