[
    1, 
    {
        "category": "Food", 
        "items": [
            {
                "name": "Chocolate Doughnut", 
                "ontology": {
                    "desc": [
                        {
                            "feature": "*RigidBodyMaterial", 
                            "featureType": "rigidBody-material", 
                            "value": [
                                {
                                    "builtIn": "wood", 
                                    "overrides": {}
                                }
                            ]
                        }
                    ], 
                    "root": "RigidBody"
                }, 
                "styles": [
                    {
                        "UUID": "v1:83cb7af5-e813-4a2e-aa3b-044039c41e38", 
                        "name": "Realistic", 
                        "resource": "ChocolateDoughnut_83cb7af5-e813-4a2e-aa3b-044039c41e38_donut_chocolate_1_realistic"
                    }
                ]
            }
        ], 
        "name": "ChocolateDoughnut", 
        "presets": [
            {
                "argumentChanges": {
                    "item": {
                        "typeName": "String", 
                        "value": "Chocolate Doughnut"
                    }, 
                    "style": {
                        "typeName": "String", 
                        "value": "Realistic"
                    }
                }, 
                "category": "Food", 
                "description": "Chocolate doughnut", 
                "name": "Chocolate Doughnut", 
                "subcategory": "Scanned", 
                "thumbnail": "com_apple_rc_af_ChocolateDoughnut_e44bcd2a-9bc3-45ef-9fe3-05c5d4030a01_Chocolate_Doughnut"
            }
        ], 
        "resourceSize": 7565770, 
        "resources": "com.apple.rc.af.ChocolateDoughnut.e44bcd2a-9bc3-45ef-9fe3-05c5d4030a01"
    }
]