[
    1, 
    {
        "category": "Work", 
        "items": [
            {
                "name": "Pencil", 
                "ontology": {
                    "desc": [
                        {
                            "feature": "DataType", 
                            "featureType": "rigidBody-shapeType", 
                            "name": "capsule"
                        }, 
                        {
                            "feature": "*RigidBodyMaterial", 
                            "featureType": "rigidBody-material", 
                            "value": [
                                {
                                    "builtIn": "wood", 
                                    "overrides": {}
                                }
                            ]
                        }
                    ], 
                    "root": "RigidBody"
                }, 
                "styles": [
                    {
                        "UUID": "v1:5c5242e5-94ff-403b-a6d5-007a7922a5c0", 
                        "name": "Realistic", 
                        "resource": "Pencil_5c5242e5-94ff-403b-a6d5-007a7922a5c0_pencil_2b_realistic"
                    }, 
                    {
                        "UUID": "v1:5c5242e5-94ff-403b-a6d5-007a7922a5c0", 
                        "name": "Stylized", 
                        "resource": "Pencil_5c5242e5-94ff-403b-a6d5-007a7922a5c0_pencil_2b_stylized"
                    }, 
                    {
                        "UUID": "v1:5c5242e5-94ff-403b-a6d5-007a7922a5c0", 
                        "name": "Iconic", 
                        "resource": "Pencil_5c5242e5-94ff-403b-a6d5-007a7922a5c0_pencil_2b_iconic"
                    }
                ]
            }
        ], 
        "name": "Pencil", 
        "presets": [
            {
                "argumentChanges": {
                    "item": {
                        "typeName": "String", 
                        "value": "Pencil"
                    }, 
                    "style": {
                        "typeName": "String", 
                        "value": "Stylized"
                    }
                }, 
                "category": "Work", 
                "description": "2b pencil", 
                "name": "Pencil", 
                "subcategory": "Supplies", 
                "thumbnail": "com_apple_rc_af_Pencil_2a63e92b-ac2d-49f8-92ca-659f5fb305b0_Pencil"
            }
        ], 
        "resourceSize": 9700049, 
        "resources": "com.apple.rc.af.Pencil.2a63e92b-ac2d-49f8-92ca-659f5fb305b0"
    }
]