[
    1, 
    {
        "category": "Activities", 
        "items": [
            {
                "name": "Checker Red Piece", 
                "ontology": {
                    "desc": [
                        {
                            "feature": "*RigidBodyMaterial", 
                            "featureType": "rigidBody-material", 
                            "value": [
                                {
                                    "builtIn": "plastic", 
                                    "overrides": {}
                                }
                            ]
                        }
                    ], 
                    "root": "RigidBody"
                }, 
                "styles": [
                    {
                        "UUID": "v1:6b545f03-d171-48a8-b127-e07219c02eec", 
                        "name": "Realistic", 
                        "resource": "CheckerRedPiece_6b545f03-d171-48a8-b127-e07219c02eec_checkers_red_realistic"
                    }, 
                    {
                        "UUID": "v1:6b545f03-d171-48a8-b127-e07219c02eec", 
                        "name": "Stylized", 
                        "resource": "CheckerRedPiece_6b545f03-d171-48a8-b127-e07219c02eec_checkers_red_stylized"
                    }, 
                    {
                        "UUID": "v1:6b545f03-d171-48a8-b127-e07219c02eec", 
                        "name": "Iconic", 
                        "resource": "CheckerRedPiece_6b545f03-d171-48a8-b127-e07219c02eec_checkers_red_iconic"
                    }
                ]
            }
        ], 
        "name": "CheckerRedPiece", 
        "presets": [
            {
                "argumentChanges": {
                    "item": {
                        "typeName": "String", 
                        "value": "Checker Red Piece"
                    }, 
                    "style": {
                        "typeName": "String", 
                        "value": "Stylized"
                    }
                }, 
                "category": "Activities", 
                "description": "Red checker piece", 
                "name": "Checker Red Piece", 
                "subcategory": "Checkers", 
                "thumbnail": "com_apple_rc_af_CheckerRedPiece_25baa375-74d7-4c94-ab07-3e6ebb5a0f7a_Checker_Red_Piece"
            }
        ], 
        "resourceSize": 44357735, 
        "resources": "com.apple.rc.af.CheckerRedPiece.25baa375-74d7-4c94-ab07-3e6ebb5a0f7a"
    }
]