[
    1, 
    {
        "category": "Activities", 
        "items": [
            {
                "name": "Metalwave Marble 3", 
                "ontology": {
                    "desc": [
                        {
                            "feature": "DataType", 
                            "featureType": "rigidBody-shapeType", 
                            "name": "sphere"
                        }, 
                        {
                            "feature": "*RigidBodyMaterial", 
                            "featureType": "rigidBody-material", 
                            "value": [
                                {
                                    "builtIn": "plastic", 
                                    "overrides": {}
                                }
                            ]
                        }
                    ], 
                    "root": "RigidBody"
                }, 
                "styles": [
                    {
                        "UUID": "v1:5d55938e-9e3e-4c00-bb2d-ef10509c0b1a", 
                        "name": "Realistic", 
                        "resource": "MetalwaveMarble3_5d55938e-9e3e-4c00-bb2d-ef10509c0b1a_marble_metalwave_03_realistic"
                    }, 
                    {
                        "UUID": "v1:5d55938e-9e3e-4c00-bb2d-ef10509c0b1a", 
                        "name": "Stylized", 
                        "resource": "MetalwaveMarble3_5d55938e-9e3e-4c00-bb2d-ef10509c0b1a_marble_metalwave_03_stylized"
                    }, 
                    {
                        "UUID": "v1:5d55938e-9e3e-4c00-bb2d-ef10509c0b1a", 
                        "name": "Iconic", 
                        "resource": "MetalwaveMarble3_5d55938e-9e3e-4c00-bb2d-ef10509c0b1a_marble_metalwave_03_iconic"
                    }
                ]
            }
        ], 
        "name": "MetalwaveMarble3", 
        "presets": [
            {
                "argumentChanges": {
                    "item": {
                        "typeName": "String", 
                        "value": "Metalwave Marble 3"
                    }, 
                    "style": {
                        "typeName": "String", 
                        "value": "Realistic"
                    }
                }, 
                "category": "Activities", 
                "description": "Marble", 
                "name": "Metalwave Marble 3", 
                "subcategory": "Games", 
                "thumbnail": "com_apple_rc_af_MetalwaveMarble3_32f2562f-d680-412d-a410-06555d96484d_Metalwave_Marble_3"
            }
        ], 
        "resourceSize": 5434180, 
        "resources": "com.apple.rc.af.MetalwaveMarble3.32f2562f-d680-412d-a410-06555d96484d"
    }
]