[
    1, 
    {
        "category": "Arts", 
        "items": [
            {
                "name": "Whole Note", 
                "ontology": {
                    "desc": [
                        {
                            "feature": "*RigidBodyMaterial", 
                            "featureType": "rigidBody-material", 
                            "value": [
                                {
                                    "builtIn": "plastic", 
                                    "overrides": {}
                                }
                            ]
                        }
                    ], 
                    "root": "RigidBody"
                }, 
                "styles": [
                    {
                        "UUID": "v1:9f921c58-b42d-4339-9a3a-fe33023967ce", 
                        "name": "Stylized", 
                        "resource": "WholeNote_9f921c58-b42d-4339-9a3a-fe33023967ce_musical_note_whole_stylized"
                    }, 
                    {
                        "UUID": "v1:9f921c58-b42d-4339-9a3a-fe33023967ce", 
                        "name": "Iconic", 
                        "resource": "WholeNote_9f921c58-b42d-4339-9a3a-fe33023967ce_musical_note_whole_iconic"
                    }
                ]
            }
        ], 
        "name": "WholeNote", 
        "presets": [
            {
                "argumentChanges": {
                    "item": {
                        "typeName": "String", 
                        "value": "Whole Note"
                    }, 
                    "style": {
                        "typeName": "String", 
                        "value": "Stylized"
                    }
                }, 
                "category": "Arts", 
                "description": "Whole music note", 
                "name": "Whole Note", 
                "subcategory": "Music", 
                "thumbnail": "com_apple_rc_af_WholeNote_87044e5b-2db7-4adf-95b1-c050d40075bf_Whole_Note"
            }
        ], 
        "resourceSize": 404579, 
        "resources": "com.apple.rc.af.WholeNote.87044e5b-2db7-4adf-95b1-c050d40075bf"
    }
]