[
    1, 
    {
        "category": "Activities", 
        "items": [
            {
                "name": "One Ball", 
                "ontology": {
                    "desc": [
                        {
                            "feature": "DataType", 
                            "featureType": "rigidBody-shapeType", 
                            "name": "sphere"
                        }, 
                        {
                            "feature": "*RigidBodyMaterial", 
                            "featureType": "rigidBody-material", 
                            "value": [
                                {
                                    "builtIn": "plastic", 
                                    "overrides": {}
                                }
                            ]
                        }
                    ], 
                    "root": "RigidBody"
                }, 
                "styles": [
                    {
                        "UUID": "v1:39abe5d6-131e-4c8c-8f0f-b527f938532d", 
                        "name": "Realistic", 
                        "resource": "OneBall_39abe5d6-131e-4c8c-8f0f-b527f938532d_ball_pool_one_realistic"
                    }, 
                    {
                        "UUID": "v1:39abe5d6-131e-4c8c-8f0f-b527f938532d", 
                        "name": "Stylized", 
                        "resource": "OneBall_39abe5d6-131e-4c8c-8f0f-b527f938532d_ball_pool_one_stylized"
                    }, 
                    {
                        "UUID": "v1:39abe5d6-131e-4c8c-8f0f-b527f938532d", 
                        "name": "Iconic", 
                        "resource": "OneBall_39abe5d6-131e-4c8c-8f0f-b527f938532d_ball_pool_one_iconic"
                    }
                ]
            }
        ], 
        "name": "OneBall", 
        "presets": [
            {
                "argumentChanges": {
                    "item": {
                        "typeName": "String", 
                        "value": "One Ball"
                    }, 
                    "style": {
                        "typeName": "String", 
                        "value": "Stylized"
                    }
                }, 
                "category": "Activities", 
                "description": "Billiards one ball", 
                "name": "One Ball", 
                "subcategory": "Billiards", 
                "thumbnail": "com_apple_rc_af_OneBall_e530382b-8177-4434-98f3-9a45bf90ce9c_One_Ball"
            }
        ], 
        "resourceSize": 5754666, 
        "resources": "com.apple.rc.af.OneBall.e530382b-8177-4434-98f3-9a45bf90ce9c"
    }
]