[
    1, 
    {
        "category": "Activities", 
        "items": [
            {
                "name": "Soccer Ball", 
                "ontology": {
                    "desc": [
                        {
                            "feature": "DataType", 
                            "featureType": "rigidBody-shapeType", 
                            "name": "sphere"
                        }, 
                        {
                            "feature": "*RigidBodyMaterial", 
                            "featureType": "rigidBody-material", 
                            "value": [
                                {
                                    "builtIn": "rubber", 
                                    "overrides": {}
                                }
                            ]
                        }
                    ], 
                    "root": "RigidBody"
                }, 
                "styles": [
                    {
                        "UUID": "v1:3c481ec6-a1a6-4311-998f-e5edcdb38a8d", 
                        "name": "Realistic", 
                        "resource": "SoccerBall_3c481ec6-a1a6-4311-998f-e5edcdb38a8d_ball_soccerball_realistic"
                    }, 
                    {
                        "UUID": "v1:3c481ec6-a1a6-4311-998f-e5edcdb38a8d", 
                        "name": "Stylized", 
                        "resource": "SoccerBall_3c481ec6-a1a6-4311-998f-e5edcdb38a8d_ball_soccerball_stylized"
                    }, 
                    {
                        "UUID": "v1:3c481ec6-a1a6-4311-998f-e5edcdb38a8d", 
                        "name": "Iconic", 
                        "resource": "SoccerBall_3c481ec6-a1a6-4311-998f-e5edcdb38a8d_ball_soccerball_iconic"
                    }
                ]
            }
        ], 
        "name": "SoccerBall", 
        "presets": [
            {
                "argumentChanges": {
                    "item": {
                        "typeName": "String", 
                        "value": "Soccer Ball"
                    }, 
                    "style": {
                        "typeName": "String", 
                        "value": "Stylized"
                    }
                }, 
                "category": "Activities", 
                "description": "Soccerball", 
                "name": "Soccer Ball", 
                "subcategory": "Sports", 
                "thumbnail": "com_apple_rc_af_SoccerBall_53b0ac2f-209f-440a-9e03-e4d96ffa88c3_Soccer_Ball"
            }
        ], 
        "resourceSize": 33815945, 
        "resources": "com.apple.rc.af.SoccerBall.53b0ac2f-209f-440a-9e03-e4d96ffa88c3"
    }
]