[
    1, 
    {
        "category": "Food", 
        "items": [
            {
                "name": "Russet Potato", 
                "ontology": {
                    "desc": [
                        {
                            "feature": "DataType", 
                            "featureType": "rigidBody-shapeType", 
                            "name": "capsule"
                        }, 
                        {
                            "feature": "*RigidBodyMaterial", 
                            "featureType": "rigidBody-material", 
                            "value": [
                                {
                                    "builtIn": "wood", 
                                    "overrides": {}
                                }
                            ]
                        }
                    ], 
                    "root": "RigidBody"
                }, 
                "styles": [
                    {
                        "UUID": "v1:c7974b55-227e-42ee-bc92-4169397d0932", 
                        "name": "Realistic", 
                        "resource": "RussetPotato_c7974b55-227e-42ee-bc92-4169397d0932_potato_russet_1_realistic"
                    }
                ]
            }
        ], 
        "name": "RussetPotato", 
        "presets": [
            {
                "argumentChanges": {
                    "item": {
                        "typeName": "String", 
                        "value": "Russet Potato"
                    }, 
                    "style": {
                        "typeName": "String", 
                        "value": "Realistic"
                    }
                }, 
                "category": "Food", 
                "description": "Russet potato", 
                "name": "Russet Potato", 
                "subcategory": "Scanned", 
                "thumbnail": "com_apple_rc_af_RussetPotato_e7ea38cc-c0b4-4658-b816-05ba670422f8_Russet_Potato"
            }
        ], 
        "resourceSize": 10146319, 
        "resources": "com.apple.rc.af.RussetPotato.e7ea38cc-c0b4-4658-b816-05ba670422f8"
    }
]