[
    1, 
    {
        "category": "Food", 
        "items": [
            {
                "name": "Cupcake", 
                "ontology": {
                    "desc": [
                        {
                            "feature": "*RigidBodyMaterial", 
                            "featureType": "rigidBody-material", 
                            "value": [
                                {
                                    "builtIn": "wood", 
                                    "overrides": {}
                                }
                            ]
                        }
                    ], 
                    "root": "RigidBody"
                }, 
                "styles": [
                    {
                        "UUID": "v1:b819bb53-44ea-4637-a181-f2418dc0dfd6", 
                        "name": "Realistic", 
                        "resource": "Cupcake_b819bb53-44ea-4637-a181-f2418dc0dfd6_cupcake_vanilla_sprinkles_realistic"
                    }, 
                    {
                        "UUID": "v1:b819bb53-44ea-4637-a181-f2418dc0dfd6", 
                        "name": "Stylized", 
                        "resource": "Cupcake_b819bb53-44ea-4637-a181-f2418dc0dfd6_cupcake_vanilla_sprinkles_stylized"
                    }, 
                    {
                        "UUID": "v1:b819bb53-44ea-4637-a181-f2418dc0dfd6", 
                        "name": "Iconic", 
                        "resource": "Cupcake_b819bb53-44ea-4637-a181-f2418dc0dfd6_cupcake_vanilla_sprinkles_iconic"
                    }
                ]
            }
        ], 
        "name": "Cupcake", 
        "presets": [
            {
                "argumentChanges": {
                    "item": {
                        "typeName": "String", 
                        "value": "Cupcake"
                    }, 
                    "style": {
                        "typeName": "String", 
                        "value": "Stylized"
                    }
                }, 
                "category": "Food", 
                "description": "Vanilla cupcake with sprinkles", 
                "name": "Cupcake", 
                "subcategory": "Baked Goods", 
                "thumbnail": "com_apple_rc_af_Cupcake_ed675aa9-9717-4cf4-b842-59a81ebd273e_Cupcake"
            }
        ], 
        "resourceSize": 15000189, 
        "resources": "com.apple.rc.af.Cupcake.ed675aa9-9717-4cf4-b842-59a81ebd273e"
    }
]