[
    1, 
    {
        "category": "Work", 
        "items": [
            {
                "name": "Clipboard", 
                "ontology": {
                    "desc": [
                        {
                            "feature": "DataType", 
                            "featureType": "rigidBody-shapeType", 
                            "name": "box"
                        }, 
                        {
                            "feature": "*RigidBodyMaterial", 
                            "featureType": "rigidBody-material", 
                            "value": [
                                {
                                    "builtIn": "wood", 
                                    "overrides": {}
                                }
                            ]
                        }
                    ], 
                    "root": "RigidBody"
                }, 
                "styles": [
                    {
                        "UUID": "v1:be96a9ce-e1dd-4aa7-b48b-0ac2b153cc59", 
                        "name": "Realistic", 
                        "resource": "Clipboard_be96a9ce-e1dd-4aa7-b48b-0ac2b153cc59_clipboard_realistic"
                    }, 
                    {
                        "UUID": "v1:be96a9ce-e1dd-4aa7-b48b-0ac2b153cc59", 
                        "name": "Stylized", 
                        "resource": "Clipboard_be96a9ce-e1dd-4aa7-b48b-0ac2b153cc59_clipboard_stylized"
                    }, 
                    {
                        "UUID": "v1:be96a9ce-e1dd-4aa7-b48b-0ac2b153cc59", 
                        "name": "Iconic", 
                        "resource": "Clipboard_be96a9ce-e1dd-4aa7-b48b-0ac2b153cc59_clipboard_iconic"
                    }
                ]
            }
        ], 
        "name": "Clipboard", 
        "presets": [
            {
                "argumentChanges": {
                    "item": {
                        "typeName": "String", 
                        "value": "Clipboard"
                    }, 
                    "style": {
                        "typeName": "String", 
                        "value": "Stylized"
                    }
                }, 
                "category": "Work", 
                "description": "Clipboard with paper", 
                "name": "Clipboard", 
                "subcategory": "Supplies", 
                "thumbnail": "com_apple_rc_af_Clipboard_e1b33efa-6846-456e-b2f4-dd865149d879_Clipboard"
            }
        ], 
        "resourceSize": 7426648, 
        "resources": "com.apple.rc.af.Clipboard.e1b33efa-6846-456e-b2f4-dd865149d879"
    }
]