[
    1, 
    {
        "category": "Activities", 
        "items": [
            {
                "name": "Three Ball", 
                "ontology": {
                    "desc": [
                        {
                            "feature": "DataType", 
                            "featureType": "rigidBody-shapeType", 
                            "name": "sphere"
                        }, 
                        {
                            "feature": "*RigidBodyMaterial", 
                            "featureType": "rigidBody-material", 
                            "value": [
                                {
                                    "builtIn": "plastic", 
                                    "overrides": {}
                                }
                            ]
                        }
                    ], 
                    "root": "RigidBody"
                }, 
                "styles": [
                    {
                        "UUID": "v1:fb714ddf-0ec0-4bec-88c7-818f261efeef", 
                        "name": "Realistic", 
                        "resource": "ThreeBall_fb714ddf-0ec0-4bec-88c7-818f261efeef_ball_pool_three_realistic"
                    }, 
                    {
                        "UUID": "v1:fb714ddf-0ec0-4bec-88c7-818f261efeef", 
                        "name": "Stylized", 
                        "resource": "ThreeBall_fb714ddf-0ec0-4bec-88c7-818f261efeef_ball_pool_three_stylized"
                    }, 
                    {
                        "UUID": "v1:fb714ddf-0ec0-4bec-88c7-818f261efeef", 
                        "name": "Iconic", 
                        "resource": "ThreeBall_fb714ddf-0ec0-4bec-88c7-818f261efeef_ball_pool_three_iconic"
                    }
                ]
            }
        ], 
        "name": "ThreeBall", 
        "presets": [
            {
                "argumentChanges": {
                    "item": {
                        "typeName": "String", 
                        "value": "Three Ball"
                    }, 
                    "style": {
                        "typeName": "String", 
                        "value": "Stylized"
                    }
                }, 
                "category": "Activities", 
                "description": "Billiards three ball", 
                "name": "Three Ball", 
                "subcategory": "Billiards", 
                "thumbnail": "com_apple_rc_af_ThreeBall_f1ab5ba6-abee-4a22-a020-5e2d3b2911a2_Three_Ball"
            }
        ], 
        "resourceSize": 4637807, 
        "resources": "com.apple.rc.af.ThreeBall.f1ab5ba6-abee-4a22-a020-5e2d3b2911a2"
    }
]