[
    1, 
    {
        "category": "Activities", 
        "items": [
            {
                "name": "Warp Marble 2", 
                "ontology": {
                    "desc": [
                        {
                            "feature": "DataType", 
                            "featureType": "rigidBody-shapeType", 
                            "name": "sphere"
                        }, 
                        {
                            "feature": "*RigidBodyMaterial", 
                            "featureType": "rigidBody-material", 
                            "value": [
                                {
                                    "builtIn": "plastic", 
                                    "overrides": {}
                                }
                            ]
                        }
                    ], 
                    "root": "RigidBody"
                }, 
                "styles": [
                    {
                        "UUID": "v1:ae8d9708-08dc-4c93-adca-e6e782028333", 
                        "name": "Realistic", 
                        "resource": "WarpMarble2_ae8d9708-08dc-4c93-adca-e6e782028333_marble_warp_02_realistic"
                    }, 
                    {
                        "UUID": "v1:ae8d9708-08dc-4c93-adca-e6e782028333", 
                        "name": "Stylized", 
                        "resource": "WarpMarble2_ae8d9708-08dc-4c93-adca-e6e782028333_marble_warp_02_stylized"
                    }, 
                    {
                        "UUID": "v1:ae8d9708-08dc-4c93-adca-e6e782028333", 
                        "name": "Iconic", 
                        "resource": "WarpMarble2_ae8d9708-08dc-4c93-adca-e6e782028333_marble_warp_02_iconic"
                    }
                ]
            }
        ], 
        "name": "WarpMarble2", 
        "presets": [
            {
                "argumentChanges": {
                    "item": {
                        "typeName": "String", 
                        "value": "Warp Marble 2"
                    }, 
                    "style": {
                        "typeName": "String", 
                        "value": "Realistic"
                    }
                }, 
                "category": "Activities", 
                "description": "Marble", 
                "name": "Warp Marble 2", 
                "subcategory": "Games", 
                "thumbnail": "com_apple_rc_af_WarpMarble2_8eaa849f-55b5-440d-8da6-2edd9d7f7567_Warp_Marble_2"
            }
        ], 
        "resourceSize": 6660055, 
        "resources": "com.apple.rc.af.WarpMarble2.8eaa849f-55b5-440d-8da6-2edd9d7f7567"
    }
]