[
    1, 
    {
        "category": "Activities", 
        "items": [
            {
                "name": "Field Hockey Ball", 
                "ontology": {
                    "desc": [
                        {
                            "feature": "DataType", 
                            "featureType": "rigidBody-shapeType", 
                            "name": "sphere"
                        }, 
                        {
                            "feature": "*RigidBodyMaterial", 
                            "featureType": "rigidBody-material", 
                            "value": [
                                {
                                    "builtIn": "plastic", 
                                    "overrides": {}
                                }
                            ]
                        }
                    ], 
                    "root": "RigidBody"
                }, 
                "styles": [
                    {
                        "UUID": "v1:2051c64e-e79b-4cc4-87eb-9ed9cbff960d", 
                        "name": "Realistic", 
                        "resource": "FieldHockeyBall_2051c64e-e79b-4cc4-87eb-9ed9cbff960d_field_hockey_ball_realistic"
                    }, 
                    {
                        "UUID": "v1:2051c64e-e79b-4cc4-87eb-9ed9cbff960d", 
                        "name": "Stylized", 
                        "resource": "FieldHockeyBall_2051c64e-e79b-4cc4-87eb-9ed9cbff960d_field_hockey_ball_stylized"
                    }, 
                    {
                        "UUID": "v1:2051c64e-e79b-4cc4-87eb-9ed9cbff960d", 
                        "name": "Iconic", 
                        "resource": "FieldHockeyBall_2051c64e-e79b-4cc4-87eb-9ed9cbff960d_field_hockey_ball_iconic"
                    }
                ]
            }
        ], 
        "name": "FieldHockeyBall", 
        "presets": [
            {
                "argumentChanges": {
                    "item": {
                        "typeName": "String", 
                        "value": "Field Hockey Ball"
                    }, 
                    "style": {
                        "typeName": "String", 
                        "value": "Stylized"
                    }
                }, 
                "category": "Activities", 
                "description": "Field hockey ball", 
                "name": "Field Hockey Ball", 
                "subcategory": "Sports", 
                "thumbnail": "com_apple_rc_af_FieldHockeyBall_263e8021-be31-417d-a52e-af934c725ba2_Field_Hockey_Ball"
            }
        ], 
        "resourceSize": 2764551, 
        "resources": "com.apple.rc.af.FieldHockeyBall.263e8021-be31-417d-a52e-af934c725ba2"
    }
]