[
    1, 
    {
        "category": "Activities", 
        "items": [
            {
                "name": "Skis", 
                "ontology": {
                    "desc": [
                        {
                            "feature": "*RigidBodyMaterial", 
                            "featureType": "rigidBody-material", 
                            "value": [
                                {
                                    "builtIn": "plastic", 
                                    "overrides": {}
                                }
                            ]
                        }
                    ], 
                    "root": "RigidBody"
                }, 
                "styles": [
                    {
                        "UUID": "v1:958b9054-8cb7-43e0-ac14-4fb1475d70f6", 
                        "name": "Realistic", 
                        "resource": "Skis_958b9054-8cb7-43e0-ac14-4fb1475d70f6_skis_realistic"
                    }, 
                    {
                        "UUID": "v1:958b9054-8cb7-43e0-ac14-4fb1475d70f6", 
                        "name": "Stylized", 
                        "resource": "Skis_958b9054-8cb7-43e0-ac14-4fb1475d70f6_skis_stylized"
                    }, 
                    {
                        "UUID": "v1:958b9054-8cb7-43e0-ac14-4fb1475d70f6", 
                        "name": "Iconic", 
                        "resource": "Skis_958b9054-8cb7-43e0-ac14-4fb1475d70f6_skis_iconic"
                    }
                ]
            }
        ], 
        "name": "Skis", 
        "presets": [
            {
                "argumentChanges": {
                    "item": {
                        "typeName": "String", 
                        "value": "Skis"
                    }, 
                    "style": {
                        "typeName": "String", 
                        "value": "Stylized"
                    }
                }, 
                "category": "Activities", 
                "description": "Ski", 
                "name": "Skis", 
                "subcategory": "Sports", 
                "thumbnail": "com_apple_rc_af_Skis_b8b9fe53-8154-4a77-8952-206cdb2d4561_Skis"
            }
        ], 
        "resourceSize": 52080689, 
        "resources": "com.apple.rc.af.Skis.b8b9fe53-8154-4a77-8952-206cdb2d4561"
    }
]