[
    1, 
    {
        "category": "Food", 
        "items": [
            {
                "name": "Dinner Plate", 
                "ontology": {
                    "desc": [
                        {
                            "feature": "*RigidBodyMaterial", 
                            "featureType": "rigidBody-material", 
                            "value": [
                                {
                                    "builtIn": "wood", 
                                    "overrides": {}
                                }
                            ]
                        }
                    ], 
                    "root": "RigidBody"
                }, 
                "styles": [
                    {
                        "UUID": "v1:47b86788-df79-47a6-b292-0e5c0c92e98c", 
                        "name": "Realistic", 
                        "resource": "DinnerPlate_47b86788-df79-47a6-b292-0e5c0c92e98c_plate_dinner_realistic"
                    }, 
                    {
                        "UUID": "v1:47b86788-df79-47a6-b292-0e5c0c92e98c", 
                        "name": "Stylized", 
                        "resource": "DinnerPlate_47b86788-df79-47a6-b292-0e5c0c92e98c_plate_dinner_stylized"
                    }, 
                    {
                        "UUID": "v1:47b86788-df79-47a6-b292-0e5c0c92e98c", 
                        "name": "Iconic", 
                        "resource": "DinnerPlate_47b86788-df79-47a6-b292-0e5c0c92e98c_plate_dinner_iconic"
                    }
                ]
            }
        ], 
        "name": "DinnerPlate", 
        "presets": [
            {
                "argumentChanges": {
                    "item": {
                        "typeName": "String", 
                        "value": "Dinner Plate"
                    }, 
                    "style": {
                        "typeName": "String", 
                        "value": "Stylized"
                    }
                }, 
                "category": "Food", 
                "description": "Dinner plate", 
                "name": "Dinner Plate", 
                "subcategory": "Tableware", 
                "thumbnail": "com_apple_rc_af_DinnerPlate_aedf8f28-c493-48b4-9f61-948b7cb1d0d7_Dinner_Plate"
            }
        ], 
        "resourceSize": 5305364, 
        "resources": "com.apple.rc.af.DinnerPlate.aedf8f28-c493-48b4-9f61-948b7cb1d0d7"
    }
]