[
    1, 
    {
        "category": "Activities", 
        "items": [
            {
                "name": "Chess Knight White", 
                "ontology": {
                    "desc": [
                        {
                            "feature": "*RigidBodyMaterial", 
                            "featureType": "rigidBody-material", 
                            "value": [
                                {
                                    "builtIn": "plastic", 
                                    "overrides": {}
                                }
                            ]
                        }
                    ], 
                    "root": "RigidBody"
                }, 
                "styles": [
                    {
                        "UUID": "v1:99ff40a8-7db3-4c10-aa63-3e430e9b7f8b", 
                        "name": "Realistic", 
                        "resource": "ChessKnightWhite_99ff40a8-7db3-4c10-aa63-3e430e9b7f8b_chess_knight_white_realistic"
                    }, 
                    {
                        "UUID": "v1:99ff40a8-7db3-4c10-aa63-3e430e9b7f8b", 
                        "name": "Stylized", 
                        "resource": "ChessKnightWhite_99ff40a8-7db3-4c10-aa63-3e430e9b7f8b_chess_knight_white_stylized"
                    }, 
                    {
                        "UUID": "v1:99ff40a8-7db3-4c10-aa63-3e430e9b7f8b", 
                        "name": "Iconic", 
                        "resource": "ChessKnightWhite_99ff40a8-7db3-4c10-aa63-3e430e9b7f8b_chess_knight_white_iconic"
                    }
                ]
            }
        ], 
        "name": "ChessKnightWhite", 
        "presets": [
            {
                "argumentChanges": {
                    "item": {
                        "typeName": "String", 
                        "value": "Chess Knight White"
                    }, 
                    "style": {
                        "typeName": "String", 
                        "value": "Stylized"
                    }
                }, 
                "category": "Activities", 
                "description": "White knight chess piece", 
                "name": "Chess Knight White", 
                "subcategory": "Chess", 
                "thumbnail": "com_apple_rc_af_ChessKnightWhite_bf9c9962-634a-41ca-a483-20750ae0cca8_Chess_Knight_White"
            }
        ], 
        "resourceSize": 15354063, 
        "resources": "com.apple.rc.af.ChessKnightWhite.bf9c9962-634a-41ca-a483-20750ae0cca8"
    }
]