[
    1, 
    {
        "category": "Activities", 
        "items": [
            {
                "name": "Twist Marble 2", 
                "ontology": {
                    "desc": [
                        {
                            "feature": "DataType", 
                            "featureType": "rigidBody-shapeType", 
                            "name": "sphere"
                        }, 
                        {
                            "feature": "*RigidBodyMaterial", 
                            "featureType": "rigidBody-material", 
                            "value": [
                                {
                                    "builtIn": "plastic", 
                                    "overrides": {}
                                }
                            ]
                        }
                    ], 
                    "root": "RigidBody"
                }, 
                "styles": [
                    {
                        "UUID": "v1:79ddc4c6-9f0b-47de-91ce-f6ff3f32b075", 
                        "name": "Realistic", 
                        "resource": "TwistMarble2_79ddc4c6-9f0b-47de-91ce-f6ff3f32b075_marble_twist_02_realistic"
                    }, 
                    {
                        "UUID": "v1:79ddc4c6-9f0b-47de-91ce-f6ff3f32b075", 
                        "name": "Stylized", 
                        "resource": "TwistMarble2_79ddc4c6-9f0b-47de-91ce-f6ff3f32b075_marble_twist_02_stylized"
                    }, 
                    {
                        "UUID": "v1:79ddc4c6-9f0b-47de-91ce-f6ff3f32b075", 
                        "name": "Iconic", 
                        "resource": "TwistMarble2_79ddc4c6-9f0b-47de-91ce-f6ff3f32b075_marble_twist_02_iconic"
                    }
                ]
            }
        ], 
        "name": "TwistMarble2", 
        "presets": [
            {
                "argumentChanges": {
                    "item": {
                        "typeName": "String", 
                        "value": "Twist Marble 2"
                    }, 
                    "style": {
                        "typeName": "String", 
                        "value": "Realistic"
                    }
                }, 
                "category": "Activities", 
                "description": "Marble", 
                "name": "Twist Marble 2", 
                "subcategory": "Games", 
                "thumbnail": "com_apple_rc_af_TwistMarble2_a0f8cf91-9197-4891-9014-0839cd907315_Twist_Marble_2"
            }
        ], 
        "resourceSize": 16394016, 
        "resources": "com.apple.rc.af.TwistMarble2.a0f8cf91-9197-4891-9014-0839cd907315"
    }
]