[
    1, 
    {
        "category": "Work", 
        "items": [
            {
                "name": "Floppy Disk", 
                "ontology": {
                    "desc": [
                        {
                            "feature": "DataType", 
                            "featureType": "rigidBody-shapeType", 
                            "name": "box"
                        }, 
                        {
                            "feature": "*RigidBodyMaterial", 
                            "featureType": "rigidBody-material", 
                            "value": [
                                {
                                    "builtIn": "plastic", 
                                    "overrides": {}
                                }
                            ]
                        }
                    ], 
                    "root": "RigidBody"
                }, 
                "styles": [
                    {
                        "UUID": "v1:b77a34c7-f063-450d-8d1b-ec48bb751532", 
                        "name": "Realistic", 
                        "resource": "FloppyDisk_b77a34c7-f063-450d-8d1b-ec48bb751532_floppy_disk_realistic"
                    }, 
                    {
                        "UUID": "v1:b77a34c7-f063-450d-8d1b-ec48bb751532", 
                        "name": "Stylized", 
                        "resource": "FloppyDisk_b77a34c7-f063-450d-8d1b-ec48bb751532_floppy_disk_stylized"
                    }, 
                    {
                        "UUID": "v1:b77a34c7-f063-450d-8d1b-ec48bb751532", 
                        "name": "Iconic", 
                        "resource": "FloppyDisk_b77a34c7-f063-450d-8d1b-ec48bb751532_floppy_disk_iconic"
                    }
                ]
            }
        ], 
        "name": "FloppyDisk", 
        "presets": [
            {
                "argumentChanges": {
                    "item": {
                        "typeName": "String", 
                        "value": "Floppy Disk"
                    }, 
                    "style": {
                        "typeName": "String", 
                        "value": "Stylized"
                    }
                }, 
                "category": "Work", 
                "description": "3.5 inch floppy disk", 
                "name": "Floppy Disk", 
                "subcategory": "Technology", 
                "thumbnail": "com_apple_rc_af_FloppyDisk_30e2d8e8-4f1e-4b71-b369-db67a4b38144_Floppy_Disk"
            }
        ], 
        "resourceSize": 38801332, 
        "resources": "com.apple.rc.af.FloppyDisk.30e2d8e8-4f1e-4b71-b369-db67a4b38144"
    }
]