[
    1, 
    {
        "category": "Work", 
        "items": [
            {
                "name": "Book", 
                "ontology": {
                    "desc": [
                        {
                            "feature": "*RigidBodyMaterial", 
                            "featureType": "rigidBody-material", 
                            "value": [
                                {
                                    "builtIn": "wood", 
                                    "overrides": {}
                                }
                            ]
                        }
                    ], 
                    "root": "RigidBody"
                }, 
                "styles": [
                    {
                        "UUID": "v1:074f6e37-35bf-45e5-8ee3-508a2d839f26", 
                        "name": "Realistic", 
                        "resource": "Book_074f6e37-35bf-45e5-8ee3-508a2d839f26_textbook_realistic"
                    }, 
                    {
                        "UUID": "v1:074f6e37-35bf-45e5-8ee3-508a2d839f26", 
                        "name": "Stylized", 
                        "resource": "Book_074f6e37-35bf-45e5-8ee3-508a2d839f26_textbook_stylized"
                    }, 
                    {
                        "UUID": "v1:074f6e37-35bf-45e5-8ee3-508a2d839f26", 
                        "name": "Iconic", 
                        "resource": "Book_074f6e37-35bf-45e5-8ee3-508a2d839f26_textbook_iconic"
                    }
                ]
            }
        ], 
        "name": "Book", 
        "presets": [
            {
                "argumentChanges": {
                    "item": {
                        "typeName": "String", 
                        "value": "Book"
                    }, 
                    "style": {
                        "typeName": "String", 
                        "value": "Stylized"
                    }
                }, 
                "category": "Work", 
                "description": "Textbook", 
                "name": "Book", 
                "subcategory": "Supplies", 
                "thumbnail": "com_apple_rc_af_Book_1a595725-c534-4b90-ab54-805706900a30_Book"
            }
        ], 
        "resourceSize": 35442057, 
        "resources": "com.apple.rc.af.Book.1a595725-c534-4b90-ab54-805706900a30"
    }
]