[
    1, 
    {
        "category": "Activities", 
        "items": [
            {
                "name": "Ticket Stub", 
                "ontology": {
                    "desc": [
                        {
                            "feature": "DataType", 
                            "featureType": "rigidBody-shapeType", 
                            "name": "box"
                        }, 
                        {
                            "feature": "*RigidBodyMaterial", 
                            "featureType": "rigidBody-material", 
                            "value": [
                                {
                                    "builtIn": "wood", 
                                    "overrides": {}
                                }
                            ]
                        }
                    ], 
                    "root": "RigidBody"
                }, 
                "styles": [
                    {
                        "UUID": "v1:4f1fbe86-d6ef-4217-881b-edd9de9848ee", 
                        "name": "Realistic", 
                        "resource": "TicketStub_4f1fbe86-d6ef-4217-881b-edd9de9848ee_ticket_admission_realistic"
                    }, 
                    {
                        "UUID": "v1:4f1fbe86-d6ef-4217-881b-edd9de9848ee", 
                        "name": "Stylized", 
                        "resource": "TicketStub_4f1fbe86-d6ef-4217-881b-edd9de9848ee_ticket_admission_stylized"
                    }, 
                    {
                        "UUID": "v1:4f1fbe86-d6ef-4217-881b-edd9de9848ee", 
                        "name": "Iconic", 
                        "resource": "TicketStub_4f1fbe86-d6ef-4217-881b-edd9de9848ee_ticket_admission_iconic"
                    }
                ]
            }
        ], 
        "name": "TicketStub", 
        "presets": [
            {
                "argumentChanges": {
                    "item": {
                        "typeName": "String", 
                        "value": "Ticket Stub"
                    }, 
                    "style": {
                        "typeName": "String", 
                        "value": "Stylized"
                    }
                }, 
                "category": "Activities", 
                "description": "Event admission ticket", 
                "name": "Ticket Stub", 
                "subcategory": "Events", 
                "thumbnail": "com_apple_rc_af_TicketStub_2b491d51-38a9-4de9-917a-5eaf83451420_Ticket_Stub"
            }
        ], 
        "resourceSize": 6025477, 
        "resources": "com.apple.rc.af.TicketStub.2b491d51-38a9-4de9-917a-5eaf83451420"
    }
]