[
    1, 
    {
        "category": "Activities", 
        "items": [
            {
                "name": "Golf Club (driver)", 
                "ontology": {
                    "desc": [
                        {
                            "feature": "*RigidBodyMaterial", 
                            "featureType": "rigidBody-material", 
                            "value": [
                                {
                                    "builtIn": "lead", 
                                    "overrides": {}
                                }
                            ]
                        }
                    ], 
                    "root": "RigidBody"
                }, 
                "styles": [
                    {
                        "UUID": "v1:30a503f2-3253-4988-bf76-34c77b973dbc", 
                        "name": "Realistic", 
                        "resource": "GolfClubDriver_30a503f2-3253-4988-bf76-34c77b973dbc_golf_club_driver_realistic"
                    }, 
                    {
                        "UUID": "v1:30a503f2-3253-4988-bf76-34c77b973dbc", 
                        "name": "Stylized", 
                        "resource": "GolfClubDriver_30a503f2-3253-4988-bf76-34c77b973dbc_golf_club_driver_stylized"
                    }, 
                    {
                        "UUID": "v1:30a503f2-3253-4988-bf76-34c77b973dbc", 
                        "name": "Iconic", 
                        "resource": "GolfClubDriver_30a503f2-3253-4988-bf76-34c77b973dbc_golf_club_driver_iconic"
                    }
                ]
            }
        ], 
        "name": "GolfClubDriver", 
        "presets": [
            {
                "argumentChanges": {
                    "item": {
                        "typeName": "String", 
                        "value": "Golf Club (driver)"
                    }, 
                    "style": {
                        "typeName": "String", 
                        "value": "Stylized"
                    }
                }, 
                "category": "Activities", 
                "description": "Golf club driver", 
                "name": "Golf Club (driver)", 
                "subcategory": "Sports", 
                "thumbnail": "com_apple_rc_af_GolfClubDriver_bfef1a54-fee2-4af5-804f-44cef80f4f00_Golf_Club_(driver)"
            }
        ], 
        "resourceSize": 17140310, 
        "resources": "com.apple.rc.af.GolfClubDriver.bfef1a54-fee2-4af5-804f-44cef80f4f00"
    }
]