[
    1, 
    {
        "category": "Nature", 
        "items": [
            {
                "name": "Rock 1", 
                "ontology": {
                    "desc": [
                        {
                            "feature": "*RigidBodyMaterial", 
                            "featureType": "rigidBody-material", 
                            "value": [
                                {
                                    "builtIn": "concrete", 
                                    "overrides": {}
                                }
                            ]
                        }
                    ], 
                    "root": "RigidBody"
                }, 
                "styles": [
                    {
                        "UUID": "v1:0f68fcde-891b-43fb-a83e-edcaa570f242", 
                        "name": "Realistic", 
                        "resource": "Rock1_0f68fcde-891b-43fb-a83e-edcaa570f242_rock_pebble_rough_1_realistic"
                    }
                ]
            }
        ], 
        "name": "Rock1", 
        "presets": [
            {
                "argumentChanges": {
                    "item": {
                        "typeName": "String", 
                        "value": "Rock 1"
                    }, 
                    "style": {
                        "typeName": "String", 
                        "value": "Realistic"
                    }
                }, 
                "category": "Nature", 
                "description": "Rough rock", 
                "name": "Rock 1", 
                "subcategory": "Scanned", 
                "thumbnail": "com_apple_rc_af_Rock1_b64ae458-f9ba-4034-9579-b00b76c39729_Rock_1"
            }
        ], 
        "resourceSize": 14166975, 
        "resources": "com.apple.rc.af.Rock1.b64ae458-f9ba-4034-9579-b00b76c39729"
    }
]