[
    1, 
    {
        "category": "Activities", 
        "items": [
            {
                "name": "Bowling Pin", 
                "ontology": {
                    "desc": [
                        {
                            "feature": "*RigidBodyMaterial", 
                            "featureType": "rigidBody-material", 
                            "value": [
                                {
                                    "builtIn": "wood", 
                                    "overrides": {}
                                }
                            ]
                        }
                    ], 
                    "root": "RigidBody"
                }, 
                "styles": [
                    {
                        "UUID": "v1:58f72fc8-3f12-4a2d-a480-7a0b489d54b9", 
                        "name": "Realistic", 
                        "resource": "BowlingPin_58f72fc8-3f12-4a2d-a480-7a0b489d54b9_bowling_pin_realistic"
                    }, 
                    {
                        "UUID": "v1:58f72fc8-3f12-4a2d-a480-7a0b489d54b9", 
                        "name": "Stylized", 
                        "resource": "BowlingPin_58f72fc8-3f12-4a2d-a480-7a0b489d54b9_bowling_pin_stylized"
                    }, 
                    {
                        "UUID": "v1:58f72fc8-3f12-4a2d-a480-7a0b489d54b9", 
                        "name": "Iconic", 
                        "resource": "BowlingPin_58f72fc8-3f12-4a2d-a480-7a0b489d54b9_bowling_pin_iconic"
                    }
                ]
            }
        ], 
        "name": "BowlingPin", 
        "presets": [
            {
                "argumentChanges": {
                    "item": {
                        "typeName": "String", 
                        "value": "Bowling Pin"
                    }, 
                    "style": {
                        "typeName": "String", 
                        "value": "Stylized"
                    }
                }, 
                "category": "Activities", 
                "description": "Bowling pin", 
                "name": "Bowling Pin", 
                "subcategory": "Sports", 
                "thumbnail": "com_apple_rc_af_BowlingPin_d1ee6fbb-77ae-47d5-8d41-40fd7cd55f39_Bowling_Pin"
            }
        ], 
        "resourceSize": 10541366, 
        "resources": "com.apple.rc.af.BowlingPin.d1ee6fbb-77ae-47d5-8d41-40fd7cd55f39"
    }
]