[
    1, 
    {
        "category": "Activities", 
        "items": [
            {
                "name": "Football Helmet", 
                "ontology": {
                    "desc": [
                        {
                            "feature": "DataType", 
                            "featureType": "rigidBody-shapeType", 
                            "name": "capsule"
                        }, 
                        {
                            "feature": "*RigidBodyMaterial", 
                            "featureType": "rigidBody-material", 
                            "value": [
                                {
                                    "builtIn": "plastic", 
                                    "overrides": {}
                                }
                            ]
                        }
                    ], 
                    "root": "RigidBody"
                }, 
                "styles": [
                    {
                        "UUID": "v1:ad2ce364-e48c-45f2-b136-8509981305d0", 
                        "name": "Realistic", 
                        "resource": "FootballHelmet_ad2ce364-e48c-45f2-b136-8509981305d0_helmet_football_realistic"
                    }, 
                    {
                        "UUID": "v1:ad2ce364-e48c-45f2-b136-8509981305d0", 
                        "name": "Stylized", 
                        "resource": "FootballHelmet_ad2ce364-e48c-45f2-b136-8509981305d0_helmet_football_stylized"
                    }, 
                    {
                        "UUID": "v1:ad2ce364-e48c-45f2-b136-8509981305d0", 
                        "name": "Iconic", 
                        "resource": "FootballHelmet_ad2ce364-e48c-45f2-b136-8509981305d0_helmet_football_iconic"
                    }
                ]
            }
        ], 
        "name": "FootballHelmet", 
        "presets": [
            {
                "argumentChanges": {
                    "item": {
                        "typeName": "String", 
                        "value": "Football Helmet"
                    }, 
                    "style": {
                        "typeName": "String", 
                        "value": "Stylized"
                    }
                }, 
                "category": "Activities", 
                "description": "American football helmet", 
                "name": "Football Helmet", 
                "subcategory": "Sports", 
                "thumbnail": "com_apple_rc_af_FootballHelmet_81bf5b9a-6715-48be-ba19-940fb784ae8d_Football_Helmet"
            }
        ], 
        "resourceSize": 20191126, 
        "resources": "com.apple.rc.af.FootballHelmet.81bf5b9a-6715-48be-ba19-940fb784ae8d"
    }
]