[
    1, 
    {
        "category": "Food", 
        "items": [
            {
                "name": "Chocolate Roll", 
                "ontology": {
                    "desc": [
                        {
                            "feature": "DataType", 
                            "featureType": "rigidBody-shapeType", 
                            "name": "capsule"
                        }, 
                        {
                            "feature": "*RigidBodyMaterial", 
                            "featureType": "rigidBody-material", 
                            "value": [
                                {
                                    "builtIn": "wood", 
                                    "overrides": {}
                                }
                            ]
                        }
                    ], 
                    "root": "RigidBody"
                }, 
                "styles": [
                    {
                        "UUID": "v1:e22d04fb-d2fc-4232-8654-2b712a5bcff8", 
                        "name": "Realistic", 
                        "resource": "ChocolateRoll_e22d04fb-d2fc-4232-8654-2b712a5bcff8_roll_chocolate_1_realistic"
                    }, 
                    {
                        "UUID": "v1:e22d04fb-d2fc-4232-8654-2b712a5bcff8", 
                        "name": "Stylized", 
                        "resource": "ChocolateRoll_e22d04fb-d2fc-4232-8654-2b712a5bcff8_roll_chocolate_1_stylized"
                    }, 
                    {
                        "UUID": "v1:e22d04fb-d2fc-4232-8654-2b712a5bcff8", 
                        "name": "Iconic", 
                        "resource": "ChocolateRoll_e22d04fb-d2fc-4232-8654-2b712a5bcff8_roll_chocolate_1_iconic"
                    }
                ]
            }
        ], 
        "name": "ChocolateRoll", 
        "presets": [
            {
                "argumentChanges": {
                    "item": {
                        "typeName": "String", 
                        "value": "Chocolate Roll"
                    }, 
                    "style": {
                        "typeName": "String", 
                        "value": "Realistic"
                    }
                }, 
                "category": "Food", 
                "description": "Chocolate Swiss roll", 
                "name": "Chocolate Roll", 
                "subcategory": "Scanned", 
                "thumbnail": "com_apple_rc_af_ChocolateRoll_ee45515f-0f46-469b-a774-7316be2e110d_Chocolate_Roll"
            }
        ], 
        "resourceSize": 22001142, 
        "resources": "com.apple.rc.af.ChocolateRoll.ee45515f-0f46-469b-a774-7316be2e110d"
    }
]