[
    1, 
    {
        "category": "Activities", 
        "items": [
            {
                "name": "Balloon", 
                "ontology": {
                    "desc": [
                        {
                            "feature": "DataType", 
                            "featureType": "rigidBody-shapeType", 
                            "name": "capsule"
                        }, 
                        {
                            "feature": "*RigidBodyMaterial", 
                            "featureType": "rigidBody-material", 
                            "value": [
                                {
                                    "builtIn": "rubber", 
                                    "overrides": {}
                                }
                            ]
                        }
                    ], 
                    "root": "RigidBody"
                }, 
                "styles": [
                    {
                        "UUID": "v1:33eadf2b-c115-42fa-8a1d-e9856ccce244", 
                        "name": "Realistic", 
                        "resource": "Balloon_33eadf2b-c115-42fa-8a1d-e9856ccce244_balloon_red_realistic"
                    }, 
                    {
                        "UUID": "v1:33eadf2b-c115-42fa-8a1d-e9856ccce244", 
                        "name": "Stylized", 
                        "resource": "Balloon_33eadf2b-c115-42fa-8a1d-e9856ccce244_balloon_red_stylized"
                    }, 
                    {
                        "UUID": "v1:33eadf2b-c115-42fa-8a1d-e9856ccce244", 
                        "name": "Iconic", 
                        "resource": "Balloon_33eadf2b-c115-42fa-8a1d-e9856ccce244_balloon_red_iconic"
                    }
                ]
            }
        ], 
        "name": "Balloon", 
        "presets": [
            {
                "argumentChanges": {
                    "item": {
                        "typeName": "String", 
                        "value": "Balloon"
                    }, 
                    "style": {
                        "typeName": "String", 
                        "value": "Stylized"
                    }
                }, 
                "category": "Activities", 
                "description": "Party balloon", 
                "name": "Balloon", 
                "subcategory": "Events", 
                "thumbnail": "com_apple_rc_af_Balloon_0d5810c2-53a1-4cab-ac69-b6ed2b445c32_Balloon"
            }
        ], 
        "resourceSize": 9460816, 
        "resources": "com.apple.rc.af.Balloon.0d5810c2-53a1-4cab-ac69-b6ed2b445c32"
    }
]