[
    1, 
    {
        "category": "Food", 
        "items": [
            {
                "name": "Red Grapes", 
                "ontology": {
                    "desc": [
                        {
                            "feature": "*RigidBodyMaterial", 
                            "featureType": "rigidBody-material", 
                            "value": [
                                {
                                    "builtIn": "wood", 
                                    "overrides": {}
                                }
                            ]
                        }
                    ], 
                    "root": "RigidBody"
                }, 
                "styles": [
                    {
                        "UUID": "v1:65fdbfc9-a029-4a71-822b-1f865b2f699b", 
                        "name": "Realistic", 
                        "resource": "RedGrapes_65fdbfc9-a029-4a71-822b-1f865b2f699b_grapes_red_realistic"
                    }, 
                    {
                        "UUID": "v1:65fdbfc9-a029-4a71-822b-1f865b2f699b", 
                        "name": "Stylized", 
                        "resource": "RedGrapes_65fdbfc9-a029-4a71-822b-1f865b2f699b_grapes_red_stylized"
                    }, 
                    {
                        "UUID": "v1:65fdbfc9-a029-4a71-822b-1f865b2f699b", 
                        "name": "Iconic", 
                        "resource": "RedGrapes_65fdbfc9-a029-4a71-822b-1f865b2f699b_grapes_red_iconic"
                    }
                ]
            }
        ], 
        "name": "RedGrapes", 
        "presets": [
            {
                "argumentChanges": {
                    "item": {
                        "typeName": "String", 
                        "value": "Red Grapes"
                    }, 
                    "style": {
                        "typeName": "String", 
                        "value": "Stylized"
                    }
                }, 
                "category": "Food", 
                "description": "Red grape bunch", 
                "name": "Red Grapes", 
                "subcategory": "Fruit", 
                "thumbnail": "com_apple_rc_af_RedGrapes_2aadbd74-32f3-4e57-9653-cc231ce4cb2b_Red_Grapes"
            }
        ], 
        "resourceSize": 16858571, 
        "resources": "com.apple.rc.af.RedGrapes.2aadbd74-32f3-4e57-9653-cc231ce4cb2b"
    }
]