[
    1, 
    {
        "category": "Food", 
        "items": [
            {
                "name": "Kabocha Squash", 
                "ontology": {
                    "desc": [
                        {
                            "feature": "DataType", 
                            "featureType": "rigidBody-shapeType", 
                            "name": "capsule"
                        }, 
                        {
                            "feature": "*RigidBodyMaterial", 
                            "featureType": "rigidBody-material", 
                            "value": [
                                {
                                    "builtIn": "wood", 
                                    "overrides": {}
                                }
                            ]
                        }
                    ], 
                    "root": "RigidBody"
                }, 
                "styles": [
                    {
                        "UUID": "v1:15505612-9f0c-4281-8ec7-2c44cfbaa496", 
                        "name": "Realistic", 
                        "resource": "KabochaSquash_15505612-9f0c-4281-8ec7-2c44cfbaa496_squash_kabocha_1_realistic"
                    }
                ]
            }
        ], 
        "name": "KabochaSquash", 
        "presets": [
            {
                "argumentChanges": {
                    "item": {
                        "typeName": "String", 
                        "value": "Kabocha Squash"
                    }, 
                    "style": {
                        "typeName": "String", 
                        "value": "Realistic"
                    }
                }, 
                "category": "Food", 
                "description": "Kabocha squash", 
                "name": "Kabocha Squash", 
                "subcategory": "Scanned", 
                "thumbnail": "com_apple_rc_af_KabochaSquash_c0eff40b-db33-4ad6-a856-4603e84ee2e5_Kabocha_Squash"
            }
        ], 
        "resourceSize": 11908207, 
        "resources": "com.apple.rc.af.KabochaSquash.c0eff40b-db33-4ad6-a856-4603e84ee2e5"
    }
]