[
    1, 
    {
        "category": "Activities", 
        "items": [
            {
                "name": "Fourteen Ball", 
                "ontology": {
                    "desc": [
                        {
                            "feature": "DataType", 
                            "featureType": "rigidBody-shapeType", 
                            "name": "sphere"
                        }, 
                        {
                            "feature": "*RigidBodyMaterial", 
                            "featureType": "rigidBody-material", 
                            "value": [
                                {
                                    "builtIn": "plastic", 
                                    "overrides": {}
                                }
                            ]
                        }
                    ], 
                    "root": "RigidBody"
                }, 
                "styles": [
                    {
                        "UUID": "v1:581c8867-3772-4acd-9e4e-6b3e64fc6591", 
                        "name": "Realistic", 
                        "resource": "FourteenBall_581c8867-3772-4acd-9e4e-6b3e64fc6591_ball_pool_fourteen_realistic"
                    }, 
                    {
                        "UUID": "v1:581c8867-3772-4acd-9e4e-6b3e64fc6591", 
                        "name": "Stylized", 
                        "resource": "FourteenBall_581c8867-3772-4acd-9e4e-6b3e64fc6591_ball_pool_fourteen_stylized"
                    }, 
                    {
                        "UUID": "v1:581c8867-3772-4acd-9e4e-6b3e64fc6591", 
                        "name": "Iconic", 
                        "resource": "FourteenBall_581c8867-3772-4acd-9e4e-6b3e64fc6591_ball_pool_fourteen_iconic"
                    }
                ]
            }
        ], 
        "name": "FourteenBall", 
        "presets": [
            {
                "argumentChanges": {
                    "item": {
                        "typeName": "String", 
                        "value": "Fourteen Ball"
                    }, 
                    "style": {
                        "typeName": "String", 
                        "value": "Stylized"
                    }
                }, 
                "category": "Activities", 
                "description": "Billiards fourteen ball", 
                "name": "Fourteen Ball", 
                "subcategory": "Billiards", 
                "thumbnail": "com_apple_rc_af_FourteenBall_95cd4661-7a13-4ae5-a27d-dbea836acea5_Fourteen_Ball"
            }
        ], 
        "resourceSize": 4723120, 
        "resources": "com.apple.rc.af.FourteenBall.95cd4661-7a13-4ae5-a27d-dbea836acea5"
    }
]