[
    1, 
    {
        "category": "Activities", 
        "items": [
            {
                "name": "Drummer Toy", 
                "ontology": {
                    "desc": [
                        {
                            "feature": "*RigidBodyMaterial", 
                            "featureType": "rigidBody-material", 
                            "value": [
                                {
                                    "builtIn": "lead", 
                                    "overrides": {}
                                }
                            ]
                        }
                    ], 
                    "root": "RigidBody"
                }, 
                "styles": [
                    {
                        "UUID": "v1:91a908df-a692-4c91-a933-c4c55af7f9cc", 
                        "name": "Realistic", 
                        "resource": "Drummer_91a908df-a692-4c91-a933-c4c55af7f9cc_toy_drummer_realistic"
                    }, 
                    {
                        "UUID": "v1:91a908df-a692-4c91-a933-c4c55af7f9cc", 
                        "name": "Stylized", 
                        "resource": "Drummer_91a908df-a692-4c91-a933-c4c55af7f9cc_toy_drummer_stylized"
                    }, 
                    {
                        "UUID": "v1:91a908df-a692-4c91-a933-c4c55af7f9cc", 
                        "name": "Iconic", 
                        "resource": "Drummer_91a908df-a692-4c91-a933-c4c55af7f9cc_toy_drummer_iconic"
                    }
                ]
            }
        ], 
        "name": "Drummer", 
        "presets": [
            {
                "argumentChanges": {
                    "item": {
                        "typeName": "String", 
                        "value": "Drummer Toy"
                    }, 
                    "style": {
                        "typeName": "String", 
                        "value": "Stylized"
                    }
                }, 
                "category": "Activities", 
                "description": "Wind up drummer toy", 
                "name": "Drummer Toy", 
                "subcategory": "Toys", 
                "thumbnail": "com_apple_rc_af_Drummer_f275a1d0-0857-4e72-ae58-5de0947df04e_Drummer_Toy"
            }
        ], 
        "resourceSize": 23577102, 
        "resources": "com.apple.rc.af.Drummer.f275a1d0-0857-4e72-ae58-5de0947df04e"
    }
]