[
    1, 
    {
        "category": "Symbols", 
        "items": [
            {
                "name": "Padlock", 
                "ontology": {
                    "desc": [
                        {
                            "feature": "*RigidBodyMaterial", 
                            "featureType": "rigidBody-material", 
                            "value": [
                                {
                                    "builtIn": "lead", 
                                    "overrides": {}
                                }
                            ]
                        }
                    ], 
                    "root": "RigidBody"
                }, 
                "styles": [
                    {
                        "UUID": "v1:87833dcc-322a-4704-b583-f8acca67d485", 
                        "name": "Realistic", 
                        "resource": "Padlock_87833dcc-322a-4704-b583-f8acca67d485_padlock_realistic"
                    }, 
                    {
                        "UUID": "v1:87833dcc-322a-4704-b583-f8acca67d485", 
                        "name": "Stylized", 
                        "resource": "Padlock_87833dcc-322a-4704-b583-f8acca67d485_padlock_stylized"
                    }, 
                    {
                        "UUID": "v1:87833dcc-322a-4704-b583-f8acca67d485", 
                        "name": "Iconic", 
                        "resource": "Padlock_87833dcc-322a-4704-b583-f8acca67d485_padlock_iconic"
                    }
                ]
            }
        ], 
        "name": "Padlock", 
        "presets": [
            {
                "argumentChanges": {
                    "item": {
                        "typeName": "String", 
                        "value": "Padlock"
                    }, 
                    "style": {
                        "typeName": "String", 
                        "value": "Stylized"
                    }
                }, 
                "category": "Symbols", 
                "description": "Padlock", 
                "name": "Padlock", 
                "subcategory": "Security", 
                "thumbnail": "com_apple_rc_af_Padlock_3b258194-82bf-4565-b46e-83a245469fbd_Padlock"
            }
        ], 
        "resourceSize": 7571905, 
        "resources": "com.apple.rc.af.Padlock.3b258194-82bf-4565-b46e-83a245469fbd"
    }
]