[
    1, 
    {
        "category": "Activities", 
        "items": [
            {
                "name": "Fifteen Ball", 
                "ontology": {
                    "desc": [
                        {
                            "feature": "DataType", 
                            "featureType": "rigidBody-shapeType", 
                            "name": "sphere"
                        }, 
                        {
                            "feature": "*RigidBodyMaterial", 
                            "featureType": "rigidBody-material", 
                            "value": [
                                {
                                    "builtIn": "plastic", 
                                    "overrides": {}
                                }
                            ]
                        }
                    ], 
                    "root": "RigidBody"
                }, 
                "styles": [
                    {
                        "UUID": "v1:253f9458-bfb5-4d60-abfd-ba5897a6dbd0", 
                        "name": "Realistic", 
                        "resource": "FifteenBall_253f9458-bfb5-4d60-abfd-ba5897a6dbd0_ball_pool_fifteen_realistic"
                    }, 
                    {
                        "UUID": "v1:253f9458-bfb5-4d60-abfd-ba5897a6dbd0", 
                        "name": "Stylized", 
                        "resource": "FifteenBall_253f9458-bfb5-4d60-abfd-ba5897a6dbd0_ball_pool_fifteen_stylized"
                    }, 
                    {
                        "UUID": "v1:253f9458-bfb5-4d60-abfd-ba5897a6dbd0", 
                        "name": "Iconic", 
                        "resource": "FifteenBall_253f9458-bfb5-4d60-abfd-ba5897a6dbd0_ball_pool_fifteen_iconic"
                    }
                ]
            }
        ], 
        "name": "FifteenBall", 
        "presets": [
            {
                "argumentChanges": {
                    "item": {
                        "typeName": "String", 
                        "value": "Fifteen Ball"
                    }, 
                    "style": {
                        "typeName": "String", 
                        "value": "Stylized"
                    }
                }, 
                "category": "Activities", 
                "description": "Billiards fifteen ball", 
                "name": "Fifteen Ball", 
                "subcategory": "Billiards", 
                "thumbnail": "com_apple_rc_af_FifteenBall_703d4f03-5651-44f5-8ebe-67c89a65e990_Fifteen_Ball"
            }
        ], 
        "resourceSize": 3692533, 
        "resources": "com.apple.rc.af.FifteenBall.703d4f03-5651-44f5-8ebe-67c89a65e990"
    }
]