[
    1, 
    {
        "category": "Furnishings", 
        "items": [
            {
                "name": "Diner Bench", 
                "ontology": {
                    "desc": [
                        {
                            "feature": "*RigidBodyMaterial", 
                            "featureType": "rigidBody-material", 
                            "value": [
                                {
                                    "builtIn": "wood", 
                                    "overrides": {}
                                }
                            ]
                        }
                    ], 
                    "root": "RigidBody"
                }, 
                "styles": [
                    {
                        "UUID": "v1:09b4b788-39da-4e39-a998-336ce2be0a1b", 
                        "name": "Realistic", 
                        "resource": "DinerBench_09b4b788-39da-4e39-a998-336ce2be0a1b_bench_diner_realistic"
                    }, 
                    {
                        "UUID": "v1:09b4b788-39da-4e39-a998-336ce2be0a1b", 
                        "name": "Stylized", 
                        "resource": "DinerBench_09b4b788-39da-4e39-a998-336ce2be0a1b_bench_diner_stylized"
                    }, 
                    {
                        "UUID": "v1:09b4b788-39da-4e39-a998-336ce2be0a1b", 
                        "name": "Iconic", 
                        "resource": "DinerBench_09b4b788-39da-4e39-a998-336ce2be0a1b_bench_diner_iconic"
                    }
                ]
            }
        ], 
        "name": "DinerBench", 
        "presets": [
            {
                "argumentChanges": {
                    "item": {
                        "typeName": "String", 
                        "value": "Diner Bench"
                    }, 
                    "style": {
                        "typeName": "String", 
                        "value": "Stylized"
                    }
                }, 
                "category": "Furnishings", 
                "description": "Two tone short diner bench", 
                "name": "Diner Bench", 
                "subcategory": "Furniture", 
                "thumbnail": "com_apple_rc_af_DinerBench_9a128bc9-80c2-40ff-88f7-517ee0b4c0a7_Diner_Bench"
            }
        ], 
        "resourceSize": 13795877, 
        "resources": "com.apple.rc.af.DinerBench.9a128bc9-80c2-40ff-88f7-517ee0b4c0a7"
    }
]