[
    1, 
    {
        "category": "Food", 
        "items": [
            {
                "name": "Rutabaga", 
                "ontology": {
                    "desc": [
                        {
                            "feature": "DataType", 
                            "featureType": "rigidBody-shapeType", 
                            "name": "sphere"
                        }, 
                        {
                            "feature": "*RigidBodyMaterial", 
                            "featureType": "rigidBody-material", 
                            "value": [
                                {
                                    "builtIn": "wood", 
                                    "overrides": {}
                                }
                            ]
                        }
                    ], 
                    "root": "RigidBody"
                }, 
                "styles": [
                    {
                        "UUID": "v1:64af71c7-3a0a-40f1-9e5e-13acc16ba2f6", 
                        "name": "Realistic", 
                        "resource": "Rutabaga_64af71c7-3a0a-40f1-9e5e-13acc16ba2f6_rutabaga_1_realistic"
                    }
                ]
            }
        ], 
        "name": "Rutabaga", 
        "presets": [
            {
                "argumentChanges": {
                    "item": {
                        "typeName": "String", 
                        "value": "Rutabaga"
                    }, 
                    "style": {
                        "typeName": "String", 
                        "value": "Realistic"
                    }
                }, 
                "category": "Food", 
                "description": "Rutabaga root", 
                "name": "Rutabaga", 
                "subcategory": "Scanned", 
                "thumbnail": "com_apple_rc_af_Rutabaga_8afaab9e-e120-40f4-bfb5-0e635fb866db_Rutabaga"
            }
        ], 
        "resourceSize": 10651748, 
        "resources": "com.apple.rc.af.Rutabaga.8afaab9e-e120-40f4-bfb5-0e635fb866db"
    }
]