[
    1, 
    {
        "category": "Food", 
        "items": [
            {
                "name": "Tongs", 
                "ontology": {
                    "desc": [
                        {
                            "feature": "*RigidBodyMaterial", 
                            "featureType": "rigidBody-material", 
                            "value": [
                                {
                                    "builtIn": "lead", 
                                    "overrides": {}
                                }
                            ]
                        }
                    ], 
                    "root": "RigidBody"
                }, 
                "styles": [
                    {
                        "UUID": "v1:322f3b0c-59b9-4ede-b598-4a0e4b9841f7", 
                        "name": "Realistic", 
                        "resource": "Tongs_322f3b0c-59b9-4ede-b598-4a0e4b9841f7_tongs_realistic"
                    }, 
                    {
                        "UUID": "v1:322f3b0c-59b9-4ede-b598-4a0e4b9841f7", 
                        "name": "Stylized", 
                        "resource": "Tongs_322f3b0c-59b9-4ede-b598-4a0e4b9841f7_tongs_stylized"
                    }, 
                    {
                        "UUID": "v1:322f3b0c-59b9-4ede-b598-4a0e4b9841f7", 
                        "name": "Iconic", 
                        "resource": "Tongs_322f3b0c-59b9-4ede-b598-4a0e4b9841f7_tongs_iconic"
                    }
                ]
            }
        ], 
        "name": "Tongs", 
        "presets": [
            {
                "argumentChanges": {
                    "item": {
                        "typeName": "String", 
                        "value": "Tongs"
                    }, 
                    "style": {
                        "typeName": "String", 
                        "value": "Stylized"
                    }
                }, 
                "category": "Food", 
                "description": "Cooking tongs", 
                "name": "Tongs", 
                "subcategory": "Cookware", 
                "thumbnail": "com_apple_rc_af_Tongs_0e8e9793-f3d1-4dc7-95f8-168ae2a736c3_Tongs"
            }
        ], 
        "resourceSize": 9128289, 
        "resources": "com.apple.rc.af.Tongs.0e8e9793-f3d1-4dc7-95f8-168ae2a736c3"
    }
]