[
    1, 
    {
        "category": "Nature", 
        "items": [
            {
                "name": "Driftwood 3", 
                "ontology": {
                    "desc": [
                        {
                            "feature": "*RigidBodyMaterial", 
                            "featureType": "rigidBody-material", 
                            "value": [
                                {
                                    "builtIn": "wood", 
                                    "overrides": {}
                                }
                            ]
                        }
                    ], 
                    "root": "RigidBody"
                }, 
                "styles": [
                    {
                        "UUID": "v1:af15b6e0-8bf0-4ca6-a054-03709504c550", 
                        "name": "Realistic", 
                        "resource": "Driftwood3_af15b6e0-8bf0-4ca6-a054-03709504c550_driftwood_3_realistic"
                    }
                ]
            }
        ], 
        "name": "Driftwood3", 
        "presets": [
            {
                "argumentChanges": {
                    "item": {
                        "typeName": "String", 
                        "value": "Driftwood 3"
                    }, 
                    "style": {
                        "typeName": "String", 
                        "value": "Realistic"
                    }
                }, 
                "category": "Nature", 
                "description": "Broken driftwood piece", 
                "name": "Driftwood 3", 
                "subcategory": "Scanned", 
                "thumbnail": "com_apple_rc_af_Driftwood3_b0a7f17d-3915-460f-a170-21f35fd116f0_Driftwood_3"
            }
        ], 
        "resourceSize": 15345764, 
        "resources": "com.apple.rc.af.Driftwood3.b0a7f17d-3915-460f-a170-21f35fd116f0"
    }
]