[
    1, 
    {
        "category": "Food", 
        "items": [
            {
                "name": "Bread Loaf", 
                "ontology": {
                    "desc": [
                        {
                            "feature": "*RigidBodyMaterial", 
                            "featureType": "rigidBody-material", 
                            "value": [
                                {
                                    "builtIn": "wood", 
                                    "overrides": {}
                                }
                            ]
                        }
                    ], 
                    "root": "RigidBody"
                }, 
                "styles": [
                    {
                        "UUID": "v1:f3cb8023-93ee-4d31-81cc-615200b3e9c2", 
                        "name": "Realistic", 
                        "resource": "BreadLoaf_f3cb8023-93ee-4d31-81cc-615200b3e9c2_bread_loaf_realistic"
                    }, 
                    {
                        "UUID": "v1:f3cb8023-93ee-4d31-81cc-615200b3e9c2", 
                        "name": "Stylized", 
                        "resource": "BreadLoaf_f3cb8023-93ee-4d31-81cc-615200b3e9c2_bread_loaf_stylized"
                    }, 
                    {
                        "UUID": "v1:f3cb8023-93ee-4d31-81cc-615200b3e9c2", 
                        "name": "Iconic", 
                        "resource": "BreadLoaf_f3cb8023-93ee-4d31-81cc-615200b3e9c2_bread_loaf_iconic"
                    }
                ]
            }
        ], 
        "name": "BreadLoaf", 
        "presets": [
            {
                "argumentChanges": {
                    "item": {
                        "typeName": "String", 
                        "value": "Bread Loaf"
                    }, 
                    "style": {
                        "typeName": "String", 
                        "value": "Stylized"
                    }
                }, 
                "category": "Food", 
                "description": "Half loaf of bread", 
                "name": "Bread Loaf", 
                "subcategory": "Baked Goods", 
                "thumbnail": "com_apple_rc_af_BreadLoaf_1b958b9c-f9c0-46b1-abc4-4ccf9a7ecac2_Bread_Loaf"
            }
        ], 
        "resourceSize": 21389128, 
        "resources": "com.apple.rc.af.BreadLoaf.1b958b9c-f9c0-46b1-abc4-4ccf9a7ecac2"
    }
]