[
    1, 
    {
        "category": "Nature", 
        "items": [
            {
                "name": "Pebble 8", 
                "ontology": {
                    "desc": [
                        {
                            "feature": "*RigidBodyMaterial", 
                            "featureType": "rigidBody-material", 
                            "value": [
                                {
                                    "builtIn": "concrete", 
                                    "overrides": {}
                                }
                            ]
                        }
                    ], 
                    "root": "RigidBody"
                }, 
                "styles": [
                    {
                        "UUID": "v1:6483d331-ef9f-43c4-b376-31f31e4ea6e4", 
                        "name": "Realistic", 
                        "resource": "Pebble8_6483d331-ef9f-43c4-b376-31f31e4ea6e4_rock_pebble_smooth_8_realistic"
                    }
                ]
            }
        ], 
        "name": "Pebble8", 
        "presets": [
            {
                "argumentChanges": {
                    "item": {
                        "typeName": "String", 
                        "value": "Pebble 8"
                    }, 
                    "style": {
                        "typeName": "String", 
                        "value": "Realistic"
                    }
                }, 
                "category": "Nature", 
                "description": "Rough rock", 
                "name": "Pebble 8", 
                "subcategory": "Scanned", 
                "thumbnail": "com_apple_rc_af_Pebble8_f3d609c2-ba9b-455e-8dbd-a0574f131894_Pebble_8"
            }
        ], 
        "resourceSize": 12519835, 
        "resources": "com.apple.rc.af.Pebble8.f3d609c2-ba9b-455e-8dbd-a0574f131894"
    }
]