[
    1, 
    {
        "category": "Activities", 
        "items": [
            {
                "name": "Pool Cue", 
                "ontology": {
                    "desc": [
                        {
                            "feature": "DataType", 
                            "featureType": "rigidBody-shapeType", 
                            "name": "capsule"
                        }, 
                        {
                            "feature": "*RigidBodyMaterial", 
                            "featureType": "rigidBody-material", 
                            "value": [
                                {
                                    "builtIn": "wood", 
                                    "overrides": {}
                                }
                            ]
                        }
                    ], 
                    "root": "RigidBody"
                }, 
                "styles": [
                    {
                        "UUID": "v1:38f0244c-1289-4408-aa16-28c39f02b1c2", 
                        "name": "Realistic", 
                        "resource": "PoolCue_38f0244c-1289-4408-aa16-28c39f02b1c2_pool_cue_realistic"
                    }, 
                    {
                        "UUID": "v1:38f0244c-1289-4408-aa16-28c39f02b1c2", 
                        "name": "Stylized", 
                        "resource": "PoolCue_38f0244c-1289-4408-aa16-28c39f02b1c2_pool_cue_stylized"
                    }, 
                    {
                        "UUID": "v1:38f0244c-1289-4408-aa16-28c39f02b1c2", 
                        "name": "Iconic", 
                        "resource": "PoolCue_38f0244c-1289-4408-aa16-28c39f02b1c2_pool_cue_iconic"
                    }
                ]
            }
        ], 
        "name": "PoolCue", 
        "presets": [
            {
                "argumentChanges": {
                    "item": {
                        "typeName": "String", 
                        "value": "Pool Cue"
                    }, 
                    "style": {
                        "typeName": "String", 
                        "value": "Stylized"
                    }
                }, 
                "category": "Activities", 
                "description": "Billiards cue", 
                "name": "Pool Cue", 
                "subcategory": "Billiards", 
                "thumbnail": "com_apple_rc_af_PoolCue_d89bcaa4-f2f5-418f-b475-18e5449e3753_Pool_Cue"
            }
        ], 
        "resourceSize": 27439641, 
        "resources": "com.apple.rc.af.PoolCue.d89bcaa4-f2f5-418f-b475-18e5449e3753"
    }
]