[
    1, 
    {
        "category": "Activities", 
        "items": [
            {
                "name": "Golf Ball", 
                "ontology": {
                    "desc": [
                        {
                            "feature": "DataType", 
                            "featureType": "rigidBody-shapeType", 
                            "name": "sphere"
                        }, 
                        {
                            "feature": "*RigidBodyMaterial", 
                            "featureType": "rigidBody-material", 
                            "value": [
                                {
                                    "builtIn": "rubber", 
                                    "overrides": {}
                                }
                            ]
                        }
                    ], 
                    "root": "RigidBody"
                }, 
                "styles": [
                    {
                        "UUID": "v1:e7f68715-0588-4455-935d-b828dd23c263", 
                        "name": "Realistic", 
                        "resource": "GolfBall_e7f68715-0588-4455-935d-b828dd23c263_ball_golf_realistic"
                    }, 
                    {
                        "UUID": "v1:e7f68715-0588-4455-935d-b828dd23c263", 
                        "name": "Stylized", 
                        "resource": "GolfBall_e7f68715-0588-4455-935d-b828dd23c263_ball_golf_stylized"
                    }, 
                    {
                        "UUID": "v1:e7f68715-0588-4455-935d-b828dd23c263", 
                        "name": "Iconic", 
                        "resource": "GolfBall_e7f68715-0588-4455-935d-b828dd23c263_ball_golf_iconic"
                    }
                ]
            }
        ], 
        "name": "GolfBall", 
        "presets": [
            {
                "argumentChanges": {
                    "item": {
                        "typeName": "String", 
                        "value": "Golf Ball"
                    }, 
                    "style": {
                        "typeName": "String", 
                        "value": "Stylized"
                    }
                }, 
                "category": "Activities", 
                "description": "Golf ball", 
                "name": "Golf Ball", 
                "subcategory": "Sports", 
                "thumbnail": "com_apple_rc_af_GolfBall_43053cff-cf75-469e-a53a-0c70f1adad11_Golf_Ball"
            }
        ], 
        "resourceSize": 21524014, 
        "resources": "com.apple.rc.af.GolfBall.43053cff-cf75-469e-a53a-0c70f1adad11"
    }
]