[
    1, 
    {
        "category": "Arts", 
        "items": [
            {
                "name": "Drum Stick", 
                "ontology": {
                    "desc": [
                        {
                            "feature": "DataType", 
                            "featureType": "rigidBody-shapeType", 
                            "name": "capsule"
                        }, 
                        {
                            "feature": "*RigidBodyMaterial", 
                            "featureType": "rigidBody-material", 
                            "value": [
                                {
                                    "builtIn": "wood", 
                                    "overrides": {}
                                }
                            ]
                        }
                    ], 
                    "root": "RigidBody"
                }, 
                "styles": [
                    {
                        "UUID": "v1:fd085cae-ae97-4098-95b7-98574ad03d28", 
                        "name": "Realistic", 
                        "resource": "DrumStick_fd085cae-ae97-4098-95b7-98574ad03d28_musical_drum_stick_realistic"
                    }, 
                    {
                        "UUID": "v1:fd085cae-ae97-4098-95b7-98574ad03d28", 
                        "name": "Stylized", 
                        "resource": "DrumStick_fd085cae-ae97-4098-95b7-98574ad03d28_musical_drum_stick_stylized"
                    }, 
                    {
                        "UUID": "v1:fd085cae-ae97-4098-95b7-98574ad03d28", 
                        "name": "Iconic", 
                        "resource": "DrumStick_fd085cae-ae97-4098-95b7-98574ad03d28_musical_drum_stick_iconic"
                    }
                ]
            }
        ], 
        "name": "DrumStick", 
        "presets": [
            {
                "argumentChanges": {
                    "item": {
                        "typeName": "String", 
                        "value": "Drum Stick"
                    }, 
                    "style": {
                        "typeName": "String", 
                        "value": "Stylized"
                    }
                }, 
                "category": "Arts", 
                "description": "Drum stick", 
                "name": "Drum Stick", 
                "subcategory": "Music", 
                "thumbnail": "com_apple_rc_af_DrumStick_d5bc4a58-f677-4210-a788-54fe302766a2_Drum_Stick"
            }
        ], 
        "resourceSize": 9288766, 
        "resources": "com.apple.rc.af.DrumStick.d5bc4a58-f677-4210-a788-54fe302766a2"
    }
]