[
    1, 
    {
        "category": "Activities", 
        "items": [
            {
                "name": "Basketball", 
                "ontology": {
                    "desc": [
                        {
                            "feature": "DataType", 
                            "featureType": "rigidBody-shapeType", 
                            "name": "sphere"
                        }, 
                        {
                            "feature": "*RigidBodyMaterial", 
                            "featureType": "rigidBody-material", 
                            "value": [
                                {
                                    "builtIn": "rubber", 
                                    "overrides": {}
                                }
                            ]
                        }
                    ], 
                    "root": "RigidBody"
                }, 
                "styles": [
                    {
                        "UUID": "v1:0849a536-ea24-4669-b672-b1c6dd1ab42c", 
                        "name": "Realistic", 
                        "resource": "Basketball_0849a536-ea24-4669-b672-b1c6dd1ab42c_ball_basketball_realistic"
                    }, 
                    {
                        "UUID": "v1:0849a536-ea24-4669-b672-b1c6dd1ab42c", 
                        "name": "Stylized", 
                        "resource": "Basketball_0849a536-ea24-4669-b672-b1c6dd1ab42c_ball_basketball_stylized"
                    }, 
                    {
                        "UUID": "v1:0849a536-ea24-4669-b672-b1c6dd1ab42c", 
                        "name": "Iconic", 
                        "resource": "Basketball_0849a536-ea24-4669-b672-b1c6dd1ab42c_ball_basketball_iconic"
                    }
                ]
            }
        ], 
        "name": "Basketball", 
        "presets": [
            {
                "argumentChanges": {
                    "item": {
                        "typeName": "String", 
                        "value": "Basketball"
                    }, 
                    "style": {
                        "typeName": "String", 
                        "value": "Stylized"
                    }
                }, 
                "category": "Activities", 
                "description": "Basketball", 
                "name": "Basketball", 
                "subcategory": "Sports", 
                "thumbnail": "com_apple_rc_af_Basketball_31bcc7f7-9e10-46d7-aec6-57a2bc2894dc_Basketball"
            }
        ], 
        "resourceSize": 17082401, 
        "resources": "com.apple.rc.af.Basketball.31bcc7f7-9e10-46d7-aec6-57a2bc2894dc"
    }
]