[
    1, 
    {
        "category": "Activities", 
        "items": [
            {
                "name": "Golf Club", 
                "ontology": {
                    "desc": [
                        {
                            "feature": "*RigidBodyMaterial", 
                            "featureType": "rigidBody-material", 
                            "value": [
                                {
                                    "builtIn": "lead", 
                                    "overrides": {}
                                }
                            ]
                        }
                    ], 
                    "root": "RigidBody"
                }, 
                "styles": [
                    {
                        "UUID": "v1:a0ae6fa6-c64b-48c1-9cd4-090511f0f722", 
                        "name": "Realistic", 
                        "resource": "GolfClub_a0ae6fa6-c64b-48c1-9cd4-090511f0f722_golf_club_iron_realistic"
                    }, 
                    {
                        "UUID": "v1:a0ae6fa6-c64b-48c1-9cd4-090511f0f722", 
                        "name": "Stylized", 
                        "resource": "GolfClub_a0ae6fa6-c64b-48c1-9cd4-090511f0f722_golf_club_iron_stylized"
                    }, 
                    {
                        "UUID": "v1:a0ae6fa6-c64b-48c1-9cd4-090511f0f722", 
                        "name": "Iconic", 
                        "resource": "GolfClub_a0ae6fa6-c64b-48c1-9cd4-090511f0f722_golf_club_iron_iconic"
                    }
                ]
            }
        ], 
        "name": "GolfClub", 
        "presets": [
            {
                "argumentChanges": {
                    "item": {
                        "typeName": "String", 
                        "value": "Golf Club"
                    }, 
                    "style": {
                        "typeName": "String", 
                        "value": "Stylized"
                    }
                }, 
                "category": "Activities", 
                "description": "Golf club iron", 
                "name": "Golf Club", 
                "subcategory": "Sports", 
                "thumbnail": "com_apple_rc_af_GolfClub_d75b8c17-849c-48d5-bc48-ea125d484c57_Golf_Club"
            }
        ], 
        "resourceSize": 10997792, 
        "resources": "com.apple.rc.af.GolfClub.d75b8c17-849c-48d5-bc48-ea125d484c57"
    }
]