[
    1, 
    {
        "category": "Food", 
        "items": [
            {
                "name": "Golden Potato", 
                "ontology": {
                    "desc": [
                        {
                            "feature": "DataType", 
                            "featureType": "rigidBody-shapeType", 
                            "name": "capsule"
                        }, 
                        {
                            "feature": "*RigidBodyMaterial", 
                            "featureType": "rigidBody-material", 
                            "value": [
                                {
                                    "builtIn": "wood", 
                                    "overrides": {}
                                }
                            ]
                        }
                    ], 
                    "root": "RigidBody"
                }, 
                "styles": [
                    {
                        "UUID": "v1:3d82d01c-dfe4-4c58-8de4-ab86e572e878", 
                        "name": "Realistic", 
                        "resource": "GoldenPotato_3d82d01c-dfe4-4c58-8de4-ab86e572e878_potato_golden_1_realistic"
                    }, 
                    {
                        "UUID": "v1:3d82d01c-dfe4-4c58-8de4-ab86e572e878", 
                        "name": "Stylized", 
                        "resource": "GoldenPotato_3d82d01c-dfe4-4c58-8de4-ab86e572e878_potato_golden_1_stylized"
                    }, 
                    {
                        "UUID": "v1:3d82d01c-dfe4-4c58-8de4-ab86e572e878", 
                        "name": "Iconic", 
                        "resource": "GoldenPotato_3d82d01c-dfe4-4c58-8de4-ab86e572e878_potato_golden_1_iconic"
                    }
                ]
            }
        ], 
        "name": "GoldenPotato", 
        "presets": [
            {
                "argumentChanges": {
                    "item": {
                        "typeName": "String", 
                        "value": "Golden Potato"
                    }, 
                    "style": {
                        "typeName": "String", 
                        "value": "Stylized"
                    }
                }, 
                "category": "Food", 
                "description": "Golden potato", 
                "name": "Golden Potato", 
                "subcategory": "Vegetables", 
                "thumbnail": "com_apple_rc_af_GoldenPotato_4c2fa15e-8242-4879-8900-ca1efd5f350e_Golden_Potato"
            }
        ], 
        "resourceSize": 6615014, 
        "resources": "com.apple.rc.af.GoldenPotato.4c2fa15e-8242-4879-8900-ca1efd5f350e"
    }
]