[
    1, 
    {
        "category": "Activities", 
        "items": [
            {
                "name": "Pool Rack", 
                "ontology": {
                    "desc": [
                        {
                            "feature": "*RigidBodyMaterial", 
                            "featureType": "rigidBody-material", 
                            "value": [
                                {
                                    "builtIn": "wood", 
                                    "overrides": {}
                                }
                            ]
                        }
                    ], 
                    "root": "RigidBody"
                }, 
                "styles": [
                    {
                        "UUID": "v1:3a4b7fc8-ebb7-4e86-a42b-5d4a0f49dfe9", 
                        "name": "Realistic", 
                        "resource": "PoolRack_3a4b7fc8-ebb7-4e86-a42b-5d4a0f49dfe9_pool_rack_realistic"
                    }, 
                    {
                        "UUID": "v1:3a4b7fc8-ebb7-4e86-a42b-5d4a0f49dfe9", 
                        "name": "Stylized", 
                        "resource": "PoolRack_3a4b7fc8-ebb7-4e86-a42b-5d4a0f49dfe9_pool_rack_stylized"
                    }, 
                    {
                        "UUID": "v1:3a4b7fc8-ebb7-4e86-a42b-5d4a0f49dfe9", 
                        "name": "Iconic", 
                        "resource": "PoolRack_3a4b7fc8-ebb7-4e86-a42b-5d4a0f49dfe9_pool_rack_iconic"
                    }
                ]
            }
        ], 
        "name": "PoolRack", 
        "presets": [
            {
                "argumentChanges": {
                    "item": {
                        "typeName": "String", 
                        "value": "Pool Rack"
                    }, 
                    "style": {
                        "typeName": "String", 
                        "value": "Stylized"
                    }
                }, 
                "category": "Activities", 
                "description": "Billiards rack", 
                "name": "Pool Rack", 
                "subcategory": "Billiards", 
                "thumbnail": "com_apple_rc_af_PoolRack_4c1e0c6c-0e3f-414a-9689-37fc9575e967_Pool_Rack"
            }
        ], 
        "resourceSize": 25486456, 
        "resources": "com.apple.rc.af.PoolRack.4c1e0c6c-0e3f-414a-9689-37fc9575e967"
    }
]