[
    1, 
    {
        "category": "Arts", 
        "items": [
            {
                "name": "Trumpet", 
                "ontology": {
                    "desc": [
                        {
                            "feature": "*RigidBodyMaterial", 
                            "featureType": "rigidBody-material", 
                            "value": [
                                {
                                    "builtIn": "lead", 
                                    "overrides": {}
                                }
                            ]
                        }
                    ], 
                    "root": "RigidBody"
                }, 
                "styles": [
                    {
                        "UUID": "v1:d005c2b6-f60e-4a1c-9ce0-aa8013272f63", 
                        "name": "Realistic", 
                        "resource": "Trumpet_d005c2b6-f60e-4a1c-9ce0-aa8013272f63_musical_instruments_trumpet_realistic"
                    }, 
                    {
                        "UUID": "v1:d005c2b6-f60e-4a1c-9ce0-aa8013272f63", 
                        "name": "Stylized", 
                        "resource": "Trumpet_d005c2b6-f60e-4a1c-9ce0-aa8013272f63_musical_instruments_trumpet_stylized"
                    }, 
                    {
                        "UUID": "v1:d005c2b6-f60e-4a1c-9ce0-aa8013272f63", 
                        "name": "Iconic", 
                        "resource": "Trumpet_d005c2b6-f60e-4a1c-9ce0-aa8013272f63_musical_instruments_trumpet_iconic"
                    }
                ]
            }
        ], 
        "name": "Trumpet", 
        "presets": [
            {
                "argumentChanges": {
                    "item": {
                        "typeName": "String", 
                        "value": "Trumpet"
                    }, 
                    "style": {
                        "typeName": "String", 
                        "value": "Stylized"
                    }
                }, 
                "category": "Arts", 
                "description": "Trumpet", 
                "name": "Trumpet", 
                "subcategory": "Music", 
                "thumbnail": "com_apple_rc_af_Trumpet_b8df11c6-b6da-409f-a930-300db6934eda_Trumpet"
            }
        ], 
        "resourceSize": 13624285, 
        "resources": "com.apple.rc.af.Trumpet.b8df11c6-b6da-409f-a930-300db6934eda"
    }
]