[
    1, 
    {
        "category": "Food", 
        "items": [
            {
                "name": "Baguette", 
                "ontology": {
                    "desc": [
                        {
                            "feature": "DataType", 
                            "featureType": "rigidBody-shapeType", 
                            "name": "capsule"
                        }, 
                        {
                            "feature": "*RigidBodyMaterial", 
                            "featureType": "rigidBody-material", 
                            "value": [
                                {
                                    "builtIn": "wood", 
                                    "overrides": {}
                                }
                            ]
                        }
                    ], 
                    "root": "RigidBody"
                }, 
                "styles": [
                    {
                        "UUID": "v1:9ef939ba-f369-45f3-a345-f560d7f85dbb", 
                        "name": "Realistic", 
                        "resource": "Baguette_9ef939ba-f369-45f3-a345-f560d7f85dbb_bread_baguette_yeast_1_realistic"
                    }, 
                    {
                        "UUID": "v1:9ef939ba-f369-45f3-a345-f560d7f85dbb", 
                        "name": "Stylized", 
                        "resource": "Baguette_9ef939ba-f369-45f3-a345-f560d7f85dbb_bread_baguette_yeast_1_stylized"
                    }, 
                    {
                        "UUID": "v1:9ef939ba-f369-45f3-a345-f560d7f85dbb", 
                        "name": "Iconic", 
                        "resource": "Baguette_9ef939ba-f369-45f3-a345-f560d7f85dbb_bread_baguette_yeast_1_iconic"
                    }
                ]
            }
        ], 
        "name": "Baguette", 
        "presets": [
            {
                "argumentChanges": {
                    "item": {
                        "typeName": "String", 
                        "value": "Baguette"
                    }, 
                    "style": {
                        "typeName": "String", 
                        "value": "Stylized"
                    }
                }, 
                "category": "Food", 
                "description": "Half baguette", 
                "name": "Baguette", 
                "subcategory": "Baked Goods", 
                "thumbnail": "com_apple_rc_af_Baguette_90249097-66bf-4504-9667-fc5ec3bfa873_Baguette"
            }
        ], 
        "resourceSize": 16615684, 
        "resources": "com.apple.rc.af.Baguette.90249097-66bf-4504-9667-fc5ec3bfa873"
    }
]