[
    1, 
    {
        "category": "Furnishings", 
        "items": [
            {
                "name": "Diner Chair", 
                "ontology": {
                    "desc": [
                        {
                            "feature": "*RigidBodyMaterial", 
                            "featureType": "rigidBody-material", 
                            "value": [
                                {
                                    "builtIn": "wood", 
                                    "overrides": {}
                                }
                            ]
                        }
                    ], 
                    "root": "RigidBody"
                }, 
                "styles": [
                    {
                        "UUID": "v1:181d07a1-a771-4935-89c0-69ff1274709c", 
                        "name": "Realistic", 
                        "resource": "DinerChair_181d07a1-a771-4935-89c0-69ff1274709c_chair_diner_two_tone_realistic"
                    }, 
                    {
                        "UUID": "v1:181d07a1-a771-4935-89c0-69ff1274709c", 
                        "name": "Stylized", 
                        "resource": "DinerChair_181d07a1-a771-4935-89c0-69ff1274709c_chair_diner_two_tone_stylized"
                    }, 
                    {
                        "UUID": "v1:181d07a1-a771-4935-89c0-69ff1274709c", 
                        "name": "Iconic", 
                        "resource": "DinerChair_181d07a1-a771-4935-89c0-69ff1274709c_chair_diner_two_tone_iconic"
                    }
                ]
            }
        ], 
        "name": "DinerChair", 
        "presets": [
            {
                "argumentChanges": {
                    "item": {
                        "typeName": "String", 
                        "value": "Diner Chair"
                    }, 
                    "style": {
                        "typeName": "String", 
                        "value": "Stylized"
                    }
                }, 
                "category": "Furnishings", 
                "description": "Two tone diner chair", 
                "name": "Diner Chair", 
                "subcategory": "Furniture", 
                "thumbnail": "com_apple_rc_af_DinerChair_8a9d76a1-fb2f-40e2-9a14-803158db5175_Diner_Chair"
            }
        ], 
        "resourceSize": 14122350, 
        "resources": "com.apple.rc.af.DinerChair.8a9d76a1-fb2f-40e2-9a14-803158db5175"
    }
]