[
    1, 
    {
        "category": "Food", 
        "items": [
            {
                "name": "Ceramic Coffee Cup", 
                "ontology": {
                    "desc": [
                        {
                            "feature": "*RigidBodyMaterial", 
                            "featureType": "rigidBody-material", 
                            "value": [
                                {
                                    "builtIn": "wood", 
                                    "overrides": {}
                                }
                            ]
                        }
                    ], 
                    "root": "RigidBody"
                }, 
                "styles": [
                    {
                        "UUID": "v1:5d98ddb6-eccb-4d68-95b7-44db46712251", 
                        "name": "Realistic", 
                        "resource": "CeramicCoffeeCup_5d98ddb6-eccb-4d68-95b7-44db46712251_cup_coffee_realistic"
                    }, 
                    {
                        "UUID": "v1:5d98ddb6-eccb-4d68-95b7-44db46712251", 
                        "name": "Stylized", 
                        "resource": "CeramicCoffeeCup_5d98ddb6-eccb-4d68-95b7-44db46712251_cup_coffee_stylized"
                    }, 
                    {
                        "UUID": "v1:5d98ddb6-eccb-4d68-95b7-44db46712251", 
                        "name": "Iconic", 
                        "resource": "CeramicCoffeeCup_5d98ddb6-eccb-4d68-95b7-44db46712251_cup_coffee_iconic"
                    }
                ]
            }
        ], 
        "name": "CeramicCoffeeCup", 
        "presets": [
            {
                "argumentChanges": {
                    "item": {
                        "typeName": "String", 
                        "value": "Ceramic Coffee Cup"
                    }, 
                    "style": {
                        "typeName": "String", 
                        "value": "Stylized"
                    }
                }, 
                "category": "Food", 
                "description": "Ceramic coffee mug", 
                "name": "Ceramic Coffee Cup", 
                "subcategory": "Drinks", 
                "thumbnail": "com_apple_rc_af_CeramicCoffeeCup_77d803be-a0da-445c-8800-9ec44594630f_Ceramic_Coffee_Cup"
            }
        ], 
        "resourceSize": 6735296, 
        "resources": "com.apple.rc.af.CeramicCoffeeCup.77d803be-a0da-445c-8800-9ec44594630f"
    }
]