[
    1, 
    {
        "category": "Food", 
        "items": [
            {
                "name": "Lava Cake", 
                "ontology": {
                    "desc": [
                        {
                            "feature": "*RigidBodyMaterial", 
                            "featureType": "rigidBody-material", 
                            "value": [
                                {
                                    "builtIn": "wood", 
                                    "overrides": {}
                                }
                            ]
                        }
                    ], 
                    "root": "RigidBody"
                }, 
                "styles": [
                    {
                        "UUID": "v1:03e7de1c-629b-498a-8642-60c9641294f7", 
                        "name": "Realistic", 
                        "resource": "LavaCake_03e7de1c-629b-498a-8642-60c9641294f7_cake_lava_1_realistic"
                    }
                ]
            }
        ], 
        "name": "LavaCake", 
        "presets": [
            {
                "argumentChanges": {
                    "item": {
                        "typeName": "String", 
                        "value": "Lava Cake"
                    }, 
                    "style": {
                        "typeName": "String", 
                        "value": "Realistic"
                    }
                }, 
                "category": "Food", 
                "description": "Chocolate lava cake", 
                "name": "Lava Cake", 
                "subcategory": "Scanned", 
                "thumbnail": "com_apple_rc_af_LavaCake_dbefb8fa-ea55-4212-a432-ee9916c2e4af_Lava_Cake"
            }
        ], 
        "resourceSize": 37848001, 
        "resources": "com.apple.rc.af.LavaCake.dbefb8fa-ea55-4212-a432-ee9916c2e4af"
    }
]