[
    1, 
    {
        "category": "Food", 
        "items": [
            {
                "name": "Watermelon", 
                "ontology": {
                    "desc": [
                        {
                            "feature": "*RigidBodyMaterial", 
                            "featureType": "rigidBody-material", 
                            "value": [
                                {
                                    "builtIn": "wood", 
                                    "overrides": {}
                                }
                            ]
                        }
                    ], 
                    "root": "RigidBody"
                }, 
                "styles": [
                    {
                        "UUID": "v1:15541735-94a5-46a7-88dd-2401ffe9745d", 
                        "name": "Realistic", 
                        "resource": "Watermelon_15541735-94a5-46a7-88dd-2401ffe9745d_watermelon_slice_realistic"
                    }, 
                    {
                        "UUID": "v1:15541735-94a5-46a7-88dd-2401ffe9745d", 
                        "name": "Stylized", 
                        "resource": "Watermelon_15541735-94a5-46a7-88dd-2401ffe9745d_watermelon_slice_stylized"
                    }, 
                    {
                        "UUID": "v1:15541735-94a5-46a7-88dd-2401ffe9745d", 
                        "name": "Iconic", 
                        "resource": "Watermelon_15541735-94a5-46a7-88dd-2401ffe9745d_watermelon_slice_iconic"
                    }
                ]
            }
        ], 
        "name": "Watermelon", 
        "presets": [
            {
                "argumentChanges": {
                    "item": {
                        "typeName": "String", 
                        "value": "Watermelon"
                    }, 
                    "style": {
                        "typeName": "String", 
                        "value": "Stylized"
                    }
                }, 
                "category": "Food", 
                "description": "Watermelon slice", 
                "name": "Watermelon", 
                "subcategory": "Fruit", 
                "thumbnail": "com_apple_rc_af_Watermelon_544a7d63-7527-4350-80c9-9a1d9eb767b7_Watermelon"
            }
        ], 
        "resourceSize": 16675040, 
        "resources": "com.apple.rc.af.Watermelon.544a7d63-7527-4350-80c9-9a1d9eb767b7"
    }
]