[
    1, 
    {
        "category": "Activities", 
        "items": [
            {
                "name": "Tennis Racket", 
                "ontology": {
                    "desc": [
                        {
                            "feature": "*RigidBodyMaterial", 
                            "featureType": "rigidBody-material", 
                            "value": [
                                {
                                    "builtIn": "wood", 
                                    "overrides": {}
                                }
                            ]
                        }
                    ], 
                    "root": "RigidBody"
                }, 
                "styles": [
                    {
                        "UUID": "v1:0834b3fa-d23c-412d-876f-65d7b7cad076", 
                        "name": "Realistic", 
                        "resource": "TennisRacket_0834b3fa-d23c-412d-876f-65d7b7cad076_racket_tennis_realistic"
                    }, 
                    {
                        "UUID": "v1:0834b3fa-d23c-412d-876f-65d7b7cad076", 
                        "name": "Stylized", 
                        "resource": "TennisRacket_0834b3fa-d23c-412d-876f-65d7b7cad076_racket_tennis_stylized"
                    }, 
                    {
                        "UUID": "v1:0834b3fa-d23c-412d-876f-65d7b7cad076", 
                        "name": "Iconic", 
                        "resource": "TennisRacket_0834b3fa-d23c-412d-876f-65d7b7cad076_racket_tennis_iconic"
                    }
                ]
            }
        ], 
        "name": "TennisRacket", 
        "presets": [
            {
                "argumentChanges": {
                    "item": {
                        "typeName": "String", 
                        "value": "Tennis Racket"
                    }, 
                    "style": {
                        "typeName": "String", 
                        "value": "Stylized"
                    }
                }, 
                "category": "Activities", 
                "description": "Tennis racket", 
                "name": "Tennis Racket", 
                "subcategory": "Sports", 
                "thumbnail": "com_apple_rc_af_TennisRacket_e0ba9d80-e06c-43f6-9207-cddc8797463c_Tennis_Racket"
            }
        ], 
        "resourceSize": 12250598, 
        "resources": "com.apple.rc.af.TennisRacket.e0ba9d80-e06c-43f6-9207-cddc8797463c"
    }
]