[
    1, 
    {
        "category": "Activities", 
        "items": [
            {
                "name": "Thirteen Ball", 
                "ontology": {
                    "desc": [
                        {
                            "feature": "DataType", 
                            "featureType": "rigidBody-shapeType", 
                            "name": "sphere"
                        }, 
                        {
                            "feature": "*RigidBodyMaterial", 
                            "featureType": "rigidBody-material", 
                            "value": [
                                {
                                    "builtIn": "plastic", 
                                    "overrides": {}
                                }
                            ]
                        }
                    ], 
                    "root": "RigidBody"
                }, 
                "styles": [
                    {
                        "UUID": "v1:dabe808c-38b8-4223-9771-764ce388bd75", 
                        "name": "Realistic", 
                        "resource": "ThirteenBall_dabe808c-38b8-4223-9771-764ce388bd75_ball_pool_thirteen_realistic"
                    }, 
                    {
                        "UUID": "v1:dabe808c-38b8-4223-9771-764ce388bd75", 
                        "name": "Stylized", 
                        "resource": "ThirteenBall_dabe808c-38b8-4223-9771-764ce388bd75_ball_pool_thirteen_stylized"
                    }, 
                    {
                        "UUID": "v1:dabe808c-38b8-4223-9771-764ce388bd75", 
                        "name": "Iconic", 
                        "resource": "ThirteenBall_dabe808c-38b8-4223-9771-764ce388bd75_ball_pool_thirteen_iconic"
                    }
                ]
            }
        ], 
        "name": "ThirteenBall", 
        "presets": [
            {
                "argumentChanges": {
                    "item": {
                        "typeName": "String", 
                        "value": "Thirteen Ball"
                    }, 
                    "style": {
                        "typeName": "String", 
                        "value": "Stylized"
                    }
                }, 
                "category": "Activities", 
                "description": "Billiards thirteen ball", 
                "name": "Thirteen Ball", 
                "subcategory": "Billiards", 
                "thumbnail": "com_apple_rc_af_ThirteenBall_2ad8dd0e-127a-4885-81e3-770c97109d2c_Thirteen_Ball"
            }
        ], 
        "resourceSize": 5394253, 
        "resources": "com.apple.rc.af.ThirteenBall.2ad8dd0e-127a-4885-81e3-770c97109d2c"
    }
]