[
    1, 
    {
        "category": "Food", 
        "items": [
            {
                "name": "Cake Pan", 
                "ontology": {
                    "desc": [
                        {
                            "feature": "*RigidBodyMaterial", 
                            "featureType": "rigidBody-material", 
                            "value": [
                                {
                                    "builtIn": "lead", 
                                    "overrides": {}
                                }
                            ]
                        }
                    ], 
                    "root": "RigidBody"
                }, 
                "styles": [
                    {
                        "UUID": "v1:800785b6-31c1-483e-b53c-30a8f4706d2c", 
                        "name": "Realistic", 
                        "resource": "CakePan_800785b6-31c1-483e-b53c-30a8f4706d2c_pan_cake_realistic"
                    }, 
                    {
                        "UUID": "v1:800785b6-31c1-483e-b53c-30a8f4706d2c", 
                        "name": "Stylized", 
                        "resource": "CakePan_800785b6-31c1-483e-b53c-30a8f4706d2c_pan_cake_stylized"
                    }, 
                    {
                        "UUID": "v1:800785b6-31c1-483e-b53c-30a8f4706d2c", 
                        "name": "Iconic", 
                        "resource": "CakePan_800785b6-31c1-483e-b53c-30a8f4706d2c_pan_cake_iconic"
                    }
                ]
            }
        ], 
        "name": "CakePan", 
        "presets": [
            {
                "argumentChanges": {
                    "item": {
                        "typeName": "String", 
                        "value": "Cake Pan"
                    }, 
                    "style": {
                        "typeName": "String", 
                        "value": "Stylized"
                    }
                }, 
                "category": "Food", 
                "description": "Cake pan", 
                "name": "Cake Pan", 
                "subcategory": "Cookware", 
                "thumbnail": "com_apple_rc_af_CakePan_689914c6-e687-488c-8503-df4ae443f249_Cake_Pan"
            }
        ], 
        "resourceSize": 7908255, 
        "resources": "com.apple.rc.af.CakePan.689914c6-e687-488c-8503-df4ae443f249"
    }
]