[
    1, 
    {
        "category": "Activities", 
        "items": [
            {
                "name": "Five Ball", 
                "ontology": {
                    "desc": [
                        {
                            "feature": "DataType", 
                            "featureType": "rigidBody-shapeType", 
                            "name": "sphere"
                        }, 
                        {
                            "feature": "*RigidBodyMaterial", 
                            "featureType": "rigidBody-material", 
                            "value": [
                                {
                                    "builtIn": "plastic", 
                                    "overrides": {}
                                }
                            ]
                        }
                    ], 
                    "root": "RigidBody"
                }, 
                "styles": [
                    {
                        "UUID": "v1:7d69055a-1d60-47b1-a0b0-45cb0418616b", 
                        "name": "Realistic", 
                        "resource": "FiveBall_7d69055a-1d60-47b1-a0b0-45cb0418616b_ball_pool_five_realistic"
                    }, 
                    {
                        "UUID": "v1:7d69055a-1d60-47b1-a0b0-45cb0418616b", 
                        "name": "Stylized", 
                        "resource": "FiveBall_7d69055a-1d60-47b1-a0b0-45cb0418616b_ball_pool_five_stylized"
                    }, 
                    {
                        "UUID": "v1:7d69055a-1d60-47b1-a0b0-45cb0418616b", 
                        "name": "Iconic", 
                        "resource": "FiveBall_7d69055a-1d60-47b1-a0b0-45cb0418616b_ball_pool_five_iconic"
                    }
                ]
            }
        ], 
        "name": "FiveBall", 
        "presets": [
            {
                "argumentChanges": {
                    "item": {
                        "typeName": "String", 
                        "value": "Five Ball"
                    }, 
                    "style": {
                        "typeName": "String", 
                        "value": "Stylized"
                    }
                }, 
                "category": "Activities", 
                "description": "Billiards five ball", 
                "name": "Five Ball", 
                "subcategory": "Billiards", 
                "thumbnail": "com_apple_rc_af_FiveBall_1da5fa50-16b6-4fa7-a6cb-4b02db23601b_Five_Ball"
            }
        ], 
        "resourceSize": 5180186, 
        "resources": "com.apple.rc.af.FiveBall.1da5fa50-16b6-4fa7-a6cb-4b02db23601b"
    }
]