[
    1, 
    {
        "category": "Work", 
        "items": [
            {
                "name": "Battery", 
                "ontology": {
                    "desc": [
                        {
                            "feature": "DataType", 
                            "featureType": "rigidBody-shapeType", 
                            "name": "capsule"
                        }, 
                        {
                            "feature": "*RigidBodyMaterial", 
                            "featureType": "rigidBody-material", 
                            "value": [
                                {
                                    "builtIn": "lead", 
                                    "overrides": {}
                                }
                            ]
                        }
                    ], 
                    "root": "RigidBody"
                }, 
                "styles": [
                    {
                        "UUID": "v1:a3df6020-bb07-48cc-9a05-9a716180b560", 
                        "name": "Realistic", 
                        "resource": "Battery_a3df6020-bb07-48cc-9a05-9a716180b560_battery_rechargeable_realistic"
                    }, 
                    {
                        "UUID": "v1:a3df6020-bb07-48cc-9a05-9a716180b560", 
                        "name": "Stylized", 
                        "resource": "Battery_a3df6020-bb07-48cc-9a05-9a716180b560_battery_rechargeable_stylized"
                    }, 
                    {
                        "UUID": "v1:a3df6020-bb07-48cc-9a05-9a716180b560", 
                        "name": "Iconic", 
                        "resource": "Battery_a3df6020-bb07-48cc-9a05-9a716180b560_battery_rechargeable_iconic"
                    }
                ]
            }
        ], 
        "name": "Battery", 
        "presets": [
            {
                "argumentChanges": {
                    "item": {
                        "typeName": "String", 
                        "value": "Battery"
                    }, 
                    "style": {
                        "typeName": "String", 
                        "value": "Stylized"
                    }
                }, 
                "category": "Work", 
                "description": "Rechargeable battery", 
                "name": "Battery", 
                "subcategory": "Supplies", 
                "thumbnail": "com_apple_rc_af_Battery_efa4cc30-ef2a-4308-b5a1-167df6196920_Battery"
            }
        ], 
        "resourceSize": 8847309, 
        "resources": "com.apple.rc.af.Battery.efa4cc30-ef2a-4308-b5a1-167df6196920"
    }
]