[
    1, 
    {
        "category": "Work", 
        "items": [
            {
                "name": "Printer", 
                "ontology": {
                    "desc": [
                        {
                            "feature": "*RigidBodyMaterial", 
                            "featureType": "rigidBody-material", 
                            "value": [
                                {
                                    "builtIn": "plastic", 
                                    "overrides": {}
                                }
                            ]
                        }
                    ], 
                    "root": "RigidBody"
                }, 
                "styles": [
                    {
                        "UUID": "v1:36e0f388-d06d-4871-9715-77cb9393c975", 
                        "name": "Realistic", 
                        "resource": "Printer_36e0f388-d06d-4871-9715-77cb9393c975_printer_inkjet_realistic"
                    }, 
                    {
                        "UUID": "v1:36e0f388-d06d-4871-9715-77cb9393c975", 
                        "name": "Stylized", 
                        "resource": "Printer_36e0f388-d06d-4871-9715-77cb9393c975_printer_inkjet_stylized"
                    }, 
                    {
                        "UUID": "v1:36e0f388-d06d-4871-9715-77cb9393c975", 
                        "name": "Iconic", 
                        "resource": "Printer_36e0f388-d06d-4871-9715-77cb9393c975_printer_inkjet_iconic"
                    }
                ]
            }
        ], 
        "name": "Printer", 
        "presets": [
            {
                "argumentChanges": {
                    "item": {
                        "typeName": "String", 
                        "value": "Printer"
                    }, 
                    "style": {
                        "typeName": "String", 
                        "value": "Stylized"
                    }
                }, 
                "category": "Work", 
                "description": "Inkjet printer", 
                "name": "Printer", 
                "subcategory": "Technology", 
                "thumbnail": "com_apple_rc_af_Printer_a3f59bfa-f3e2-4dba-8c7b-554c0aa0a245_Printer"
            }
        ], 
        "resourceSize": 14889068, 
        "resources": "com.apple.rc.af.Printer.a3f59bfa-f3e2-4dba-8c7b-554c0aa0a245"
    }
]