[
    1, 
    {
        "category": "Food", 
        "items": [
            {
                "name": "Spatula", 
                "ontology": {
                    "desc": [
                        {
                            "feature": "*RigidBodyMaterial", 
                            "featureType": "rigidBody-material", 
                            "value": [
                                {
                                    "builtIn": "plastic", 
                                    "overrides": {}
                                }
                            ]
                        }
                    ], 
                    "root": "RigidBody"
                }, 
                "styles": [
                    {
                        "UUID": "v1:b56ae37d-a764-4134-b36e-b89460226373", 
                        "name": "Realistic", 
                        "resource": "Spatula_b56ae37d-a764-4134-b36e-b89460226373_spatula_realistic"
                    }, 
                    {
                        "UUID": "v1:b56ae37d-a764-4134-b36e-b89460226373", 
                        "name": "Stylized", 
                        "resource": "Spatula_b56ae37d-a764-4134-b36e-b89460226373_spatula_stylized"
                    }, 
                    {
                        "UUID": "v1:b56ae37d-a764-4134-b36e-b89460226373", 
                        "name": "Iconic", 
                        "resource": "Spatula_b56ae37d-a764-4134-b36e-b89460226373_spatula_iconic"
                    }
                ]
            }
        ], 
        "name": "Spatula", 
        "presets": [
            {
                "argumentChanges": {
                    "item": {
                        "typeName": "String", 
                        "value": "Spatula"
                    }, 
                    "style": {
                        "typeName": "String", 
                        "value": "Stylized"
                    }
                }, 
                "category": "Food", 
                "description": "Spatula", 
                "name": "Spatula", 
                "subcategory": "Cookware", 
                "thumbnail": "com_apple_rc_af_Spatula_5ea7b08c-f0da-47b3-800d-01399597fcbf_Spatula"
            }
        ], 
        "resourceSize": 16789559, 
        "resources": "com.apple.rc.af.Spatula.5ea7b08c-f0da-47b3-800d-01399597fcbf"
    }
]