[
    1, 
    {
        "category": "Nature", 
        "items": [
            {
                "name": "Pebble 7", 
                "ontology": {
                    "desc": [
                        {
                            "feature": "*RigidBodyMaterial", 
                            "featureType": "rigidBody-material", 
                            "value": [
                                {
                                    "builtIn": "concrete", 
                                    "overrides": {}
                                }
                            ]
                        }
                    ], 
                    "root": "RigidBody"
                }, 
                "styles": [
                    {
                        "UUID": "v1:dd20a333-801d-48f9-8385-3f1dd27fced5", 
                        "name": "Realistic", 
                        "resource": "Pebble7_dd20a333-801d-48f9-8385-3f1dd27fced5_rock_pebble_smooth_7_realistic"
                    }
                ]
            }
        ], 
        "name": "Pebble7", 
        "presets": [
            {
                "argumentChanges": {
                    "item": {
                        "typeName": "String", 
                        "value": "Pebble 7"
                    }, 
                    "style": {
                        "typeName": "String", 
                        "value": "Realistic"
                    }
                }, 
                "category": "Nature", 
                "description": "Smooth rounded rock", 
                "name": "Pebble 7", 
                "subcategory": "Scanned", 
                "thumbnail": "com_apple_rc_af_Pebble7_6022fe82-3078-46db-b049-0f77ae02c131_Pebble_7"
            }
        ], 
        "resourceSize": 9833623, 
        "resources": "com.apple.rc.af.Pebble7.6022fe82-3078-46db-b049-0f77ae02c131"
    }
]