[
    1, 
    {
        "category": "Activities", 
        "items": [
            {
                "name": "Chess Pawn White", 
                "ontology": {
                    "desc": [
                        {
                            "feature": "*RigidBodyMaterial", 
                            "featureType": "rigidBody-material", 
                            "value": [
                                {
                                    "builtIn": "plastic", 
                                    "overrides": {}
                                }
                            ]
                        }
                    ], 
                    "root": "RigidBody"
                }, 
                "styles": [
                    {
                        "UUID": "v1:f79472d0-f5a9-419f-8363-049aac915bf5", 
                        "name": "Realistic", 
                        "resource": "ChessPawnWhite_f79472d0-f5a9-419f-8363-049aac915bf5_chess_pawn_white_realistic"
                    }, 
                    {
                        "UUID": "v1:f79472d0-f5a9-419f-8363-049aac915bf5", 
                        "name": "Stylized", 
                        "resource": "ChessPawnWhite_f79472d0-f5a9-419f-8363-049aac915bf5_chess_pawn_white_stylized"
                    }, 
                    {
                        "UUID": "v1:f79472d0-f5a9-419f-8363-049aac915bf5", 
                        "name": "Iconic", 
                        "resource": "ChessPawnWhite_f79472d0-f5a9-419f-8363-049aac915bf5_chess_pawn_white_iconic"
                    }
                ]
            }
        ], 
        "name": "ChessPawnWhite", 
        "presets": [
            {
                "argumentChanges": {
                    "item": {
                        "typeName": "String", 
                        "value": "Chess Pawn White"
                    }, 
                    "style": {
                        "typeName": "String", 
                        "value": "Stylized"
                    }
                }, 
                "category": "Activities", 
                "description": "White pawn chess piece", 
                "name": "Chess Pawn White", 
                "subcategory": "Chess", 
                "thumbnail": "com_apple_rc_af_ChessPawnWhite_6b787afd-d54e-4d86-8ece-57e57109c4d6_Chess_Pawn_White"
            }
        ], 
        "resourceSize": 14976963, 
        "resources": "com.apple.rc.af.ChessPawnWhite.6b787afd-d54e-4d86-8ece-57e57109c4d6"
    }
]