[
    1, 
    {
        "category": "Activities", 
        "items": [
            {
                "name": "Birthday Cake", 
                "ontology": {
                    "desc": [
                        {
                            "feature": "*RigidBodyMaterial", 
                            "featureType": "rigidBody-material", 
                            "value": [
                                {
                                    "builtIn": "wood", 
                                    "overrides": {}
                                }
                            ]
                        }
                    ], 
                    "root": "RigidBody"
                }, 
                "styles": [
                    {
                        "UUID": "v1:6736117b-bc3e-44bf-81e4-ec3fe906cafa", 
                        "name": "Realistic", 
                        "resource": "BirthdayCake_6736117b-bc3e-44bf-81e4-ec3fe906cafa_cake_birthday_realistic"
                    }, 
                    {
                        "UUID": "v1:6736117b-bc3e-44bf-81e4-ec3fe906cafa", 
                        "name": "Stylized", 
                        "resource": "BirthdayCake_6736117b-bc3e-44bf-81e4-ec3fe906cafa_cake_birthday_stylized"
                    }, 
                    {
                        "UUID": "v1:6736117b-bc3e-44bf-81e4-ec3fe906cafa", 
                        "name": "Iconic", 
                        "resource": "BirthdayCake_6736117b-bc3e-44bf-81e4-ec3fe906cafa_cake_birthday_iconic"
                    }
                ]
            }
        ], 
        "name": "BirthdayCake", 
        "presets": [
            {
                "argumentChanges": {
                    "item": {
                        "typeName": "String", 
                        "value": "Birthday Cake"
                    }, 
                    "style": {
                        "typeName": "String", 
                        "value": "Stylized"
                    }
                }, 
                "category": "Activities", 
                "description": "Birthday cake", 
                "name": "Birthday Cake", 
                "subcategory": "Events", 
                "thumbnail": "com_apple_rc_af_BirthdayCake_ab118f04-834c-4692-afe3-64da75df3b13_Birthday_Cake"
            }
        ], 
        "resourceSize": 17454456, 
        "resources": "com.apple.rc.af.BirthdayCake.ab118f04-834c-4692-afe3-64da75df3b13"
    }
]