[
    1, 
    {
        "category": "Food", 
        "items": [
            {
                "name": "Baby Bottle", 
                "ontology": {
                    "desc": [
                        {
                            "feature": "*RigidBodyMaterial", 
                            "featureType": "rigidBody-material", 
                            "value": [
                                {
                                    "builtIn": "plastic", 
                                    "overrides": {}
                                }
                            ]
                        }
                    ], 
                    "root": "RigidBody"
                }, 
                "styles": [
                    {
                        "UUID": "v1:bfde926d-e8b7-4dad-af8f-9aff1599297d", 
                        "name": "Realistic", 
                        "resource": "BabyBottle_bfde926d-e8b7-4dad-af8f-9aff1599297d_baby_bottle_realistic"
                    }, 
                    {
                        "UUID": "v1:bfde926d-e8b7-4dad-af8f-9aff1599297d", 
                        "name": "Stylized", 
                        "resource": "BabyBottle_bfde926d-e8b7-4dad-af8f-9aff1599297d_baby_bottle_stylized"
                    }, 
                    {
                        "UUID": "v1:bfde926d-e8b7-4dad-af8f-9aff1599297d", 
                        "name": "Iconic", 
                        "resource": "BabyBottle_bfde926d-e8b7-4dad-af8f-9aff1599297d_baby_bottle_iconic"
                    }
                ]
            }
        ], 
        "name": "BabyBottle", 
        "presets": [
            {
                "argumentChanges": {
                    "item": {
                        "typeName": "String", 
                        "value": "Baby Bottle"
                    }, 
                    "style": {
                        "typeName": "String", 
                        "value": "Stylized"
                    }
                }, 
                "category": "Food", 
                "description": "Baby bottle", 
                "name": "Baby Bottle", 
                "subcategory": "Drinks", 
                "thumbnail": "com_apple_rc_af_BabyBottle_4d755e3f-fb8d-4587-857e-a64265e5daa7_Baby_Bottle"
            }
        ], 
        "resourceSize": 7562744, 
        "resources": "com.apple.rc.af.BabyBottle.4d755e3f-fb8d-4587-857e-a64265e5daa7"
    }
]