[
    1, 
    {
        "category": "Food", 
        "items": [
            {
                "name": "Ladle", 
                "ontology": {
                    "desc": [
                        {
                            "feature": "*RigidBodyMaterial", 
                            "featureType": "rigidBody-material", 
                            "value": [
                                {
                                    "builtIn": "lead", 
                                    "overrides": {}
                                }
                            ]
                        }
                    ], 
                    "root": "RigidBody"
                }, 
                "styles": [
                    {
                        "UUID": "v1:aaa5dfdf-597e-4624-aaf9-3ccd31b853ac", 
                        "name": "Realistic", 
                        "resource": "Ladle_aaa5dfdf-597e-4624-aaf9-3ccd31b853ac_ladle_realistic"
                    }, 
                    {
                        "UUID": "v1:aaa5dfdf-597e-4624-aaf9-3ccd31b853ac", 
                        "name": "Stylized", 
                        "resource": "Ladle_aaa5dfdf-597e-4624-aaf9-3ccd31b853ac_ladle_stylized"
                    }, 
                    {
                        "UUID": "v1:aaa5dfdf-597e-4624-aaf9-3ccd31b853ac", 
                        "name": "Iconic", 
                        "resource": "Ladle_aaa5dfdf-597e-4624-aaf9-3ccd31b853ac_ladle_iconic"
                    }
                ]
            }
        ], 
        "name": "Ladle", 
        "presets": [
            {
                "argumentChanges": {
                    "item": {
                        "typeName": "String", 
                        "value": "Ladle"
                    }, 
                    "style": {
                        "typeName": "String", 
                        "value": "Stylized"
                    }
                }, 
                "category": "Food", 
                "description": "Soup ladle", 
                "name": "Ladle", 
                "subcategory": "Tableware", 
                "thumbnail": "com_apple_rc_af_Ladle_b516070a-8c8e-41d2-8a23-cbabb6877395_Ladle"
            }
        ], 
        "resourceSize": 2982015, 
        "resources": "com.apple.rc.af.Ladle.b516070a-8c8e-41d2-8a23-cbabb6877395"
    }
]