[
    1, 
    {
        "category": "Activities", 
        "items": [
            {
                "name": "Baseball Bat", 
                "ontology": {
                    "desc": [
                        {
                            "feature": "DataType", 
                            "featureType": "rigidBody-shapeType", 
                            "name": "capsule"
                        }, 
                        {
                            "feature": "*RigidBodyMaterial", 
                            "featureType": "rigidBody-material", 
                            "value": [
                                {
                                    "builtIn": "wood", 
                                    "overrides": {}
                                }
                            ]
                        }
                    ], 
                    "root": "RigidBody"
                }, 
                "styles": [
                    {
                        "UUID": "v1:771de38a-6a45-4bd8-b619-0b5c22e915b2", 
                        "name": "Realistic", 
                        "resource": "BaseballBat_771de38a-6a45-4bd8-b619-0b5c22e915b2_bat_baseball_realistic"
                    }, 
                    {
                        "UUID": "v1:771de38a-6a45-4bd8-b619-0b5c22e915b2", 
                        "name": "Stylized", 
                        "resource": "BaseballBat_771de38a-6a45-4bd8-b619-0b5c22e915b2_bat_baseball_stylized"
                    }, 
                    {
                        "UUID": "v1:771de38a-6a45-4bd8-b619-0b5c22e915b2", 
                        "name": "Iconic", 
                        "resource": "BaseballBat_771de38a-6a45-4bd8-b619-0b5c22e915b2_bat_baseball_iconic"
                    }
                ]
            }
        ], 
        "name": "BaseballBat", 
        "presets": [
            {
                "argumentChanges": {
                    "item": {
                        "typeName": "String", 
                        "value": "Baseball Bat"
                    }, 
                    "style": {
                        "typeName": "String", 
                        "value": "Stylized"
                    }
                }, 
                "category": "Activities", 
                "description": "Wooden baseball bat", 
                "name": "Baseball Bat", 
                "subcategory": "Sports", 
                "thumbnail": "com_apple_rc_af_BaseballBat_184a6a1a-8b37-4c32-81c5-a131a3de0c37_Baseball_Bat"
            }
        ], 
        "resourceSize": 29589383, 
        "resources": "com.apple.rc.af.BaseballBat.184a6a1a-8b37-4c32-81c5-a131a3de0c37"
    }
]