[
    1, 
    {
        "category": "Activities", 
        "items": [
            {
                "name": "Hockey Stick", 
                "ontology": {
                    "desc": [
                        {
                            "feature": "*RigidBodyMaterial", 
                            "featureType": "rigidBody-material", 
                            "value": [
                                {
                                    "builtIn": "wood", 
                                    "overrides": {}
                                }
                            ]
                        }
                    ], 
                    "root": "RigidBody"
                }, 
                "styles": [
                    {
                        "UUID": "v1:458d4b93-faec-4885-b182-7f0cd7fe4823", 
                        "name": "Realistic", 
                        "resource": "HockeyStick_458d4b93-faec-4885-b182-7f0cd7fe4823_hockey_stick_realistic"
                    }, 
                    {
                        "UUID": "v1:458d4b93-faec-4885-b182-7f0cd7fe4823", 
                        "name": "Stylized", 
                        "resource": "HockeyStick_458d4b93-faec-4885-b182-7f0cd7fe4823_hockey_stick_stylized"
                    }, 
                    {
                        "UUID": "v1:458d4b93-faec-4885-b182-7f0cd7fe4823", 
                        "name": "Iconic", 
                        "resource": "HockeyStick_458d4b93-faec-4885-b182-7f0cd7fe4823_hockey_stick_iconic"
                    }
                ]
            }
        ], 
        "name": "HockeyStick", 
        "presets": [
            {
                "argumentChanges": {
                    "item": {
                        "typeName": "String", 
                        "value": "Hockey Stick"
                    }, 
                    "style": {
                        "typeName": "String", 
                        "value": "Stylized"
                    }
                }, 
                "category": "Activities", 
                "description": "Ice hockey stick", 
                "name": "Hockey Stick", 
                "subcategory": "Sports", 
                "thumbnail": "com_apple_rc_af_HockeyStick_327177ad-b74b-4973-abdd-04022b4b245a_Hockey_Stick"
            }
        ], 
        "resourceSize": 8019117, 
        "resources": "com.apple.rc.af.HockeyStick.327177ad-b74b-4973-abdd-04022b4b245a"
    }
]