[
    1, 
    {
        "category": "Activities", 
        "items": [
            {
                "name": "Rocket Toy", 
                "ontology": {
                    "desc": [
                        {
                            "feature": "*RigidBodyMaterial", 
                            "featureType": "rigidBody-material", 
                            "value": [
                                {
                                    "builtIn": "lead", 
                                    "overrides": {}
                                }
                            ]
                        }
                    ], 
                    "root": "RigidBody"
                }, 
                "styles": [
                    {
                        "UUID": "v1:43fbd071-488b-4c9a-8e91-4ba280ab300a", 
                        "name": "Realistic", 
                        "resource": "ToyRocket_43fbd071-488b-4c9a-8e91-4ba280ab300a_toy_rocket_realistic"
                    }, 
                    {
                        "UUID": "v1:43fbd071-488b-4c9a-8e91-4ba280ab300a", 
                        "name": "Stylized", 
                        "resource": "ToyRocket_43fbd071-488b-4c9a-8e91-4ba280ab300a_toy_rocket_stylized"
                    }, 
                    {
                        "UUID": "v1:43fbd071-488b-4c9a-8e91-4ba280ab300a", 
                        "name": "Iconic", 
                        "resource": "ToyRocket_43fbd071-488b-4c9a-8e91-4ba280ab300a_toy_rocket_iconic"
                    }
                ]
            }
        ], 
        "name": "ToyRocket", 
        "presets": [
            {
                "argumentChanges": {
                    "item": {
                        "typeName": "String", 
                        "value": "Rocket Toy"
                    }, 
                    "style": {
                        "typeName": "String", 
                        "value": "Stylized"
                    }
                }, 
                "category": "Activities", 
                "description": "Toy rocket", 
                "name": "Rocket Toy", 
                "subcategory": "Toys", 
                "thumbnail": "com_apple_rc_af_ToyRocket_0ff100d1-1ee4-4d77-9e16-b21d1a031f5e_Rocket_Toy"
            }
        ], 
        "resourceSize": 21926888, 
        "resources": "com.apple.rc.af.ToyRocket.0ff100d1-1ee4-4d77-9e16-b21d1a031f5e"
    }
]