[
    1, 
    {
        "category": "Activities", 
        "items": [
            {
                "name": "Chess Knight", 
                "ontology": {
                    "desc": [
                        {
                            "feature": "*RigidBodyMaterial", 
                            "featureType": "rigidBody-material", 
                            "value": [
                                {
                                    "builtIn": "plastic", 
                                    "overrides": {}
                                }
                            ]
                        }
                    ], 
                    "root": "RigidBody"
                }, 
                "styles": [
                    {
                        "UUID": "v1:f551a0e2-f9c9-4754-a0e6-0cc8c32e18be", 
                        "name": "Realistic", 
                        "resource": "ChessKnight_f551a0e2-f9c9-4754-a0e6-0cc8c32e18be_chess_knight_realistic"
                    }, 
                    {
                        "UUID": "v1:f551a0e2-f9c9-4754-a0e6-0cc8c32e18be", 
                        "name": "Stylized", 
                        "resource": "ChessKnight_f551a0e2-f9c9-4754-a0e6-0cc8c32e18be_chess_knight_stylized"
                    }, 
                    {
                        "UUID": "v1:f551a0e2-f9c9-4754-a0e6-0cc8c32e18be", 
                        "name": "Iconic", 
                        "resource": "ChessKnight_f551a0e2-f9c9-4754-a0e6-0cc8c32e18be_chess_knight_iconic"
                    }
                ]
            }
        ], 
        "name": "ChessKnight", 
        "presets": [
            {
                "argumentChanges": {
                    "item": {
                        "typeName": "String", 
                        "value": "Chess Knight"
                    }, 
                    "style": {
                        "typeName": "String", 
                        "value": "Stylized"
                    }
                }, 
                "category": "Activities", 
                "description": "Black knight chess piece", 
                "name": "Chess Knight", 
                "subcategory": "Chess", 
                "thumbnail": "com_apple_rc_af_ChessKnight_43a4b75e-d0d5-41a4-9f9d-700076d2b1af_Chess_Knight"
            }
        ], 
        "resourceSize": 17786225, 
        "resources": "com.apple.rc.af.ChessKnight.43a4b75e-d0d5-41a4-9f9d-700076d2b1af"
    }
]