[
    1, 
    {
        "category": "Furnishings", 
        "items": [
            {
                "name": "Bar Stool Round", 
                "ontology": {
                    "desc": [
                        {
                            "feature": "*RigidBodyMaterial", 
                            "featureType": "rigidBody-material", 
                            "value": [
                                {
                                    "builtIn": "wood", 
                                    "overrides": {}
                                }
                            ]
                        }
                    ], 
                    "root": "RigidBody"
                }, 
                "styles": [
                    {
                        "UUID": "v1:daea2e4e-e848-4184-8f63-6abf7e3886a4", 
                        "name": "Realistic", 
                        "resource": "BarStoolRound_daea2e4e-e848-4184-8f63-6abf7e3886a4_stool_bar_round_realistic"
                    }, 
                    {
                        "UUID": "v1:daea2e4e-e848-4184-8f63-6abf7e3886a4", 
                        "name": "Stylized", 
                        "resource": "BarStoolRound_daea2e4e-e848-4184-8f63-6abf7e3886a4_stool_bar_round_stylized"
                    }, 
                    {
                        "UUID": "v1:daea2e4e-e848-4184-8f63-6abf7e3886a4", 
                        "name": "Iconic", 
                        "resource": "BarStoolRound_daea2e4e-e848-4184-8f63-6abf7e3886a4_stool_bar_round_iconic"
                    }
                ]
            }
        ], 
        "name": "BarStoolRound", 
        "presets": [
            {
                "argumentChanges": {
                    "item": {
                        "typeName": "String", 
                        "value": "Bar Stool Round"
                    }, 
                    "style": {
                        "typeName": "String", 
                        "value": "Stylized"
                    }
                }, 
                "category": "Furnishings", 
                "description": "Round bar stool", 
                "name": "Bar Stool Round", 
                "subcategory": "Furniture", 
                "thumbnail": "com_apple_rc_af_BarStoolRound_593e3727-1b06-416c-a7f1-5efd51c9f504_Bar_Stool_Round"
            }
        ], 
        "resourceSize": 18238242, 
        "resources": "com.apple.rc.af.BarStoolRound.593e3727-1b06-416c-a7f1-5efd51c9f504"
    }
]