[
    1, 
    {
        "category": "Nature", 
        "items": [
            {
                "name": "Branch", 
                "ontology": {
                    "desc": [
                        {
                            "feature": "DataType", 
                            "featureType": "rigidBody-shapeType", 
                            "name": "capsule"
                        }, 
                        {
                            "feature": "*RigidBodyMaterial", 
                            "featureType": "rigidBody-material", 
                            "value": [
                                {
                                    "builtIn": "wood", 
                                    "overrides": {}
                                }
                            ]
                        }
                    ], 
                    "root": "RigidBody"
                }, 
                "styles": [
                    {
                        "UUID": "v1:4133cf92-cd41-42d6-a70a-1e6ce4fa4fca", 
                        "name": "Realistic", 
                        "resource": "Branch_4133cf92-cd41-42d6-a70a-1e6ce4fa4fca_branch_piece_1_realistic"
                    }
                ]
            }
        ], 
        "name": "Branch", 
        "presets": [
            {
                "argumentChanges": {
                    "item": {
                        "typeName": "String", 
                        "value": "Branch"
                    }, 
                    "style": {
                        "typeName": "String", 
                        "value": "Realistic"
                    }
                }, 
                "category": "Nature", 
                "description": "Broken branch piece", 
                "name": "Branch", 
                "subcategory": "Scanned", 
                "thumbnail": "com_apple_rc_af_Branch_c52a3744-1e67-4359-ba7c-3cc09afb48b7_Branch"
            }
        ], 
        "resourceSize": 8702264, 
        "resources": "com.apple.rc.af.Branch.c52a3744-1e67-4359-ba7c-3cc09afb48b7"
    }
]