[
    1, 
    {
        "category": "Furnishings", 
        "items": [
            {
                "name": "Dining Table", 
                "ontology": {
                    "desc": [
                        {
                            "feature": "*RigidBodyMaterial", 
                            "featureType": "rigidBody-material", 
                            "value": [
                                {
                                    "builtIn": "wood", 
                                    "overrides": {}
                                }
                            ]
                        }
                    ], 
                    "root": "RigidBody"
                }, 
                "styles": [
                    {
                        "UUID": "v1:736f65a5-6f73-4a5c-afaa-21109ab9efb3", 
                        "name": "Realistic", 
                        "resource": "DiningTable_736f65a5-6f73-4a5c-afaa-21109ab9efb3_table_dining_wood_01_realistic"
                    }, 
                    {
                        "UUID": "v1:736f65a5-6f73-4a5c-afaa-21109ab9efb3", 
                        "name": "Stylized", 
                        "resource": "DiningTable_736f65a5-6f73-4a5c-afaa-21109ab9efb3_table_dining_wood_01_stylized"
                    }, 
                    {
                        "UUID": "v1:736f65a5-6f73-4a5c-afaa-21109ab9efb3", 
                        "name": "Iconic", 
                        "resource": "DiningTable_736f65a5-6f73-4a5c-afaa-21109ab9efb3_table_dining_wood_01_iconic"
                    }
                ]
            }
        ], 
        "name": "DiningTable", 
        "presets": [
            {
                "argumentChanges": {
                    "item": {
                        "typeName": "String", 
                        "value": "Dining Table"
                    }, 
                    "style": {
                        "typeName": "String", 
                        "value": "Stylized"
                    }
                }, 
                "category": "Furnishings", 
                "description": "Rectangular wood dining table", 
                "name": "Dining Table", 
                "subcategory": "Furniture", 
                "thumbnail": "com_apple_rc_af_DiningTable_a97e614b-2c63-4997-8a71-563aa9261a6a_Dining_Table"
            }
        ], 
        "resourceSize": 10499072, 
        "resources": "com.apple.rc.af.DiningTable.a97e614b-2c63-4997-8a71-563aa9261a6a"
    }
]