[
    1, 
    {
        "category": "Food", 
        "items": [
            {
                "name": "Pizza Slice", 
                "ontology": {
                    "desc": [
                        {
                            "feature": "*RigidBodyMaterial", 
                            "featureType": "rigidBody-material", 
                            "value": [
                                {
                                    "builtIn": "wood", 
                                    "overrides": {}
                                }
                            ]
                        }
                    ], 
                    "root": "RigidBody"
                }, 
                "styles": [
                    {
                        "UUID": "v1:5cc38b0f-3e18-45dd-9215-14824525c599", 
                        "name": "Realistic", 
                        "resource": "PizzaSlice_5cc38b0f-3e18-45dd-9215-14824525c599_pizza_pepperoni_slice_1_realistic"
                    }, 
                    {
                        "UUID": "v1:5cc38b0f-3e18-45dd-9215-14824525c599", 
                        "name": "Stylized", 
                        "resource": "PizzaSlice_5cc38b0f-3e18-45dd-9215-14824525c599_pizza_pepperoni_slice_1_stylized"
                    }, 
                    {
                        "UUID": "v1:5cc38b0f-3e18-45dd-9215-14824525c599", 
                        "name": "Iconic", 
                        "resource": "PizzaSlice_5cc38b0f-3e18-45dd-9215-14824525c599_pizza_pepperoni_slice_1_iconic"
                    }
                ]
            }
        ], 
        "name": "PizzaSlice", 
        "presets": [
            {
                "argumentChanges": {
                    "item": {
                        "typeName": "String", 
                        "value": "Pizza Slice"
                    }, 
                    "style": {
                        "typeName": "String", 
                        "value": "Stylized"
                    }
                }, 
                "category": "Food", 
                "description": "Pizza slice", 
                "name": "Pizza Slice", 
                "subcategory": "Meals", 
                "thumbnail": "com_apple_rc_af_PizzaSlice_ac446f0e-837a-432e-96a4-145a39097f20_Pizza_Slice"
            }
        ], 
        "resourceSize": 18369091, 
        "resources": "com.apple.rc.af.PizzaSlice.ac446f0e-837a-432e-96a4-145a39097f20"
    }
]