[
    1, 
    {
        "category": "Activities", 
        "items": [
            {
                "name": "Baseball", 
                "ontology": {
                    "desc": [
                        {
                            "feature": "DataType", 
                            "featureType": "rigidBody-shapeType", 
                            "name": "sphere"
                        }, 
                        {
                            "feature": "*RigidBodyMaterial", 
                            "featureType": "rigidBody-material", 
                            "value": [
                                {
                                    "builtIn": "rubber", 
                                    "overrides": {}
                                }
                            ]
                        }
                    ], 
                    "root": "RigidBody"
                }, 
                "styles": [
                    {
                        "UUID": "v1:bdc53aab-399a-4e09-a0db-e25e33cf992e", 
                        "name": "Realistic", 
                        "resource": "Baseball_bdc53aab-399a-4e09-a0db-e25e33cf992e_ball_baseball_realistic"
                    }, 
                    {
                        "UUID": "v1:bdc53aab-399a-4e09-a0db-e25e33cf992e", 
                        "name": "Stylized", 
                        "resource": "Baseball_bdc53aab-399a-4e09-a0db-e25e33cf992e_ball_baseball_stylized"
                    }, 
                    {
                        "UUID": "v1:bdc53aab-399a-4e09-a0db-e25e33cf992e", 
                        "name": "Iconic", 
                        "resource": "Baseball_bdc53aab-399a-4e09-a0db-e25e33cf992e_ball_baseball_iconic"
                    }
                ]
            }
        ], 
        "name": "Baseball", 
        "presets": [
            {
                "argumentChanges": {
                    "item": {
                        "typeName": "String", 
                        "value": "Baseball"
                    }, 
                    "style": {
                        "typeName": "String", 
                        "value": "Stylized"
                    }
                }, 
                "category": "Activities", 
                "description": "Baseball", 
                "name": "Baseball", 
                "subcategory": "Sports", 
                "thumbnail": "com_apple_rc_af_Baseball_d0bdfeb7-e5f0-4a58-9279-ace01b8d5a77_Baseball"
            }
        ], 
        "resourceSize": 19262964, 
        "resources": "com.apple.rc.af.Baseball.d0bdfeb7-e5f0-4a58-9279-ace01b8d5a77"
    }
]