[
    1, 
    {
        "category": "Arts", 
        "items": [
            {
                "name": "Quarter Note", 
                "ontology": {
                    "desc": [
                        {
                            "feature": "*RigidBodyMaterial", 
                            "featureType": "rigidBody-material", 
                            "value": [
                                {
                                    "builtIn": "plastic", 
                                    "overrides": {}
                                }
                            ]
                        }
                    ], 
                    "root": "RigidBody"
                }, 
                "styles": [
                    {
                        "UUID": "v1:9ccf977b-8719-4d46-a4fa-90d7ebc67fd0", 
                        "name": "Stylized", 
                        "resource": "QuarterNote_9ccf977b-8719-4d46-a4fa-90d7ebc67fd0_musical_note_quarter_stylized"
                    }, 
                    {
                        "UUID": "v1:9ccf977b-8719-4d46-a4fa-90d7ebc67fd0", 
                        "name": "Iconic", 
                        "resource": "QuarterNote_9ccf977b-8719-4d46-a4fa-90d7ebc67fd0_musical_note_quarter_iconic"
                    }
                ]
            }
        ], 
        "name": "QuarterNote", 
        "presets": [
            {
                "argumentChanges": {
                    "item": {
                        "typeName": "String", 
                        "value": "Quarter Note"
                    }, 
                    "style": {
                        "typeName": "String", 
                        "value": "Stylized"
                    }
                }, 
                "category": "Arts", 
                "description": "Quarter music note", 
                "name": "Quarter Note", 
                "subcategory": "Music", 
                "thumbnail": "com_apple_rc_af_QuarterNote_fa5759c0-60d0-4e62-acd7-bc05b2c60137_Quarter_Note"
            }
        ], 
        "resourceSize": 278309, 
        "resources": "com.apple.rc.af.QuarterNote.fa5759c0-60d0-4e62-acd7-bc05b2c60137"
    }
]