[
    1, 
    {
        "category": "Retail", 
        "items": [
            {
                "name": "Price Tag", 
                "ontology": {
                    "desc": [
                        {
                            "feature": "*RigidBodyMaterial", 
                            "featureType": "rigidBody-material", 
                            "value": [
                                {
                                    "builtIn": "wood", 
                                    "overrides": {}
                                }
                            ]
                        }
                    ], 
                    "root": "RigidBody"
                }, 
                "styles": [
                    {
                        "UUID": "v1:b7cd1919-4f3a-4a15-89d2-d1881829fa67", 
                        "name": "Realistic", 
                        "resource": "PriceTag_b7cd1919-4f3a-4a15-89d2-d1881829fa67_tag_paper_realistic"
                    }, 
                    {
                        "UUID": "v1:b7cd1919-4f3a-4a15-89d2-d1881829fa67", 
                        "name": "Stylized", 
                        "resource": "PriceTag_b7cd1919-4f3a-4a15-89d2-d1881829fa67_tag_paper_stylized"
                    }, 
                    {
                        "UUID": "v1:b7cd1919-4f3a-4a15-89d2-d1881829fa67", 
                        "name": "Iconic", 
                        "resource": "PriceTag_b7cd1919-4f3a-4a15-89d2-d1881829fa67_tag_paper_iconic"
                    }
                ]
            }
        ], 
        "name": "PriceTag", 
        "presets": [
            {
                "argumentChanges": {
                    "item": {
                        "typeName": "String", 
                        "value": "Price Tag"
                    }, 
                    "style": {
                        "typeName": "String", 
                        "value": "Stylized"
                    }
                }, 
                "category": "Retail", 
                "description": "Paper tag", 
                "name": "Price Tag", 
                "subcategory": "Shopping", 
                "thumbnail": "com_apple_rc_af_PriceTag_2381ecbf-d319-43d7-b06e-1653d71721ea_Price_Tag"
            }
        ], 
        "resourceSize": 11959313, 
        "resources": "com.apple.rc.af.PriceTag.2381ecbf-d319-43d7-b06e-1653d71721ea"
    }
]