[
    1, 
    {
        "category": "Activities", 
        "items": [
            {
                "name": "Two Ball", 
                "ontology": {
                    "desc": [
                        {
                            "feature": "DataType", 
                            "featureType": "rigidBody-shapeType", 
                            "name": "sphere"
                        }, 
                        {
                            "feature": "*RigidBodyMaterial", 
                            "featureType": "rigidBody-material", 
                            "value": [
                                {
                                    "builtIn": "plastic", 
                                    "overrides": {}
                                }
                            ]
                        }
                    ], 
                    "root": "RigidBody"
                }, 
                "styles": [
                    {
                        "UUID": "v1:5e1e412e-c212-4d14-ab14-743cc722811b", 
                        "name": "Realistic", 
                        "resource": "TwoBall_5e1e412e-c212-4d14-ab14-743cc722811b_ball_pool_two_realistic"
                    }, 
                    {
                        "UUID": "v1:5e1e412e-c212-4d14-ab14-743cc722811b", 
                        "name": "Stylized", 
                        "resource": "TwoBall_5e1e412e-c212-4d14-ab14-743cc722811b_ball_pool_two_stylized"
                    }, 
                    {
                        "UUID": "v1:5e1e412e-c212-4d14-ab14-743cc722811b", 
                        "name": "Iconic", 
                        "resource": "TwoBall_5e1e412e-c212-4d14-ab14-743cc722811b_ball_pool_two_iconic"
                    }
                ]
            }
        ], 
        "name": "TwoBall", 
        "presets": [
            {
                "argumentChanges": {
                    "item": {
                        "typeName": "String", 
                        "value": "Two Ball"
                    }, 
                    "style": {
                        "typeName": "String", 
                        "value": "Stylized"
                    }
                }, 
                "category": "Activities", 
                "description": "Billiards two ball", 
                "name": "Two Ball", 
                "subcategory": "Billiards", 
                "thumbnail": "com_apple_rc_af_TwoBall_d019d628-5de0-4ce6-902d-175033a956f3_Two_Ball"
            }
        ], 
        "resourceSize": 426382, 
        "resources": "com.apple.rc.af.TwoBall.d019d628-5de0-4ce6-902d-175033a956f3"
    }
]