[
    1, 
    {
        "category": "Nature", 
        "items": [
            {
                "name": "Rock 6", 
                "ontology": {
                    "desc": [
                        {
                            "feature": "*RigidBodyMaterial", 
                            "featureType": "rigidBody-material", 
                            "value": [
                                {
                                    "builtIn": "concrete", 
                                    "overrides": {}
                                }
                            ]
                        }
                    ], 
                    "root": "RigidBody"
                }, 
                "styles": [
                    {
                        "UUID": "v1:b56eac3e-5e43-499c-a678-edcab19dfea1", 
                        "name": "Realistic", 
                        "resource": "Rock6_b56eac3e-5e43-499c-a678-edcab19dfea1_rock_pebble_rough_6_realistic"
                    }
                ]
            }
        ], 
        "name": "Rock6", 
        "presets": [
            {
                "argumentChanges": {
                    "item": {
                        "typeName": "String", 
                        "value": "Rock 6"
                    }, 
                    "style": {
                        "typeName": "String", 
                        "value": "Realistic"
                    }
                }, 
                "category": "Nature", 
                "description": "Smooth rock", 
                "name": "Rock 6", 
                "subcategory": "Scanned", 
                "thumbnail": "com_apple_rc_af_Rock6_e35c43a6-39b6-4f85-92fd-79032def9e72_Rock_6"
            }
        ], 
        "resourceSize": 9224926, 
        "resources": "com.apple.rc.af.Rock6.e35c43a6-39b6-4f85-92fd-79032def9e72"
    }
]