[
    1, 
    {
        "category": "Activities", 
        "items": [
            {
                "name": "Field Hockey Stick", 
                "ontology": {
                    "desc": [
                        {
                            "feature": "*RigidBodyMaterial", 
                            "featureType": "rigidBody-material", 
                            "value": [
                                {
                                    "builtIn": "wood", 
                                    "overrides": {}
                                }
                            ]
                        }
                    ], 
                    "root": "RigidBody"
                }, 
                "styles": [
                    {
                        "UUID": "v1:f9490226-827b-4811-9383-c341e8079fb5", 
                        "name": "Realistic", 
                        "resource": "FieldHockeyStick_f9490226-827b-4811-9383-c341e8079fb5_field_hockey_stick_realistic"
                    }, 
                    {
                        "UUID": "v1:f9490226-827b-4811-9383-c341e8079fb5", 
                        "name": "Stylized", 
                        "resource": "FieldHockeyStick_f9490226-827b-4811-9383-c341e8079fb5_field_hockey_stick_stylized"
                    }, 
                    {
                        "UUID": "v1:f9490226-827b-4811-9383-c341e8079fb5", 
                        "name": "Iconic", 
                        "resource": "FieldHockeyStick_f9490226-827b-4811-9383-c341e8079fb5_field_hockey_stick_iconic"
                    }
                ]
            }
        ], 
        "name": "FieldHockeyStick", 
        "presets": [
            {
                "argumentChanges": {
                    "item": {
                        "typeName": "String", 
                        "value": "Field Hockey Stick"
                    }, 
                    "style": {
                        "typeName": "String", 
                        "value": "Stylized"
                    }
                }, 
                "category": "Activities", 
                "description": "Field hockey stick", 
                "name": "Field Hockey Stick", 
                "subcategory": "Sports", 
                "thumbnail": "com_apple_rc_af_FieldHockeyStick_00e54ea8-f6fe-4915-b636-0a32b5614cf2_Field_Hockey_Stick"
            }
        ], 
        "resourceSize": 6552386, 
        "resources": "com.apple.rc.af.FieldHockeyStick.00e54ea8-f6fe-4915-b636-0a32b5614cf2"
    }
]