[
    1, 
    {
        "category": "Activities", 
        "items": [
            {
                "name": "Warp Marble", 
                "ontology": {
                    "desc": [
                        {
                            "feature": "DataType", 
                            "featureType": "rigidBody-shapeType", 
                            "name": "sphere"
                        }, 
                        {
                            "feature": "*RigidBodyMaterial", 
                            "featureType": "rigidBody-material", 
                            "value": [
                                {
                                    "builtIn": "plastic", 
                                    "overrides": {}
                                }
                            ]
                        }
                    ], 
                    "root": "RigidBody"
                }, 
                "styles": [
                    {
                        "UUID": "v1:51e4cb02-6207-44ad-aaac-87f5a284f4b0", 
                        "name": "Realistic", 
                        "resource": "WarpMarble_51e4cb02-6207-44ad-aaac-87f5a284f4b0_marble_warp_01_realistic"
                    }, 
                    {
                        "UUID": "v1:51e4cb02-6207-44ad-aaac-87f5a284f4b0", 
                        "name": "Stylized", 
                        "resource": "WarpMarble_51e4cb02-6207-44ad-aaac-87f5a284f4b0_marble_warp_01_stylized"
                    }, 
                    {
                        "UUID": "v1:51e4cb02-6207-44ad-aaac-87f5a284f4b0", 
                        "name": "Iconic", 
                        "resource": "WarpMarble_51e4cb02-6207-44ad-aaac-87f5a284f4b0_marble_warp_01_iconic"
                    }
                ]
            }
        ], 
        "name": "WarpMarble", 
        "presets": [
            {
                "argumentChanges": {
                    "item": {
                        "typeName": "String", 
                        "value": "Warp Marble"
                    }, 
                    "style": {
                        "typeName": "String", 
                        "value": "Realistic"
                    }
                }, 
                "category": "Activities", 
                "description": "Marble", 
                "name": "Warp Marble", 
                "subcategory": "Games", 
                "thumbnail": "com_apple_rc_af_WarpMarble_8c6aa4a9-ef24-4a6e-b6e8-6ebb21b88eb2_Warp_Marble"
            }
        ], 
        "resourceSize": 6295390, 
        "resources": "com.apple.rc.af.WarpMarble.8c6aa4a9-ef24-4a6e-b6e8-6ebb21b88eb2"
    }
]