[
    1, 
    {
        "category": "Activities", 
        "items": [
            {
                "name": "Chess Rook", 
                "ontology": {
                    "desc": [
                        {
                            "feature": "*RigidBodyMaterial", 
                            "featureType": "rigidBody-material", 
                            "value": [
                                {
                                    "builtIn": "plastic", 
                                    "overrides": {}
                                }
                            ]
                        }
                    ], 
                    "root": "RigidBody"
                }, 
                "styles": [
                    {
                        "UUID": "v1:1ffdccc9-8443-4593-ba5a-ea5b864492eb", 
                        "name": "Realistic", 
                        "resource": "ChessRook_1ffdccc9-8443-4593-ba5a-ea5b864492eb_chess_rook_realistic"
                    }, 
                    {
                        "UUID": "v1:1ffdccc9-8443-4593-ba5a-ea5b864492eb", 
                        "name": "Stylized", 
                        "resource": "ChessRook_1ffdccc9-8443-4593-ba5a-ea5b864492eb_chess_rook_stylized"
                    }, 
                    {
                        "UUID": "v1:1ffdccc9-8443-4593-ba5a-ea5b864492eb", 
                        "name": "Iconic", 
                        "resource": "ChessRook_1ffdccc9-8443-4593-ba5a-ea5b864492eb_chess_rook_iconic"
                    }
                ]
            }
        ], 
        "name": "ChessRook", 
        "presets": [
            {
                "argumentChanges": {
                    "item": {
                        "typeName": "String", 
                        "value": "Chess Rook"
                    }, 
                    "style": {
                        "typeName": "String", 
                        "value": "Stylized"
                    }
                }, 
                "category": "Activities", 
                "description": "Black rook chess piece", 
                "name": "Chess Rook", 
                "subcategory": "Chess", 
                "thumbnail": "com_apple_rc_af_ChessRook_0f4053cf-3b4b-4682-91d9-f053ea6cbedc_Chess_Rook"
            }
        ], 
        "resourceSize": 15216886, 
        "resources": "com.apple.rc.af.ChessRook.0f4053cf-3b4b-4682-91d9-f053ea6cbedc"
    }
]